Length,Height,Weight,Age
1.525,0.4,30.4190135,8.0
1.7,0.475,40.78075575,10.0
1.175,0.3375,13.05494475,8.0
1.5625,0.4625,36.7126025,17.0
1.45,0.4,30.7025085,13.0
1.3,0.375,22.92057075,12.0
1.1,0.3375,12.74310025,8.0
1.125,0.25,12.984071,7.0
1.0,0.225,8.901743,7.0
0.8875,0.2,5.51397775,7.0
1.25,0.3,15.87572,7.0
0.85,0.225,5.03203625,6.0
1.35,0.3125,24.5790165,14.0
1.0875,0.275,10.2908685,11.0
1.2375,0.3625,26.80445225,10.0
1.1375,0.3,13.25339125,14.0
0.725,0.2,3.01922175,7.0
0.9625,0.2375,8.0229085,7.0
1.475,0.3375,29.086587,10.0
1.2875,0.3125,18.9658155,8.0
1.6125,0.525,47.173568,11.0
1.425,0.4125,25.7696955,8.0
1.1,0.325,12.303683,7.0
1.475,0.375,28.27862625,9.0
1.4875,0.4,31.99241075,10.0
1.275,0.35,17.16562225,9.0
1.2625,0.3,16.839603,8.0
1.275,0.35,18.4555245,8.0
1.7375,0.5,50.6605565,12.0
1.4375,0.3125,24.8058125,8.0
1.5625,0.425,32.31843,10.0
1.5,0.4375,25.51455,19.0
1.3,0.3875,19.8729995,8.0
1.5625,0.4375,32.04910975,10.0
1.625,0.4625,37.874932,18.0
1.3,0.3625,16.839603,10.0
1.2625,0.3125,18.75319425,8.0
0.9125,0.2375,6.7188315,7.0
1.4,0.3875,26.08154,10.0
0.925,0.25,7.52679225,7.0
1.1375,0.3375,14.571643,10.0
1.6125,0.5,41.7588135,22.0
1.1625,0.3,14.64251675,8.0
1.2125,0.3,16.71203025,8.0
0.9125,0.2125,6.08096775,6.0
1.1,0.2625,10.4609655,6.0
1.4875,0.375,24.93338525,9.0
1.5,0.3625,31.127751,9.0
1.575,0.4375,33.89182725,13.0
1.525,0.4375,29.18581025,10.0
1.6625,0.4625,45.71356875,11.0
1.4375,0.3875,24.76328825,10.0
0.4875,0.1,1.06310625,4.0
1.7375,0.4,44.80638475,8.0
1.075,0.275,12.28950825,8.0
0.8125,0.2125,5.20213325,6.0
1.475,0.3625,22.75047375,10.0
0.875,0.225,5.06038575,6.0
1.525,0.3875,31.127751,12.0
1.2,0.3,16.85377775,8.0
1.2375,0.3375,17.78931125,10.0
1.5125,0.4125,32.1199835,10.0
0.7375,0.1875,3.005047,6.0
1.1,0.275,10.77281,8.0
1.5,0.4125,34.60056475,10.0
1.2625,0.3125,14.5432935,8.0
1.1125,0.275,9.19941275,8.0
1.4625,0.3625,21.27629975,11.0
1.1,0.275,11.12717875,7.0
1.0,0.2375,8.618248,6.0
0.8125,0.175,4.252425,6.0
1.3625,0.325,22.80717275,8.0
1.2875,0.35,20.3265915,11.0
1.6125,0.4,34.23202125,10.0
1.5625,0.4375,40.9083285,11.0
1.4,0.4,26.01066625,15.0
1.4625,0.4125,29.596878,10.0
0.725,0.1625,2.721552,7.0
1.6,0.3875,32.16250775,10.0
1.6375,0.5125,42.2124055,18.0
1.6375,0.4375,41.900561,10.0
1.525,0.375,35.50774875,16.0
1.2625,0.3125,18.6256215,10.0
0.8375,0.25,5.8116475,7.0
1.675,0.475,43.0628905,8.0
1.1,0.2625,10.24834425,8.0
1.525,0.425,32.2333815,13.0
1.025,0.3125,9.8939755,10.0
1.3125,0.325,21.47474625,11.0
1.375,0.3875,27.5273645,19.0
0.875,0.2375,5.443104,7.0
1.0875,0.275,11.396499,13.0
1.4625,0.3875,24.4089195,9.0
1.575,0.3875,28.36367475,9.0
1.4125,0.275,22.2543575,9.0
0.5875,0.1,1.8994165,4.0
0.9625,0.25,7.27164675,6.0
1.4125,0.4375,26.32251075,11.0
1.2125,0.2625,14.458245,8.0
1.3875,0.4375,21.035329,9.0
0.925,0.2375,7.44174375,11.0
1.125,0.3,11.94931425,7.0
1.5125,0.4125,35.19590425,13.0
1.575,0.4375,34.529691,12.0
1.5625,0.4375,35.6920205,13.0
1.4625,0.375,28.0943545,9.0
1.475,0.425,27.76833525,15.0
1.6375,0.4375,38.725417,11.0
1.525,0.375,31.70891575,12.0
1.375,0.3875,20.184844,9.0
1.5375,0.425,36.18813675,14.0
0.725,0.1625,2.494756,5.0
1.6375,0.4375,41.730464,12.0
0.5125,0.1375,1.077281,5.0
1.45,0.35,27.78251,9.0
1.4875,0.425,31.28367325,9.0
1.1125,0.3125,12.74310025,9.0
1.4875,0.325,23.57260925,9.0
1.525,0.375,32.2333815,10.0
0.8875,0.2125,5.3013565,7.0
0.975,0.225,7.994559,7.0
1.3125,0.4,25.51455,10.0
1.175,0.3,14.07552675,12.0
1.075,0.275,11.6516445,7.0
0.95,0.25,7.1157245,6.0
1.125,0.275,13.36678925,9.0
1.5625,0.4625,35.67784575,10.0
1.05,0.25,11.5382465,7.0
1.25,0.325,18.75319425,8.0
1.325,0.3125,23.85610425,17.0
1.275,0.3375,23.586784,17.0
1.5625,0.4,31.62386725,11.0
1.0375,0.225,8.3631025,7.0
0.9,0.225,6.10931725,6.0
1.6125,0.4,36.47163175,11.0
1.575,0.4375,38.725417,18.0
1.375,0.425,25.060958,15.0
1.45,0.3625,25.69882175,8.0
1.4625,0.3875,24.720764,10.0
0.6875,0.2,2.721552,6.0
0.9375,0.2375,7.144074,6.0
1.175,0.2875,14.3731965,9.0
1.525,0.425,31.70891575,12.0
1.1875,0.375,15.1102835,9.0
1.4375,0.375,27.51318975,9.0
0.8,0.2125,4.819415,6.0
1.6,0.375,32.89959475,11.0
1.2875,0.35,18.5689225,9.0
1.3375,0.375,19.43358225,10.0
1.4875,0.3875,31.6096925,10.0
1.425,0.325,22.77882325,9.0
1.4,0.425,28.91649,10.0
1.5125,0.375,29.01571325,12.0
1.15,0.2875,11.09882925,6.0
1.6375,0.45,38.215126,10.0
1.6125,0.3875,31.75144,10.0
1.325,0.425,22.339406,13.0
0.875,0.2125,5.443104,6.0
1.15,0.3125,13.08329425,8.0
1.225,0.3125,17.84601025,8.0
0.9125,0.2,6.13766675,7.0
1.5,0.425,33.0271675,19.0
1.3,0.3625,22.92057075,12.0
1.5875,0.4375,35.096681,13.0
1.575,0.4875,38.82464025,19.0
0.6,0.1375,2.05533875,7.0
0.9,0.225,6.0384435,8.0
1.525,0.4125,30.94347925,12.0
0.9625,0.25,8.23552975,9.0
1.1875,0.3125,14.8834875,10.0
1.3,0.325,17.463292,9.0
0.925,0.225,5.6699,6.0
1.3125,0.3375,21.829115,8.0
1.65,0.4375,34.8415355,12.0
1.2,0.3125,15.932419,8.0
1.6125,0.4,34.699788,10.0
0.6375,0.175,2.02698925,5.0
1.3625,0.4,24.7491135,15.0
0.8625,0.2625,6.3219385,5.0
1.575,0.3625,30.05047,10.0
1.0625,0.2625,10.27669375,8.0
1.425,0.4375,28.91649,9.0
1.2875,0.3125,18.92329125,9.0
1.45,0.325,22.5378525,9.0
1.375,0.4,25.16018125,20.0
1.125,0.2875,11.169703,7.0
1.6125,0.45,39.98696975,11.0
0.85,0.225,5.03203625,6.0
1.875,0.475,72.4329725,15.0
1.575,0.4125,32.0065855,10.0
1.375,0.35,18.75319425,9.0
1.5,0.4125,31.808139,12.0
1.5625,0.4125,30.4190135,10.0
1.1125,0.35,13.11164375,11.0
0.9,0.2375,6.30776375,7.0
1.425,0.3875,30.51823675,11.0
1.55,0.3625,30.05047,11.0
1.525,0.3875,28.5479465,11.0
1.0125,0.25,9.4970825,8.0
1.0375,0.275,10.886208,8.0
1.6375,0.475,40.24211525,10.0
0.7,0.1875,2.721552,5.0
1.175,0.2875,13.8062065,9.0
1.525,0.4125,30.43318825,13.0
1.3625,0.3625,22.41027975,8.0
1.5375,0.4625,31.25532375,12.0
1.1875,0.3,13.8062065,8.0
1.125,0.3,13.53688625,8.0
1.5875,0.4375,33.8776525,10.0
1.4875,0.4,26.97454925,9.0
1.3875,0.3375,27.78251,9.0
1.0625,0.2625,11.1413535,10.0
1.7125,0.5375,52.34735175,11.0
1.0375,0.2875,9.87980075,9.0
1.5625,0.4125,34.8415355,12.0
1.375,0.425,24.834162,19.0
1.575,0.3875,34.68561325,13.0
1.4875,0.4125,27.0170735,15.0
1.3625,0.3625,23.48756075,8.0
1.075,0.275,10.41844125,8.0
1.225,0.3375,16.76872925,7.0
1.0375,0.25,9.08601475,8.0
1.1625,0.275,12.99824575,8.0
1.75,0.475,52.219779,11.0
1.4,0.3625,24.96173475,11.0
1.125,0.275,12.51630425,8.0
1.575,0.425,39.2440575,11.0
1.4875,0.375,31.581343,11.0
1.1875,0.35,13.8062065,12.0
1.4625,0.4,27.93843225,10.0
0.45,0.1,0.66621325,4.0
0.875,0.2,6.0384435,6.0
1.6,0.3875,42.82191975,10.0
1.65,0.3875,36.61337925,10.0
1.4,0.375,24.720764,9.0
1.175,0.3125,13.22504175,7.0
1.2625,0.3125,17.84601025,8.0
1.225,0.275,16.9246515,9.0
1.4125,0.4125,24.50814275,12.0
1.55,0.375,28.8881405,8.0
1.1375,0.3125,12.9557215,10.0
0.9,0.225,5.06038575,6.0
1.1125,0.325,10.77281,8.0
1.525,0.425,28.76056775,15.0
1.425,0.3625,24.6924145,8.0
0.95,0.25,8.63242275,7.0
0.675,0.2,2.721552,10.0
1.2875,0.3125,15.74814725,9.0
1.4,0.375,27.51318975,8.0
1.375,0.3125,23.88445375,10.0
1.4875,0.45,32.36095425,9.0
1.5,0.4125,32.6869735,12.0
1.675,0.5,38.96638775,12.0
1.2375,0.3,15.6772735,8.0
1.1625,0.2625,12.984071,9.0
1.375,0.3625,24.777463,10.0
1.4375,0.3875,30.0221205,10.0
1.025,0.2375,9.3836845,7.0
1.3125,0.375,20.97863,13.0
1.55,0.4,32.034935,18.0
1.3,0.375,16.9246515,14.0
1.475,0.45,30.40483875,16.0
1.275,0.3,18.69649525,9.0
1.0,0.25,9.695529,7.0
1.3125,0.35,23.51591025,10.0
1.4625,0.3625,31.127751,14.0
1.2625,0.375,25.69882175,13.0
0.9125,0.2375,6.0384435,6.0
1.5625,0.4125,37.15201975,10.0
1.55,0.4,28.64716975,9.0
1.325,0.375,21.75824125,8.0
1.575,0.4125,37.23706825,10.0
0.975,0.225,7.18659825,6.0
1.175,0.3125,12.47378,8.0
1.425,0.4375,25.51455,10.0
1.575,0.425,30.1922175,11.0
1.5625,0.425,33.962701,10.0
1.1,0.275,13.04077,11.0
0.6875,0.2,2.83495,6.0
1.375,0.35,23.09066775,8.0
1.3625,0.4125,21.24795025,19.0
0.5625,0.125,1.54504775,6.0
1.5,0.3875,30.43318825,10.0
1.3,0.2875,17.36406875,8.0
1.5625,0.4125,32.89959475,10.0
0.575,0.175,1.80019325,4.0
1.475,0.3125,24.720764,10.0
1.2875,0.35,22.75047375,11.0
1.25,0.3125,15.43630275,9.0
1.425,0.425,30.674159,14.0
1.65,0.4375,44.74968575,10.0
1.5625,0.4125,37.0527965,11.0
1.1375,0.275,12.37455675,8.0
1.6125,0.425,38.8104655,11.0
1.4625,0.4125,31.638042,9.0
1.8125,0.5,61.3766675,11.0
1.3625,0.375,21.44639675,10.0
1.1875,0.25,14.75591475,8.0
1.6625,0.3875,37.1094955,10.0
1.5125,0.375,30.5891105,21.0
1.3,0.275,18.10115575,8.0
1.4125,0.35,23.855532,10.0
1.6,0.4375,38.55532,20.0
1.15,0.275,13.11164375,8.0
0.575,0.1375,1.31825175,6.0
1.0625,0.325,10.829509,10.0
1.525,0.4125,31.18445,18.0
1.7375,0.4875,44.395317,13.0
1.6,0.4,41.97143475,11.0
0.875,0.225,4.80524025,6.0
1.5125,0.425,37.931631,10.0
1.1,0.3125,12.6722265,8.0
0.4125,0.0875,0.510291,4.0
1.675,0.475,45.7277435,13.0
0.6375,0.1625,1.80019325,4.0
1.3125,0.3625,23.94115275,12.0
1.4375,0.375,22.055911,9.0
1.3625,0.4125,24.9192105,12.0
1.5125,0.3875,29.823674,10.0
1.65,0.4,36.35823375,11.0
1.6125,0.45,43.318036,15.0
1.025,0.2375,9.128539,8.0
1.625,0.425,42.2124055,8.0
1.55,0.4125,29.80949925,27.0
1.0625,0.2875,10.41844125,10.0
0.8,0.2,4.91863825,8.0
1.425,0.3625,27.73998575,13.0
0.9375,0.2375,6.95980225,9.0
1.525,0.4875,37.1094955,17.0
1.325,0.3625,20.921931,13.0
1.275,0.3125,19.20678625,8.0
1.6375,0.4375,39.7743485,21.0
1.1,0.325,12.757275,11.0
1.1,0.2625,11.55242125,7.0
1.4375,0.4125,26.3933845,8.0
1.2125,0.35,16.76872925,9.0
1.675,0.4625,38.8104655,11.0
1.4375,0.4125,31.9498865,17.0
1.1625,0.275,14.17475,8.0
1.4,0.3625,25.7696955,9.0
1.1875,0.2625,14.72756525,9.0
0.9625,0.25,8.23552975,7.0
0.7,0.175,3.1467945,6.0
0.975,0.25,9.19941275,8.0
1.4375,0.375,24.9192105,10.0
1.4,0.3375,22.75047375,8.0
1.5,0.4125,31.127751,10.0
0.95,0.225,7.55514175,7.0
1.325,0.375,21.659018,8.0
1.075,0.275,10.319218,8.0
1.0,0.3,9.695529,7.0
1.2375,0.375,24.79163775,11.0
1.75,0.4375,49.85259575,18.0
1.6125,0.425,38.88133925,12.0
1.0,0.25,7.69688925,8.0
0.9375,0.25,6.2085405,6.0
1.2625,0.3125,18.78154375,8.0
1.675,0.5,46.6916265,21.0
1.475,0.3875,29.7386255,8.0
1.125,0.3,13.437663,9.0
1.175,0.3,13.210867,8.0
1.2375,0.2875,14.44407025,7.0
1.175,0.3125,16.386011,7.0
1.5,0.425,35.11085575,10.0
1.6875,0.4625,47.62716,16.0
1.025,0.2625,10.0073735,8.0
1.475,0.375,24.8625115,9.0
1.5625,0.4375,37.77570875,13.0
1.6,0.4125,38.73959175,11.0
1.2125,0.3125,14.47241975,9.0
1.5625,0.4,32.98464325,11.0
1.125,0.3,10.716111,7.0
1.4375,0.4,26.40755925,14.0
1.3125,0.4375,22.29688175,20.0
1.625,0.4875,38.51279575,9.0
0.775,0.225,3.98310475,11.0
1.575,0.4,30.94347925,10.0
1.0,0.25,9.73805325,7.0
1.3125,0.375,20.87940675,10.0
1.475,0.4125,35.210079,11.0
1.5125,0.45,33.1972645,19.0
1.6125,0.425,38.612019,9.0
1.3125,0.3,16.76872925,10.0
1.4375,0.3875,22.5378525,12.0
1.625,0.425,36.3157095,14.0
1.775,0.5,43.6298805,10.0
1.0875,0.25,9.4970825,7.0
1.425,0.4125,30.674159,21.0
0.8875,0.25,6.08096775,7.0
1.4375,0.3625,27.08794725,12.0
1.525,0.5,37.1094955,11.0
1.4625,0.4875,30.730858,9.0
1.5625,0.3875,28.64716975,10.0
1.5125,0.4,34.5013415,10.0
1.25,0.3625,21.659018,15.0
1.25,0.3125,16.9813505,15.0
1.5,0.375,30.4190135,9.0
1.4375,0.4,28.8314415,9.0
0.9875,0.2,8.845044,7.0
1.4,0.375,24.84833675,9.0
1.4375,0.4125,26.54930675,15.0
1.575,0.4,34.79901125,11.0
1.725,0.5375,45.756093,17.0
1.55,0.4375,30.6458095,9.0
1.425,0.4,28.33532525,9.0
1.425,0.425,26.03901575,14.0
1.3625,0.3625,23.51591025,9.0
1.7625,0.475,48.7327905,11.0
1.35,0.3625,21.38969775,8.0
0.9375,0.25,8.66077225,7.0
0.7875,0.2125,3.6570855,6.0
1.1375,0.3,11.55242125,9.0
1.1,0.3125,12.927372,7.0
1.8,0.55,58.7685135,17.0
0.975,0.2375,7.55514175,7.0
1.4375,0.3625,27.62658775,8.0
1.575,0.425,32.16250775,13.0
1.2,0.325,13.62193475,8.0
1.525,0.425,31.9498865,9.0
1.525,0.3875,28.76056775,9.0
1.2375,0.2875,17.5483405,9.0
1.5125,0.4375,31.071052,17.0
1.625,0.425,38.96638775,11.0
1.4875,0.35,24.607366,9.0
0.975,0.2375,7.9095105,7.0
1.475,0.375,27.6974615,9.0
1.375,0.375,25.27357925,10.0
0.6375,0.1625,2.608154,7.0
1.45,0.3875,29.9087225,10.0
1.4,0.375,25.51455,8.0
1.275,0.325,18.01610725,9.0
1.4875,0.4,28.7180435,10.0
1.425,0.3625,25.67047225,10.0
0.5875,0.125,1.38271825,4.0
0.9875,0.2,8.8733935,7.0
1.65,0.45,51.7378375,10.0
0.4375,0.1125,0.75126175,5.0
1.0875,0.2625,10.035723,7.0
1.05,0.25,10.44679075,7.0
1.3625,0.375,25.44367625,12.0
0.9,0.2375,6.066793,5.0
1.3125,0.35,20.638436,13.0
1.125,0.275,11.226402,8.0
0.8125,0.2125,4.80524025,6.0
1.5625,0.4375,30.91512975,11.0
1.375,0.425,23.756881,9.0
1.5125,0.3875,32.50270175,10.0
1.4,0.325,20.28406725,11.0
1.3,0.3625,17.61921425,13.0
1.4125,0.375,26.63435525,13.0
1.1,0.275,10.73028575,8.0
1.5625,0.475,37.42134,20.0
1.6125,0.475,39.02308675,11.0
1.5875,0.4375,37.194544,20.0
1.4,0.3875,23.870279,12.0
1.575,0.4625,35.25260325,16.0
1.1,0.3125,11.89261525,9.0
1.45,0.35,25.8830935,9.0
0.8,0.225,4.72019175,6.0
1.5,0.4375,35.81959325,10.0
1.1,0.275,11.7650425,6.0
1.25,0.3,17.02387475,8.0
1.175,0.2625,12.6722265,11.0
1.3125,0.375,20.184844,13.0
1.875,0.575,58.7685135,11.0
1.5,0.4125,33.849303,10.0
1.5125,0.4375,34.7848365,13.0
0.625,0.15,2.16873675,6.0
1.2875,0.3125,13.33843975,12.0
1.625,0.4125,37.32211675,13.0
0.7,0.2,2.59397925,5.0
1.5625,0.4125,31.6096925,9.0
1.45,0.4125,27.28639375,14.0
1.6,0.4375,41.00755175,11.0
1.45,0.425,28.36367475,14.0
1.3125,0.3125,18.4555245,9.0
1.6125,0.4,36.117263,11.0
1.3,0.3125,17.95940825,9.0
1.5375,0.425,34.8415355,10.0
1.7,0.45,42.807745,10.0
1.375,0.3375,20.0430965,8.0
1.1375,0.2875,13.39513875,14.0
1.575,0.375,34.5013415,10.0
1.1875,0.3,13.90542975,9.0
0.4375,0.1375,0.66621325,6.0
1.5625,0.3625,27.8108595,9.0
1.05,0.2625,10.30504325,7.0
0.6875,0.2,3.89805625,5.0
0.975,0.225,9.468733,7.0
1.25,0.3375,14.55746825,8.0
1.5375,0.4125,36.61337925,11.0
1.5375,0.4875,40.24211525,10.0
1.175,0.3,14.18892475,8.0
1.7125,0.5,50.6605565,8.0
1.425,0.4125,25.51455,9.0
1.6125,0.3875,37.3765,11.0
1.3375,0.3375,20.41164,8.0
0.9875,0.2125,7.144074,7.0
1.5875,0.4375,34.9549335,13.0
1.3875,0.3375,23.7285315,9.0
1.125,0.3125,13.8062065,8.0
1.375,0.4,22.92057075,9.0
1.55,0.4125,36.61337925,11.0
0.9375,0.25,7.98038425,7.0
1.425,0.3625,28.22192725,11.0
1.5,0.375,27.499015,10.0
1.3875,0.4125,25.684647,10.0
1.5625,0.4,31.808139,10.0
1.5,0.4,25.67047225,9.0
1.5625,0.4125,32.034935,10.0
1.5625,0.4,30.5324115,10.0
0.4125,0.0625,0.69456275,4.0
1.45,0.375,26.32251075,10.0
0.75,0.15,4.082328,6.0
1.4,0.4,31.75144,12.0
1.3625,0.3125,22.21183325,15.0
1.5375,0.4375,36.25532375,18.0
1.0125,0.225,9.25611175,6.0
1.3625,0.35,21.4038725,9.0
1.4625,0.375,27.9242575,9.0
1.375,0.325,20.638436,9.0
1.375,0.325,19.85882475,15.0
1.575,0.4125,33.9910505,9.0
1.4375,0.3625,23.983677,8.0
1.525,0.4125,33.46658475,10.0
1.4625,0.375,26.7902775,9.0
1.575,0.425,31.638042,11.0
1.55,0.4125,35.19590425,11.0
0.75,0.225,3.67126025,6.0
1.15,0.25,14.571643,8.0
1.175,0.3125,14.16057525,9.0
1.0375,0.25,9.19941275,7.0
1.8,0.5125,47.8823055,11.0
1.5625,0.4,34.9549335,15.0
1.1875,0.3,14.72756525,8.0
1.3875,0.425,21.58814425,9.0
1.0375,0.25,8.66077225,7.0
1.2125,0.35,14.69921575,8.0
1.1875,0.25,14.2030995,7.0
0.925,0.225,6.463686,6.0
0.8,0.1875,3.27436725,6.0
1.625,0.4125,37.98833,11.0
1.6375,0.4375,37.1094955,16.0
0.525,0.1375,1.13398,5.0
1.125,0.3125,15.932419,9.0
1.175,0.3,14.571643,9.0
1.4,0.4,26.2799865,9.0
1.6125,0.3875,35.777069,23.0
1.5,0.4,37.98833,14.0
1.7625,0.5,47.18774275,10.0
1.675,0.475,39.02308675,16.0
1.4625,0.4,29.0582375,9.0
1.175,0.2875,17.4349425,10.0
0.8,0.1875,4.309124,9.0
1.5375,0.4125,37.77570875,18.0
1.5875,0.4125,32.0065855,10.0
1.625,0.45,36.47163175,10.0
1.025,0.3125,9.48290775,11.0
1.375,0.3375,20.1564945,9.0
1.2125,0.3125,17.349894,11.0
1.4625,0.375,26.80445225,9.0
0.8375,0.2,4.91863825,11.0
1.6,0.3875,32.205032,9.0
1.8,0.5,55.46579675,17.0
1.4375,0.4,24.28134675,17.0
1.4375,0.375,29.15746075,11.0
1.3625,0.375,18.75319425,15.0
1.5375,0.425,37.03862175,14.0
1.1625,0.3,13.39513875,9.0
1.2625,0.425,21.70154225,13.0
1.4375,0.475,25.51455,17.0
1.6,0.4125,37.11590275,14.0
1.1375,0.25,12.94154675,8.0
1.0875,0.275,10.2908685,10.0
1.5625,0.4375,32.16250775,10.0
0.9625,0.2375,7.93786,7.0
1.4875,0.4375,34.79901125,17.0
1.0625,0.2375,10.3475675,6.0
1.475,0.375,24.08290025,8.0
1.625,0.4375,39.81687275,18.0
0.675,0.2,3.005047,9.0
0.825,0.1625,3.6003865,6.0
1.6125,0.4375,39.76017375,16.0
0.875,0.1875,6.13766675,6.0
1.3,0.3375,21.1203775,9.0
0.9625,0.2375,7.81028725,7.0
1.2125,0.3,15.365429,9.0
1.6375,0.4375,38.51279575,10.0
1.7625,0.45,44.38114225,14.0
1.4875,0.35,28.50542225,14.0
1.5875,0.375,34.5013415,8.0
0.7375,0.1875,3.67126025,7.0
0.6,0.1625,2.0128145,5.0
1.125,0.2875,12.28950825,8.0
1.625,0.4125,37.9032815,10.0
1.4625,0.4,26.1665885,10.0
1.1875,0.25,11.7650425,7.0
0.9875,0.25,8.15048125,7.0
1.0875,0.275,11.60912025,8.0
1.3,0.3,16.76872925,9.0
1.625,0.4625,39.19318375,11.0
1.275,0.3,17.02387475,13.0
1.375,0.375,24.9192105,10.0
1.1,0.2875,14.7133905,9.0
1.2125,0.3125,16.8112535,10.0
1.0125,0.25,8.618248,7.0
1.525,0.425,34.06192425,11.0
1.1,0.275,12.6722265,8.0
1.625,0.4375,35.98969025,12.0
0.9375,0.1875,6.59125875,6.0
1.6125,0.425,41.80133775,11.0
1.65,0.45,33.3106625,11.0
1.525,0.4625,38.215126,24.0
1.4125,0.3,25.84056925,8.0
1.5125,0.3875,27.45649075,11.0
1.5,0.45,38.55532,13.0
1.325,0.35,19.57532975,9.0
1.2625,0.325,18.27125275,9.0
1.45,0.375,24.5790165,8.0
1.2,0.2625,17.4349425,8.0
1.6375,0.375,36.85435,14.0
1.0375,0.2625,9.07184,7.0
1.6125,0.4375,37.1094955,15.0
1.1125,0.275,12.99824575,7.0
1.5875,0.4375,35.22425375,10.0
1.075,0.2375,10.4609655,7.0
1.275,0.3125,17.7184375,10.0
1.5,0.4,29.426781,9.0
1.625,0.4375,36.117263,10.0
1.4375,0.3625,28.98736375,19.0
1.725,0.4875,47.86813075,10.0
0.4,0.0625,0.5953395,4.0
0.675,0.175,2.83495,6.0
1.5125,0.35,26.251637,9.0
1.6125,0.5,42.2124055,11.0
1.65,0.475,40.89123725,21.0
1.5625,0.4125,32.78619675,10.0
1.5125,0.4,30.333965,13.0
1.0875,0.3,10.716111,7.0
1.45,0.4,30.1922175,9.0
0.7375,0.2125,3.67126025,5.0
0.9,0.2375,6.98815175,6.0
1.6,0.4125,38.725417,10.0
1.625,0.4125,39.405805,9.0
1.15,0.2625,14.72756525,7.0
1.1875,0.2875,14.004653,10.0
1.0625,0.3125,11.43902325,9.0
1.3125,0.35,16.5277585,8.0
1.7,0.4875,50.745605,13.0
1.0,0.225,7.95203475,7.0
1.575,0.425,32.33260475,11.0
1.2375,0.3125,15.09610875,11.0
1.675,0.4375,39.70347475,13.0
0.5125,0.1375,0.89300925,5.0
1.175,0.3,15.43630275,8.0
1.625,0.475,43.02036625,11.0
1.225,0.3125,18.27125275,11.0
1.275,0.3125,16.91047675,8.0
1.3125,0.325,21.0069795,10.0
1.575,0.475,35.4652245,16.0
1.7,0.475,45.7277435,17.0
1.475,0.3875,28.05183025,8.0
1.1375,0.25,12.927372,8.0
1.1125,0.3,11.94931425,10.0
1.5625,0.425,32.31843,11.0
1.4375,0.3875,30.51823675,11.0
1.3,0.35,17.349894,9.0
1.5,0.4,28.44872325,9.0
1.0875,0.2375,8.57572375,7.0
1.55,0.45,33.6508565,10.0
1.3,0.325,17.7184375,8.0
1.55,0.3875,31.56716825,10.0
1.1875,0.35,13.8062065,11.0
1.4625,0.3625,26.26581175,10.0
0.7375,0.1875,3.3168915,6.0
1.3125,0.3,14.81261375,8.0
1.65,0.4125,34.8415355,9.0
1.4375,0.3875,31.5529935,10.0
1.525,0.425,30.94347925,12.0
1.7125,0.4375,40.86580425,10.0
1.425,0.4,26.818627,15.0
1.45,0.3875,26.2232875,8.0
1.425,0.3625,26.52095725,16.0
0.875,0.2125,5.556502,7.0
1.5125,0.4375,34.8415355,9.0
0.675,0.2,2.59397925,6.0
1.525,0.4125,32.16250775,12.0
1.3625,0.3375,21.9708625,11.0
1.1,0.275,10.41844125,10.0
1.2625,0.3,17.50581625,9.0
1.0375,0.25,9.31281075,7.0
1.6875,0.4,42.354153,9.0
1.2,0.35,13.90542975,9.0
1.2125,0.35,16.7120303,8.0
0.6875,0.175,3.38776525,5.0
1.2125,0.3625,16.6978555,8.0
1.5125,0.3625,27.499015,9.0
1.575,0.375,31.22697425,18.0
1.525,0.375,32.16250775,8.0
1.5375,0.3875,29.540179,9.0
0.9875,0.275,8.674947,7.0
1.4625,0.4125,30.6458095,11.0
1.35,0.35,22.75047375,14.0
1.55,0.4,30.94347925,12.0
1.3625,0.3625,24.720764,10.0
1.6125,0.5,57.16676675,20.0
1.5,0.425,31.22697425,13.0
0.7875,0.175,4.2807745,5.0
1.625,0.4125,35.6920205,14.0
1.4,0.375,26.308336,11.0
0.875,0.2,5.6699,6.0
1.625,0.4375,42.297454,10.0
1.4625,0.3625,31.127751,14.0
1.425,0.4,24.040376,8.0
1.3,0.2875,18.86659225,11.0
0.8125,0.225,7.2858215,6.0
1.25,0.3125,18.01610725,7.0
1.375,0.375,23.7285315,9.0
1.4375,0.4,28.19357775,8.0
1.525,0.4125,29.993771,12.0
1.4,0.4,28.576296,12.0
1.1,0.325,12.94154675,10.0
1.2125,0.325,16.953001,10.0
1.375,0.3,23.88445375,11.0
1.4,0.375,24.76328825,9.0
0.875,0.2,6.4353365,6.0
1.4,0.3125,22.12678475,10.0
1.1625,0.2875,13.267566,7.0
1.4375,0.375,24.437269,10.0
1.6125,0.5,39.56172725,17.0
1.5,0.4,25.51455,9.0
1.45,0.3375,24.67823975,10.0
1.325,0.325,20.638436,8.0
1.6625,0.4125,39.405805,17.0
1.6375,0.3875,38.78114975,11.0
0.875,0.225,5.10291,11.0
1.6125,0.4875,36.25532375,13.0
0.7,0.15,2.8066005,6.0
1.5375,0.4,31.581343,9.0
0.9125,0.2125,5.06038575,6.0
1.5625,0.4125,30.51823675,17.0
1.3125,0.3375,16.96717575,10.0
1.4625,0.35,24.1821235,11.0
1.2,0.275,14.855138,8.0
1.225,0.3,16.11669075,15.0
1.625,0.375,35.096681,11.0
1.25,0.2625,15.252031,9.0
1.1,0.3,12.190285,8.0
0.9,0.2,5.6415505,6.0
1.4,0.4,20.638436,9.0
1.0375,0.25,9.19941275,7.0
1.3625,0.3625,19.43358225,9.0
1.5,0.375,31.127751,10.0
1.625,0.5,45.68521925,13.0
1.625,0.5125,39.41997975,10.0
1.0125,0.275,12.91319725,8.0
1.4125,0.3625,26.251637,9.0
0.8,0.1875,4.5642695,6.0
0.95,0.2375,7.994559,6.0
1.6,0.525,41.39027,11.0
1.0125,0.225,7.58349125,7.0
1.5375,0.4125,29.653577,9.0
1.1625,0.2875,12.91319725,9.0
1.625,0.4625,36.7126025,10.0
0.9,0.2375,5.6415505,6.0
1.625,0.4,38.82464025,10.0
1.0625,0.25,12.99824575,8.0
1.4,0.375,27.51318975,15.0
1.3,0.3625,20.184844,10.0
1.4375,0.3625,26.2232875,12.0
1.025,0.225,7.49844275,7.0
0.575,0.1125,1.13398,4.0
1.2875,0.3,15.3937785,8.0
1.05,0.25,9.07184,6.0
0.9875,0.225,7.98038425,6.0
1.5625,0.4125,31.333965,17.0
1.125,0.2875,13.08329425,8.0
1.375,0.375,23.37416275,12.0
1.475,0.425,27.499015,11.0
1.2125,0.3,14.81261375,8.0
1.5625,0.4125,32.13415825,8.0
1.4375,0.375,27.51318975,9.0
1.375,0.4,25.9397925,8.0
0.9375,0.25,7.98038425,6.0
1.45,0.4375,26.32251075,14.0
1.5125,0.375,28.91649,9.0
1.5125,0.375,35.096681,13.0
1.7125,0.4875,50.8306535,11.0
1.525,0.35,31.70891575,13.0
1.55,0.4375,33.8776525,10.0
0.5,0.125,1.304077,6.0
1.6,0.4775,36.38658325,18.0
1.6375,0.425,40.25629,11.0
1.15,0.3,14.0330025,8.0
1.375,0.375,23.09066775,9.0
1.25,0.3,18.75319425,9.0
0.875,0.2625,5.556502,7.0
0.8625,0.2125,5.5848515,6.0
1.5,0.4,31.62386725,11.0
1.4625,0.375,33.8776525,14.0
0.875,0.175,5.10291,6.0
1.2625,0.3125,17.50581625,15.0
1.825,0.5,53.6656035,11.0
1.7625,0.5,43.6298805,13.0
1.2625,0.2875,13.154168,7.0
1.6875,0.4375,43.488133,12.0
1.4875,0.35,27.612413,10.0
1.475,0.3625,26.932025,10.0
1.3125,0.3375,18.597272,9.0
1.525,0.425,30.51823675,10.0
1.1875,0.325,14.44407025,9.0
1.15,0.3125,14.07552675,8.0
1.25,0.425,23.09066775,8.0
1.325,0.375,27.8108595,13.0
1.0875,0.25,11.77921725,7.0
0.725,0.125,3.01922175,5.0
1.1875,0.275,11.963489,8.0
1.1875,0.3,17.463292,7.0
1.6125,0.425,31.808139,10.0
1.3,0.375,18.71067,10.0
1.45,0.4,32.16250775,8.0
1.1875,0.2625,14.35902175,8.0
1.225,0.2875,14.004653,9.0
1.0875,0.3,12.813974,8.0
0.9,0.25,6.1518415,7.0
0.6875,0.2,2.8066005,3.0
0.675,0.1625,2.16873675,5.0
1.525,0.475,34.302895,11.0
1.625,0.475,38.11590275,13.0
1.55,0.4625,34.983283,10.0
0.7,0.175,3.005047,4.0
1.575,0.375,32.715323,11.0
0.6625,0.175,2.79242575,6.0
1.5,0.4125,30.4609655,14.0
1.325,0.325,22.58037675,9.0
1.3125,0.3125,20.3265915,9.0
1.075,0.3125,11.43902325,10.0
1.325,0.3625,25.287754,10.0
1.7,0.5,42.2124055,11.0
1.25,0.3,15.03940975,9.0
1.4375,0.3375,24.323871,10.0
1.125,0.2875,14.118051,8.0
1.4125,0.3625,24.5790165,10.0
1.6125,0.425,34.23202125,10.0
1.525,0.4375,31.3261975,11.0
0.95,0.25,7.9095105,7.0
1.5125,0.4125,31.51046925,14.0
0.925,0.2125,6.27941425,7.0
1.6125,0.475,44.111822,10.0
1.725,0.45,44.22522,12.0
0.9625,0.25,9.015141,7.0
1.8,0.4875,57.16676675,11.0
1.15,0.2875,12.48795475,7.0
1.15,0.275,13.04077,8.0
1.6125,0.325,33.5941575,9.0
1.0375,0.35,11.07047975,9.0
1.025,0.2625,9.808927,8.0
1.475,0.4125,27.8675585,12.0
1.075,0.2625,10.33339275,6.0
1.3875,0.375,27.895908,12.0
1.6625,0.4375,38.215126,11.0
1.7,0.4375,34.62891425,16.0
1.4625,0.375,26.932025,15.0
1.4625,0.3625,26.1098895,10.0
1.4,0.35,28.689694,19.0
1.4125,0.375,26.54930675,9.0
1.6,0.425,31.22697425,10.0
1.25,0.2875,14.0330025,7.0
1.5375,0.475,38.22930075,13.0
0.975,0.225,9.63883,7.0
0.9875,0.2375,8.32057825,6.0
1.0375,0.25,7.6260155,8.0
1.5875,0.4625,36.61337925,10.0
1.4375,0.375,24.73493875,8.0
0.9125,0.25,6.98815175,6.0
1.4375,0.4,31.127751,11.0
1.4,0.375,26.251637,9.0
1.4875,0.375,32.16250775,11.0
1.4875,0.425,30.7592075,14.0
1.5,0.4125,32.1199835,16.0
1.325,0.35,17.70426275,11.0
0.95,0.225,7.72523875,8.0
1.175,0.2875,13.267566,7.0
1.6125,0.475,51.199197,12.0
0.95,0.2375,6.64795775,7.0
0.6875,0.175,2.664853,7.0
1.2,0.375,18.540573,9.0
1.0125,0.25,7.9095105,11.0
1.6125,0.4875,38.00250475,12.0
0.975,0.25,7.9095105,7.0
0.975,0.25,7.087375,7.0
0.825,0.225,5.1312595,6.0
0.7125,0.1625,3.04757125,6.0
1.575,0.4375,37.32211675,13.0
1.525,0.375,35.19590425,10.0
1.5,0.4,29.44095575,9.0
1.0875,0.3,11.226402,8.0
1.1,0.275,12.6155275,9.0
1.45,0.4,26.46425825,15.0
1.2875,0.3,16.7120303,9.0
1.2,0.3125,15.49300175,8.0
1.625,0.3875,43.02036625,11.0
0.7875,0.2125,4.63514325,8.0
1.3125,0.2625,18.44134975,9.0
0.9375,0.2125,6.7188315,7.0
1.45,0.45,26.63435525,10.0
1.625,0.375,39.2073585,8.0
1.2625,0.3625,18.80989325,9.0
0.9375,0.2375,6.4353365,7.0
1.2125,0.3125,15.195332,8.0
0.6625,0.2,2.2963095,4.0
1.3125,0.3125,16.386011,9.0
0.8375,0.2,6.42116175,7.0
1.325,0.3,18.7957185,9.0
1.0125,0.3,10.829509,7.0
0.5125,0.1125,0.77961125,5.0
1.225,0.3,16.1308655,7.0
1.55,0.4125,33.89182725,11.0
1.4,0.4,23.11901725,16.0
1.425,0.4,27.68328675,13.0
1.3,0.325,15.87572,11.0
1.325,0.375,19.17843675,9.0
1.1,0.3125,13.08329425,9.0
1.6,0.4,33.46658475,9.0
1.1,0.325,13.267566,8.0
1.0875,0.2375,11.89261525,7.0
0.9375,0.2,7.72523875,5.0
1.475,0.3125,25.7129965,10.0
1.3125,0.35,20.921931,13.0
0.7,0.2125,3.41611475,5.0
1.4625,0.3875,29.07241225,13.0
1.675,0.4375,45.88366575,11.0
1.5125,0.475,37.1094955,17.0
1.575,0.375,32.16250775,9.0
1.4375,0.4125,31.127751,14.0
0.825,0.225,6.1518415,9.0
1.0375,0.2625,9.185238,8.0
1.55,0.3875,33.8209535,9.0
1.375,0.3125,24.36639525,8.0
1.575,0.4,36.117263,10.0
1.5625,0.4375,38.00250475,9.0
1.15,0.275,13.08329425,8.0
1.2375,0.35,17.50581625,8.0
1.25,0.35,20.41164,8.0
1.6125,0.45,37.32211675,11.0
1.5875,0.3875,34.6147395,9.0
1.325,0.375,22.792998,15.0
1.45,0.4125,27.555714,9.0
1.55,0.375,32.601925,10.0
1.4,0.4,24.62154075,9.0
1.4375,0.375,24.84833675,15.0
1.425,0.4,25.44367625,17.0
1.425,0.3625,25.51455,8.0
1.4875,0.375,34.6147395,16.0
1.1875,0.3125,15.83319575,8.0
1.4,0.3625,26.01066625,9.0
1.125,0.3125,14.78426425,8.0
1.2,0.325,17.8885345,8.0
1.4,0.4125,22.92057075,12.0
0.525,0.1375,1.0489315,5.0
1.4125,0.3625,21.715717,8.0
1.5125,0.375,22.92057075,9.0
0.8625,0.2375,6.95980225,7.0
1.6625,0.4375,40.41221225,11.0
0.5625,0.2125,1.927766,5.0
1.875,0.4625,63.389482,11.0
1.475,0.3875,28.803092,12.0
0.8625,0.25,6.23689,6.0
1.325,0.3875,23.85610425,12.0
0.775,0.175,3.24601775,5.0
0.8125,0.225,6.44951125,7.0
1.5625,0.4125,34.65726375,14.0
0.675,0.2,2.36718325,5.0
0.9375,0.25,10.19164525,7.0
1.8,0.4375,49.384829,11.0
1.15,0.325,15.87572,8.0
0.6875,0.175,2.62232875,7.0
1.2125,0.3125,17.08057375,8.0
1.1625,0.275,14.2030995,8.0
1.45,0.35,24.6924145,10.0
1.4,0.4125,31.581343,12.0
1.65,0.5125,42.2124055,18.0
1.5625,0.4375,35.3518265,22.0
0.7,0.1875,3.27436725,5.0
1.3,0.2625,18.313777,8.0
0.9,0.225,5.59902625,7.0
1.25,0.3625,18.61144675,10.0
1.4625,0.325,23.09066775,10.0
0.6375,0.1375,2.0695135,5.0
1.475,0.4125,29.7386255,15.0
1.1625,0.3,12.7856245,8.0
1.375,0.375,22.92057075,8.0
0.8875,0.225,6.7188315,6.0
1.4125,0.3375,22.92057075,11.0
1.175,0.325,16.25843825,8.0
1.375,0.3625,25.86891875,13.0
1.3125,0.325,17.19397175,8.0
1.0875,0.2875,10.886208,7.0
1.3125,0.325,17.4349425,8.0
1.675,0.45,43.02036625,11.0
1.6875,0.5,43.87085125,10.0
1.375,0.3125,19.901349,9.0
1.7,0.4625,39.745999,14.0
1.6125,0.475,38.0733785,11.0
1.4875,0.425,25.798045,11.0
1.375,0.35,24.720764,10.0
1.5125,0.425,31.56716825,14.0
1.5375,0.3625,29.766975,10.0
1.4875,0.3,28.576296,14.0
1.3125,0.3125,18.5689225,8.0
1.45,0.3875,22.80717275,10.0
1.575,0.4,38.82464025,10.0
1.3125,0.3625,20.0430965,10.0
0.8125,0.225,4.3941725,9.0
1.4625,0.375,24.9192105,10.0
0.9625,0.25,7.92368525,6.0
1.525,0.4875,31.127751,14.0
1.45,0.425,25.35862775,13.0
1.2,0.3125,15.1102835,10.0
1.6875,0.4375,44.80638475,11.0
1.25,0.3125,17.50581625,9.0
0.9875,0.2625,9.298636,6.0
1.225,0.275,14.69921575,8.0
1.425,0.4125,28.803092,10.0
1.1,0.275,9.25611175,8.0
1.375,0.325,20.0997955,8.0
1.7625,0.5,54.260943,16.0
1.375,0.3875,22.1409595,11.0
1.55,0.4125,32.10580875,10.0
1.475,0.4125,24.6357155,10.0
0.9625,0.2375,6.56290925,8.0
1.7375,0.55,49.34230475,20.0
1.25,0.375,18.597272,17.0
1.2125,0.3125,14.69921575,10.0
1.45,0.375,30.957654,10.0
1.325,0.375,20.19901875,8.0
1.1125,0.325,12.417081,6.0
1.7125,0.4875,50.95822625,16.0
1.375,0.4,24.59319125,8.0
1.3625,0.375,21.72989175,7.0
1.5625,0.4125,29.44095575,13.0
1.675,0.4375,47.58463575,13.0
1.2125,0.3375,18.27125275,8.0
1.625,0.475,38.51279575,10.0
0.7375,0.225,3.9972795,6.0
1.6125,0.5,38.782116,15.0
1.4375,0.375,28.22192725,10.0
1.6625,0.4125,35.777069,16.0
1.1375,0.35,14.18892475,11.0
1.525,0.425,31.127751,14.0
1.2125,0.3625,22.5378525,16.0
1.5625,0.4125,33.8776525,14.0
1.2875,0.3875,18.313777,14.0
1.075,0.275,10.375917,9.0
1.4,0.4,20.3265915,8.0
1.45,0.375,26.12406425,10.0
1.175,0.3125,13.36678925,8.0
1.4375,0.4625,29.21415975,12.0
1.6375,0.475,36.61337925,11.0
1.725,0.425,44.338618,14.0
0.8125,0.1875,4.309124,5.0
1.35,0.375,27.499015,16.0
0.7875,0.1875,4.12485225,6.0
1.725,0.45,43.0628905,13.0
1.525,0.425,29.80949925,10.0
1.475,0.3625,29.3417325,9.0
1.55,0.4,31.51046925,9.0
0.9375,0.25,6.64795775,7.0
1.5625,0.4125,34.5013415,11.0
1.625,0.45,47.513762,10.0
1.425,0.375,27.71163625,9.0
1.2875,0.375,24.720764,9.0
0.925,0.2125,6.7188315,6.0
1.1625,0.3,14.78426425,8.0
1.4625,0.3625,24.0687255,9.0
1.625,0.4875,37.1094955,13.0
1.25,0.2875,14.004653,9.0
1.6625,0.4,43.885026,16.0
1.525,0.4125,32.545226,11.0
0.7125,0.1625,3.6003865,5.0
0.9375,0.2625,6.95980225,6.0
1.475,0.375,27.895908,13.0
0.875,0.2125,9.25611175,7.0
1.5,0.3875,31.22697425,12.0
1.1,0.3125,11.09882925,8.0
1.5625,0.3375,32.034935,8.0
1.55,0.4375,33.622507,10.0
1.325,0.375,19.27766,10.0
1.2375,0.3625,18.9658155,11.0
1.0875,0.2625,12.94154675,7.0
1.6875,0.4625,49.2630815,11.0
1.0,0.2625,9.7238785,8.0
1.4875,0.4375,31.808139,10.0
1.6,0.425,38.71124225,11.0
1.325,0.325,21.829115,14.0
1.5625,0.4375,33.38153625,11.0
1.55,0.425,34.79901125,13.0
1.4625,0.425,29.44095575,9.0
1.675,0.4875,41.730464,13.0
0.875,0.2125,5.10291,6.0
0.8125,0.225,4.082328,9.0
1.3125,0.3375,21.092028,10.0
1.3125,0.3875,20.76600875,6.0
1.375,0.35,20.751834,12.0
1.6,0.4625,46.6916265,15.0
0.9,0.225,6.066793,6.0
0.7,0.1875,3.04757125,4.0
1.125,0.3125,15.66309875,9.0
1.2,0.3,16.23008875,8.0
1.425,0.375,29.937072,9.0
1.1375,0.3,12.74310025,13.0
1.475,0.3875,29.49765475,11.0
0.875,0.225,5.7549485,6.0
0.6375,0.1625,2.36718325,6.0
1.7625,0.5125,50.2636635,11.0
1.3,0.3875,20.3265915,19.0
1.3,0.3,16.5277585,8.0
1.675,0.5,49.8100715,14.0
1.45,0.375,25.004259,8.0
1.775,0.4875,55.735117,25.0
0.7125,0.1625,2.84912475,7.0
1.775,0.375,41.39027,12.0
1.6125,0.5,41.20678625,20.0
1.5375,0.425,30.40483875,10.0
0.875,0.275,6.64795775,12.0
1.4875,0.4125,34.37376875,19.0
1.6125,0.4,35.84794275,11.0
1.1375,0.275,12.6722265,7.0
1.625,0.4125,40.1145425,11.0
1.4625,0.3125,21.58814425,11.0
1.175,0.3375,17.50581625,15.0
1.3,0.35,26.138239,9.0
1.425,0.3875,30.6458095,14.0
1.2625,0.3375,20.19901875,11.0
0.9125,0.25,7.824462,8.0
1.175,0.3125,14.2030995,13.0
1.125,0.2875,11.55242125,8.0
1.3375,0.4125,22.11261,16.0
1.525,0.375,29.5118295,10.0
1.475,0.4125,31.2694985,9.0
1.1875,0.3375,16.99552525,7.0
1.525,0.4125,30.1922175,9.0
1.5,0.375,32.16250775,10.0
1.4875,0.4125,27.1304715,13.0
1.5625,0.375,34.74231225,9.0
1.375,0.325,22.5378525,9.0
1.45,0.3875,26.20911275,8.0
1.2875,0.35,17.916884,12.0
1.3875,0.4,28.02348075,11.0
0.925,0.225,5.45727875,6.0
1.875,0.5125,49.59745025,11.0
0.675,0.1625,2.83495,5.0
1.5125,0.4125,32.16250775,11.0
1.575,0.4125,37.137845,9.0
1.45,0.4375,29.9654215,10.0
1.375,0.375,24.73493875,9.0
1.3625,0.3875,28.3778495,12.0
1.225,0.3,15.37960375,9.0
1.375,0.35,21.16290175,10.0
1.2875,0.325,19.15008725,8.0
1.25,0.3125,16.42853525,10.0
1.175,0.3375,16.9813505,9.0
1.075,0.2625,10.375917,6.0
1.15,0.2875,12.757275,8.0
1.5625,0.475,34.8415355,16.0
0.9375,0.2375,7.994559,6.0
1.45,0.3375,19.83047525,10.0
1.5625,0.3625,34.60056475,9.0
1.3,0.325,16.45688475,9.0
1.1,0.3,10.21999475,6.0
0.5375,0.1375,1.88524175,5.0
1.5,0.4375,39.22153325,16.0
1.25,0.325,17.90270925,12.0
1.6375,0.4,38.6403685,9.0
1.5125,0.3875,30.03629525,11.0
1.0375,0.275,11.169703,8.0
1.3125,0.375,27.385617,23.0
1.475,0.4625,24.73493875,12.0
1.5125,0.3875,28.803092,8.0
1.875,0.475,55.23900075,11.0
1.5625,0.4625,45.85259575,10.0
1.45,0.425,31.18445,10.0
1.3,0.2875,15.49300175,9.0
1.425,0.3625,27.9809565,12.0
1.4625,0.3125,27.0170735,9.0
1.125,0.3,10.886208,6.0
1.525,0.375,32.488527,11.0
1.65,0.4625,45.23162725,15.0
1.5,0.3875,31.0994015,10.0
1.175,0.3125,13.53688625,9.0
1.6125,0.425,35.98969025,10.0
1.5625,0.425,38.71124225,15.0
0.725,0.15,3.16096925,6.0
0.7375,0.2125,3.86970675,7.0
1.125,0.2625,12.6722265,8.0
1.15,0.35,13.56523575,9.0
1.3625,0.3,21.58814425,8.0
1.25,0.3875,22.75047375,12.0
1.5125,0.375,30.40483875,9.0
1.475,0.375,31.75144,9.0
0.9375,0.25,7.95203475,6.0
1.3125,0.375,20.93610575,10.0
1.175,0.325,16.51358375,9.0
1.175,0.2625,13.56523575,7.0
1.025,0.275,12.6722265,10.0
1.4625,0.375,31.18445,11.0
1.7375,0.4875,55.23900075,9.0
1.475,0.4,28.91649,11.0
1.175,0.325,14.81261375,7.0
1.3125,0.375,19.85882475,8.0
1.2625,0.35,15.43630275,8.0
1.7125,0.4875,43.431434,10.0
1.25,0.35,17.95940825,10.0
1.7625,0.5,50.81647875,9.0
1.2,0.3,17.50581625,7.0
1.425,0.375,24.834162,10.0
1.5375,0.4125,28.50542225,16.0
1.6125,0.4125,37.32211675,19.0
1.3375,0.375,21.0069795,10.0
1.6625,0.35,36.35823375,9.0
1.0625,0.275,10.432616,9.0
1.525,0.375,30.5891105,9.0
1.5875,0.4125,34.9549335,9.0
1.1875,0.3125,12.54465375,9.0
1.5625,0.4625,36.137845,15.0
1.3,0.325,18.01610725,8.0
1.675,0.425,34.26037075,11.0
0.6375,0.15,2.3530085,5.0
1.4375,0.4,31.59551775,10.0
1.475,0.375,24.834162,10.0
1.4125,0.3125,26.32251075,13.0
1.575,0.45,33.962701,13.0
1.3,0.3375,17.76096175,8.0
1.3125,0.35,19.74542675,9.0
1.55,0.425,33.40988575,13.0
1.6375,0.4625,38.55532,9.0
1.5125,0.5125,33.89182725,16.0
1.1,0.2875,12.74310025,8.0
1.5875,0.4125,32.31843,19.0
0.8625,0.1875,5.2446575,8.0
0.5,0.125,1.020582,4.0
1.5625,0.4125,31.62386725,10.0
0.875,0.2125,5.556502,8.0
0.7375,0.175,3.67126025,5.0
1.5875,0.3875,32.89959475,20.0
1.225,0.3125,18.257078,8.0
1.4125,0.3875,26.138239,11.0
1.075,0.225,11.8217415,9.0
1.425,0.3625,23.88445375,9.0
1.75,0.475,46.67745175,10.0
1.625,0.4125,41.00755175,10.0
1.375,0.4,24.76328825,12.0
1.3,0.3375,17.463292,9.0
1.175,0.3125,13.05494475,14.0
0.675,0.1625,3.005047,6.0
1.3,0.35,22.5378525,10.0
1.325,0.325,22.01338675,9.0
1.6125,0.425,38.82464025,11.0
1.3875,0.375,27.17299575,11.0
1.325,0.375,20.19901875,13.0
0.9625,0.225,8.60407325,7.0
1.475,0.4125,30.03629525,10.0
1.1125,0.3,11.8217415,6.0
1.65,0.4,36.69842775,10.0
0.825,0.1625,3.67126025,6.0
1.55,0.3875,28.10852925,10.0
1.5875,0.4625,35.98969025,12.0
1.5125,0.4,30.14969325,10.0
1.2,0.3,13.494362,8.0
0.85,0.2,5.6415505,7.0
1.7125,0.4875,41.8722115,11.0
1.5875,0.4125,37.74735925,11.0
1.625,0.475,38.88133925,9.0
1.2875,0.3125,17.33571925,9.0
0.8,0.225,5.1312595,6.0
0.5,0.1,1.28990225,3.0
1.1875,0.2625,13.45183775,10.0
1.4625,0.35,26.4500835,9.0
1.8625,0.5375,53.28288525,11.0
1.2,0.325,14.67086625,9.0
0.9,0.225,6.30776375,6.0
1.4375,0.4875,27.158821,16.0
1.55,0.425,33.0838665,10.0
1.4875,0.375,28.7180435,8.0
1.625,0.5625,45.92619,16.0
1.0875,0.275,10.39009175,8.0
1.1375,0.2625,14.004653,7.0
0.6375,0.1625,2.608154,6.0
1.325,0.325,20.0430965,9.0
1.525,0.4125,34.5013415,8.0
0.65,0.1625,3.38776525,5.0
1.2875,0.3125,17.4349425,8.0
0.8125,0.175,3.4302895,6.0
1.4375,0.3875,21.659018,11.0
1.2375,0.3125,17.42076775,8.0
1.1625,0.3625,17.44911725,17.0
1.25,0.3875,18.937466,9.0
1.2875,0.3125,17.95940825,8.0
1.35,0.35,21.829115,9.0
0.375,0.1125,0.510291,4.0
0.5875,0.125,1.54504775,5.0
1.5625,0.425,34.8415355,15.0
1.5875,0.4125,42.2124055,14.0
1.4875,0.4375,32.98464325,12.0
1.4375,0.3875,29.86619825,11.0
1.3625,0.375,23.09066775,9.0
1.2875,0.3125,15.3937785,8.0
1.4125,0.3625,29.937072,9.0
1.6125,0.4,39.95862025,10.0
1.525,0.475,35.0116325,18.0
1.2125,0.3,15.26620575,8.0
1.325,0.3625,18.6256215,10.0
1.0375,0.25,10.27669375,7.0
0.7,0.2125,3.04757125,7.0
1.4375,0.4625,29.9087225,10.0
1.2875,0.3125,17.19397175,10.0
1.375,0.3125,18.69649525,9.0
1.5625,0.4,31.90736225,11.0
1.6,0.45,36.570855,11.0
1.0875,0.275,10.4042665,8.0
1.2,0.275,13.721158,8.0
1.175,0.3,13.267566,9.0
1.4375,0.375,22.21183325,11.0
0.7125,0.1875,2.608154,5.0
1.4,0.35,27.9667818,11.0
1.55,0.425,32.998818,13.0
1.725,0.4875,53.4388075,10.0
1.6625,0.5625,42.354153,18.0
1.45,0.4125,25.58542375,14.0
1.5625,0.375,27.1871705,9.0
0.775,0.2125,3.89805625,8.0
1.0875,0.275,11.5382465,9.0
1.175,0.2875,13.16834275,10.0
1.4875,0.3875,27.82503425,10.0
1.0875,0.275,11.89261525,8.0
1.425,0.3625,25.344453,9.0
1.65,0.475,43.6298805,11.0
1.65,0.425,39.7743485,9.0
1.05,0.25,9.8372765,7.0
1.3125,0.325,17.179797,10.0
1.1,0.275,11.89261525,7.0
1.5625,0.4625,34.9549335,9.0
1.65,0.5,41.95726,11.0
1.45,0.3625,24.67823975,11.0
1.5625,0.3875,28.50542225,9.0
1.4,0.3875,22.1976585,9.0
1.3125,0.325,19.6462035,9.0
1.575,0.375,33.0271675,10.0
1.1625,0.3,15.23785625,13.0
1.325,0.35,23.00561925,10.0
1.1125,0.3,13.08329425,8.0
1.375,0.3375,22.97726975,10.0
1.6875,0.4875,49.25725625,10.0
1.3375,0.3375,22.6512505,13.0
1.525,0.45,31.59551775,14.0
1.375,0.4125,26.988724,13.0
1.025,0.25,9.19941275,8.0
1.625,0.4625,39.179009,16.0
1.5,0.4125,29.97959625,12.0
1.525,0.475,36.7126025,17.0
1.4625,0.375,27.78251,8.0
1.4125,0.375,26.988724,9.0
1.4375,0.3125,27.68328675,10.0
1.8,0.5,50.6605565,23.0
1.4125,0.45,27.9242575,15.0
1.25,0.275,16.45688475,8.0
1.1625,0.3,13.36678925,10.0
1.5,0.3875,31.19862475,9.0
1.125,0.2875,13.53688625,10.0
1.3625,0.3125,17.08057375,9.0
1.0875,0.2625,11.09882925,8.0
1.6375,0.4375,38.78154375,16.0
0.2875,0.0625,0.5953395,4.0
1.6875,0.45,43.02036625,12.0
1.1875,0.2875,18.07280625,7.0
1.6125,0.4,35.777069,11.0
1.325,0.35,18.1153305,8.0
1.725,0.5,44.4803655,10.0
1.1625,0.2875,14.75591475,12.0
1.2375,0.35,13.53688625,8.0
1.5,0.3875,28.36367475,16.0
1.15,0.3,11.7083435,11.0
1.2625,0.3375,19.15008725,8.0
0.325,0.075,0.3580555,4.0
1.6125,0.4375,38.48444625,11.0
1.2375,0.35,17.5483405,9.0
1.375,0.3,16.896302,8.0
1.7625,0.45,45.74191825,11.0
1.175,0.3,13.22504175,8.0
1.5,0.4,34.5013415,29.0
1.5125,0.3625,34.5013415,12.0
1.675,0.475,42.921143,21.0
0.975,0.2375,8.0229085,6.0
1.4125,0.3,20.638436,8.0
1.45,0.3625,25.2027055,12.0
1.35,0.3375,23.85610425,15.0
0.5625,0.1,1.23320325,3.0
1.1625,0.2375,11.35397475,6.0
1.45,0.3875,29.6819265,11.0
1.2125,0.3,14.571643,8.0
0.7,0.1625,3.30271675,7.0
1.1375,0.275,12.51630425,9.0
1.4,0.4,25.0326085,11.0
1.05,0.275,9.1001895,6.0
1.15,0.3125,12.757275,8.0
1.025,0.25,7.314171,6.0
1.225,0.325,15.74814725,9.0
1.4,0.4125,25.16018125,16.0
1.175,0.2625,13.53688625,8.0
1.6625,0.4375,38.82464025,10.0
1.1875,0.275,12.587178,8.0
1.6125,0.4875,46.096287,10.0
1.5,0.4125,29.44095575,9.0
1.5,0.3875,34.6147395,13.0
0.7125,0.2,2.83495,6.0
1.4125,0.3,20.87940675,9.0
1.3125,0.3875,23.43086175,12.0
1.6375,0.425,36.55668025,10.0
1.2,0.3,14.81261375,9.0
0.4,0.1125,0.75126175,6.0
1.6375,0.425,40.44056175,15.0
1.625,0.475,49.99434325,21.0
1.375,0.3625,23.926978,23.0
0.875,0.225,5.10291,6.0
1.2125,0.3,15.8473705,8.0
1.1,0.3,12.4454305,8.0
1.55,0.4125,33.29648775,9.0
1.0875,0.25,10.27669375,7.0
1.1,0.3125,11.3398,7.0
0.5,0.0625,0.97805775,5.0
1.4875,0.4875,27.11629675,11.0
0.975,0.25,7.55514175,8.0
1.1125,0.3375,13.8062065,9.0
1.2,0.3125,13.90542975,9.0
1.375,0.3,19.85882475,9.0
1.4,0.375,24.08290025,11.0
0.925,0.2125,5.443104,8.0
1.4375,0.35,25.7696955,10.0
1.5,0.45,31.18445,11.0
0.7375,0.2125,3.89805625,7.0
1.7125,0.475,47.513762,13.0
1.0125,0.2875,9.07184,7.0
1.3125,0.2625,24.38057,8.0
0.975,0.225,8.12213175,7.0
1.7875,0.475,47.4854125,11.0
1.45,0.425,30.51823675,12.0
1.35,0.35,21.035329,8.0
1.4125,0.4125,23.48756075,8.0
1.575,0.3875,33.40988575,10.0
1.5625,0.4,32.2333815,11.0
1.5,0.4125,26.63435525,9.0
1.45,0.3625,24.2955215,9.0
0.525,0.125,1.304077,4.0
1.6,0.425,37.74735925,13.0
1.5625,0.4,27.59823825,9.0
1.425,0.3,22.5378525,13.0
0.9375,0.2375,7.98038425,7.0
1.7125,0.425,43.30386125,13.0
1.325,0.375,23.7285315,9.0
1.55,0.35,30.7592075,9.0
1.0125,0.225,9.28446125,9.0
1.35,0.45,20.0430965,8.0
1.1,0.25,9.51125725,9.0
1.5375,0.3875,31.581343,9.0
1.5625,0.3875,33.55163325,9.0
1.2875,0.3125,18.1153305,8.0
1.5125,0.4,26.01066625,12.0
1.1875,0.325,16.51358375,8.0
1.3625,0.35,23.17571625,9.0
0.775,0.175,3.6003865,7.0
1.6375,0.4125,44.09764725,13.0
1.4625,0.35,25.69882175,11.0
1.225,0.2875,14.69921575,15.0
1.45,0.3625,25.33027825,10.0
1.6125,0.3875,32.21920675,8.0
1.25,0.3125,16.2442635,10.0
1.0375,0.3,9.355335,11.0
1.4125,0.35,24.153774,9.0
0.9625,0.25,7.72523875,7.0
1.45,0.4125,30.51823675,9.0
1.0375,0.325,8.9300925,9.0
1.05,0.3,8.12213175,7.0
1.2,0.35,14.118051,8.0
1.325,0.3,20.921931,10.0
1.475,0.3625,26.08154,11.0
1.6375,0.475,38.73959175,10.0
1.625,0.4125,32.95629375,15.0
1.4625,0.425,24.8058125,9.0
1.425,0.3625,26.251637,8.0
0.8875,0.225,6.4920355,7.0
1.2125,0.325,18.01610725,8.0
1.225,0.3375,17.53416575,9.0
1.55,0.4125,28.44872325,9.0
1.6,0.4375,41.4753185,12.0
1.3125,0.3375,22.339406,13.0
0.875,0.2125,5.34388075,6.0
0.5125,0.125,1.13398,4.0
1.4375,0.3375,20.28406725,9.0
1.35,0.35,24.8058125,9.0
1.4,0.4,24.834162,11.0
1.1625,0.2875,13.551061,8.0
1.5375,0.4125,38.68289275,15.0
1.6875,0.5125,50.2636635,12.0
1.4125,0.4,32.601925,10.0
1.125,0.2875,14.514944,10.0
1.4875,0.375,26.03901575,11.0
1.025,0.2375,9.36950975,7.0
1.3625,0.3625,22.80717275,12.0
1.425,0.3625,26.97454925,9.0
1.4,0.4625,29.95124675,11.0
1.4375,0.35,26.46425825,10.0
1.6125,0.4125,37.364641,10.0
1.3375,0.45,24.834162,11.0
1.4625,0.4125,26.40755925,8.0
1.45,0.375,31.808139,10.0
1.575,0.4375,37.32211675,11.0
1.6,0.4375,43.21881275,14.0
1.525,0.375,27.499015,29.0
1.1625,0.2875,13.437663,11.0
1.025,0.225,9.93649975,6.0
1.55,0.475,38.85298975,15.0
1.525,0.4125,32.6302745,9.0
1.45,0.3875,28.576296,12.0
1.475,0.3125,31.127751,11.0
1.4125,0.375,24.097075,11.0
1.6125,0.45,39.3774555,12.0
1.375,0.325,19.1926115,10.0
0.7375,0.1875,3.86970675,10.0
0.9625,0.225,7.04485075,6.0
1.5625,0.3875,30.1922175,9.0
1.1875,0.3125,16.386011,9.0
1.3875,0.3375,22.169309,12.0
1.5375,0.4,30.51823675,12.0
0.6125,0.15,2.721552,5.0
1.6,0.4375,35.50774875,15.0
0.5125,0.1375,1.48834875,4.0
0.8125,0.2,4.592619,7.0
1.4875,0.4125,28.44872325,18.0
0.9875,0.225,7.72523875,7.0
1.5,0.4375,31.2694985,22.0
0.7625,0.15,4.20990075,6.0
0.8125,0.1875,3.33106625,5.0
1.6,0.45,38.9805625,11.0
1.55,0.4125,35.67552675,12.0
1.35,0.35,25.51455,13.0
1.5875,0.4125,36.117263,11.0
0.775,0.2375,4.86193925,9.0
1.2125,0.3125,15.71979775,10.0
1.6625,0.475,38.7537665,9.0
1.375,0.4,25.3728025,9.0
1.525,0.4375,35.19590425,9.0
1.425,0.3375,23.48756075,11.0
1.3125,0.3625,21.035329,8.0
1.475,0.375,27.76833525,11.0
1.2875,0.3375,19.23513575,9.0
1.025,0.2625,9.4970825,7.0
1.7,0.55,45.92619,11.0
1.025,0.2625,8.9867915,8.0
0.7125,0.175,2.2396105,5.0
1.3,0.375,17.95940825,15.0
0.9625,0.25,7.58349125,8.0
1.25,0.275,13.62193475,11.0
1.1,0.275,12.984071,9.0
1.5625,0.4875,31.51046925,15.0
1.475,0.375,32.16250775,13.0
1.6625,0.4875,46.13881125,13.0
1.05,0.2625,10.33339275,7.0
1.35,0.3375,20.354941,9.0
1.575,0.4,40.41221225,10.0
1.6375,0.425,38.88133925,11.0
1.5625,0.3875,38.51279575,10.0
0.875,0.2125,5.31553125,6.0
1.1875,0.3625,16.85377775,12.0
1.3,0.3125,20.79435825,9.0
1.4875,0.35,25.344453,9.0
1.65,0.4,37.1094955,12.0
1.65,0.4125,41.23434775,9.0
0.6875,0.225,2.8066005,6.0
1.2375,0.3375,17.7751365,10.0
1.5,0.4,32.205032,12.0
1.575,0.3875,33.40988575,11.0
0.7,0.1875,3.38776525,5.0
1.1,0.3125,12.68640125,14.0
0.95,0.25,6.53455975,7.0
1.3125,0.3875,19.83047525,8.0
0.9625,0.2125,7.21494775,6.0
1.6375,0.45,36.117263,12.0
1.0875,0.275,10.33339275,8.0
1.1875,0.3125,16.0174675,9.0
0.9625,0.1875,6.066793,6.0
1.75,0.5375,60.6962795,17.0
1.475,0.35,30.0221205,9.0
1.35,0.375,24.7491135,10.0
1.55,0.4375,37.15201975,13.0
0.75,0.225,3.55786225,4.0
1.5375,0.375,32.07745925,9.0
1.65,0.45,43.02036625,11.0
1.1,0.275,12.34620725,10.0
1.2125,0.325,16.51358375,11.0
1.25,0.3125,14.07552675,12.0
1.55,0.4875,37.77570875,16.0
1.475,0.4,31.90736225,11.0
1.625,0.4125,37.137845,11.0
0.325,0.0875,0.510291,4.0
1.0875,0.275,12.9557215,8.0
1.125,0.275,12.6722265,8.0
1.2375,0.325,18.030282,8.0
1.3,0.3125,20.241543,15.0
1.1,0.2875,12.54465375,13.0
1.225,0.325,18.12950525,8.0
1.625,0.4125,38.9805625,18.0
1.0,0.225,8.618248,7.0
1.1625,0.3,12.68640125,8.0
1.6875,0.475,47.58463575,17.0
1.0625,0.2625,10.44679075,7.0
1.2375,0.3,14.0330025,6.0
1.3125,0.3625,15.6772735,9.0
1.625,0.4,34.74231225,9.0
1.4125,0.375,24.76328825,9.0
1.575,0.4125,32.5168765,10.0
1.4375,0.35,27.895908,15.0
1.3,0.4,18.27125275,11.0
1.025,0.2375,7.72523875,8.0
1.475,0.3375,27.612413,9.0
1.4625,0.375,26.63435525,11.0
1.575,0.5375,42.28327925,16.0
1.2625,0.3125,20.41164,10.0
1.15,0.2625,12.37455675,7.0
1.4125,0.3625,26.80445225,11.0
1.625,0.4375,37.74735925,10.0
1.425,0.3375,24.323871,20.0
1.625,0.475,38.68289275,14.0
1.75,0.5125,49.5265765,12.0
1.175,0.3,14.13222575,8.0
1.4875,0.35,27.9809565,9.0
1.4125,0.325,23.019794,10.0
1.55,0.425,34.7848365,16.0
1.6375,0.4625,46.096287,11.0
0.875,0.225,5.5848515,7.0
1.5375,0.4125,28.64716975,12.0
1.375,0.3125,20.08562075,9.0
1.325,0.325,21.035329,8.0
1.1875,0.2875,13.13999325,7.0
1.125,0.35,14.52911875,12.0
1.425,0.3625,25.7129965,12.0
1.45,0.3875,29.0582375,13.0
1.3,0.35,17.293195,9.0
1.5,0.4125,33.8776525,18.0
1.1375,0.25,11.1413535,8.0
1.75,0.475,47.740558,18.0
1.4625,0.4375,31.18445,20.0
0.6875,0.175,2.8066005,6.0
0.525,0.125,1.190679,5.0
1.4375,0.3375,22.41027975,12.0
0.6375,0.15,2.0128145,4.0
0.8375,0.225,5.783298,6.0
1.575,0.3875,34.91240925,9.0
1.5125,0.4375,38.96638775,14.0
1.4875,0.4125,24.323871,9.0
1.025,0.225,9.63883,6.0
0.5625,0.125,1.60174675,5.0
1.55,0.45,33.8776525,16.0
1.6875,0.4875,47.86813075,11.0
1.125,0.225,10.19164525,7.0
1.0125,0.25,8.901743,7.0
1.575,0.3875,33.26813825,11.0
1.65,0.45,44.9906565,11.0
1.2875,0.3,18.313777,10.0
1.5625,0.425,31.79396425,15.0
1.3875,0.3875,24.28134675,15.0
1.1625,0.325,13.02659525,12.0
1.6875,0.5,40.1145425,10.0
1.4125,0.3875,24.6357155,10.0
0.9625,0.225,7.824462,7.0
1.325,0.45,27.0737725,14.0
0.9,0.2125,5.7549485,6.0
1.3,0.35,19.901349,10.0
0.6,0.15,2.16873675,7.0
1.35,0.35,23.2698925,9.0
1.1875,0.3125,13.494362,11.0
1.675,0.4375,34.359594,10.0
1.425,0.3625,26.988724,12.0
0.6375,0.1625,2.3530085,2.0
1.625,0.45,36.69842775,9.0
1.8,0.4875,60.66793,10.0
1.15,0.275,12.68640125,7.0
1.475,0.3625,26.535132,9.0
1.5125,0.475,34.6147395,18.0
1.8125,0.5,49.34230475,11.0
1.575,0.4,30.3623145,10.0
1.575,0.4375,36.35823375,8.0
0.35,0.0875,0.29766975,5.0
1.525,0.475,34.68561325,24.0
1.2875,0.35,19.731252,10.0
1.45,0.35,23.85610425,9.0
1.0625,0.275,11.15552825,8.0
1.6875,0.4375,40.63900825,12.0
1.2125,0.275,15.2236815,8.0
1.5875,0.4125,34.529691,10.0
1.2875,0.35,18.0019325,10.0
1.6625,0.4375,43.02036625,11.0
0.95,0.25,7.10154975,7.0
1.5375,0.3375,32.72949775,10.0
1.4,0.375,24.323871,10.0
1.425,0.4,30.94347925,8.0
1.65,0.475,39.41997975,11.0
1.4375,0.3875,27.45649075,11.0
1.4625,0.425,30.05047,11.0
1.4375,0.3875,25.8830935,9.0
1.6,0.4125,37.42134,10.0
1.4375,0.3625,23.09066775,8.0
1.125,0.3125,14.38737125,8.0
1.4125,0.3,20.93610575,9.0
1.55,0.4,33.5374585,9.0
1.8,0.5125,53.6089045,13.0
1.45,0.325,25.51455,12.0
1.575,0.45,34.26037075,12.0
1.3625,0.4125,22.169309,9.0
1.55,0.3875,37.194544,16.0
0.5625,0.125,1.45999925,5.0
1.3625,0.35,23.37416275,8.0
1.525,0.4125,28.2644515,9.0
1.0875,0.2625,10.4042665,10.0
1.4375,0.3625,24.67823975,9.0
0.475,0.125,0.89300925,5.0
1.45,0.375,24.33804575,8.0
1.5,0.475,31.808139,15.0
0.725,0.2,3.16096925,5.0
1.1,0.275,10.2908685,8.0
1.65,0.5,40.97920225,11.0
1.3,0.4,23.85610425,12.0
1.275,0.3125,19.447757,9.0
1.4125,0.35,21.50309575,10.0
1.4875,0.4,27.499015,10.0
1.1,0.3125,12.2753335,6.0
1.3625,0.35,19.74542675,10.0
1.4,0.3875,28.81726675,10.0
1.4,0.3125,20.638436,7.0
0.875,0.225,5.71242425,6.0
1.55,0.45,33.43823525,10.0
1.5625,0.475,38.215126,14.0
1.2,0.3125,15.35125425,9.0
1.6,0.4125,34.1611475,11.0
1.6125,0.475,37.0527965,18.0
1.5125,0.375,28.576296,11.0
1.15,0.3,14.118051,7.0
1.45,0.3625,24.67823975,11.0
1.1,0.25,9.93649975,7.0
1.6125,0.475,34.60056475,13.0
1.55,0.4125,35.0116325,10.0
0.8375,0.2125,5.23048275,7.0
1.525,0.45,34.9549335,15.0
1.6,0.4,43.318036,12.0
1.2375,0.3125,18.01610725,10.0
1.5125,0.425,32.205032,15.0
1.5625,0.4,34.302895,9.0
1.45,0.45,27.895908,13.0
1.45,0.425,24.6924145,8.0
1.825,0.5625,49.32813,11.0
1.3375,0.375,19.4761065,9.0
1.375,0.35,21.21960075,9.0
1.5625,0.4125,34.58639,10.0
1.3125,0.3625,27.76833525,13.0
1.5875,0.4,37.1094955,13.0
0.825,0.225,5.1879585,5.0
1.275,0.3125,18.14368,7.0
1.15,0.225,12.6722265,7.0
0.925,0.2,5.5848515,12.0
1.6125,0.4375,41.39027,10.0
0.8375,0.25,7.55514175,8.0
1.6,0.5,38.20095125,12.0
1.4875,0.375,24.67823975,9.0
1.6375,0.475,38.55532,20.0
1.7125,0.4375,43.1762885,13.0
1.3875,0.375,24.73493875,9.0
1.625,0.4375,36.61337925,10.0
1.525,0.4,31.3261975,8.0
0.8375,0.225,5.3013565,7.0
0.825,0.1625,4.6209685,6.0
1.125,0.25,11.850091,8.0
1.55,0.3875,29.540179,14.0
1.3125,0.4,24.84833675,15.0
1.45,0.4,28.462898,10.0
0.9875,0.225,8.17883075,7.0
1.5625,0.4375,36.4291075,11.0
1.225,0.2875,13.8062065,11.0
1.55,0.3875,31.638042,11.0
1.375,0.3875,23.51591025,12.0
1.6875,0.45,43.02036625,10.0
1.4,0.3875,22.5945515,7.0
1.625,0.4375,37.874932,11.0
1.3125,0.325,23.7285315,9.0
1.625,0.475,46.67745175,11.0
0.8875,0.225,5.0745605,6.0
0.8125,0.2375,4.86193925,6.0
1.2875,0.35,20.071446,9.0
1.2625,0.3125,16.839603,9.0
1.3875,0.375,24.67823975,8.0
1.75,0.475,50.972401,11.0
1.5375,0.4,28.3495,11.0
1.225,0.3125,16.726205,7.0
1.5375,0.3875,30.8726055,13.0
1.675,0.5,41.4753185,14.0
1.4,0.375,20.0430965,8.0
1.375,0.3375,23.48756075,15.0
0.6625,0.2,2.83495,5.0
1.625,0.425,39.405805,11.0
1.4125,0.3625,22.736299,11.0
1.3,0.375,20.241543,10.0
1.3125,0.4,21.87163925,15.0
1.5875,0.4,30.17804275,11.0
1.5125,0.4125,33.12639075,10.0
0.8375,0.2125,4.29494925,7.0
1.3,0.4,25.51455,13.0
1.6875,0.4125,43.1762885,19.0
1.55,0.4375,34.6147395,10.0
1.45,0.3375,24.8058125,16.0
1.7,0.5,50.6605565,9.0
1.6125,0.4375,44.21104525,10.0
0.7,0.2,3.16096925,6.0
1.425,0.3625,25.86891875,9.0
1.4625,0.425,32.13415825,11.0
1.2,0.3,18.12950525,8.0
1.45,0.3125,27.51318975,9.0
1.5625,0.45,38.215126,12.0
1.475,0.3625,31.22697425,9.0
1.5625,0.3625,32.89959475,8.0
1.4375,0.3875,33.89182725,10.0
1.1,0.3,11.77921725,7.0
1.3125,0.3375,22.89222125,11.0
1.075,0.2625,10.33339275,7.0
0.5625,0.125,0.907184,4.0
1.5875,0.4375,37.137845,10.0
0.8625,0.2,5.1312595,6.0
1.5375,0.4125,34.8415355,9.0
1.3125,0.3375,23.0481435,10.0
1.4125,0.3125,20.0430965,9.0
1.5125,0.4,29.8520235,13.0
0.975,0.25,7.55514175,6.0
1.4625,0.3625,27.65493725,9.0
1.325,0.325,23.71435675,8.0
0.9125,0.1875,6.1518415,6.0
1.1625,0.275,14.2030995,7.0
1.3625,0.35,22.29688175,9.0
1.8875,0.5125,52.29065275,14.0
1.5,0.4125,35.19590425,19.0
1.0875,0.2875,10.41844125,7.0
0.55,0.125,1.814368,5.0
1.3875,0.425,24.6924145,13.0
1.525,0.4375,31.524644,19.0
1.225,0.3,13.99047825,8.0
0.6375,0.175,2.608154,6.0
1.4875,0.375,34.37376875,13.0
0.4375,0.1,0.97805775,5.0
1.2625,0.35,20.3265915,9.0
0.5,0.125,1.0489315,4.0
0.95,0.2375,6.13766675,6.0
1.6125,0.4875,39.3774555,27.0
1.2125,0.3375,16.51358375,12.0
1.175,0.3125,13.9196045,10.0
1.0125,0.2875,8.17883075,8.0
0.375,0.0625,0.41106775,3.0
1.1125,0.3,15.5071765,8.0
1.5125,0.375,31.18445,10.0
1.5625,0.4125,36.69842775,9.0
1.5125,0.3875,32.33260475,9.0
1.2125,0.3125,13.53688625,17.0
1.425,0.3125,22.736299,8.0
0.75,0.175,4.309124,7.0
1.5,0.4125,28.066005,19.0
1.4375,0.4125,27.37144225,11.0
1.575,0.475,35.3518265,15.0
1.2875,0.4375,27.5273645,19.0
1.25,0.35,17.42076775,14.0
1.5375,0.3875,32.0065855,9.0
1.4125,0.3375,20.581737,10.0
1.0125,0.2875,10.3475675,8.0
1.5875,0.45,38.55532,12.0
1.4625,0.35,27.17299575,8.0
1.175,0.3125,15.09610875,8.0
1.575,0.4,32.4601775,15.0
1.45,0.3875,24.67823975,12.0
0.9875,0.2375,8.20718025,8.0
1.4375,0.3875,27.612413,10.0
1.25,0.375,17.53416575,9.0
1.4875,0.425,30.71668325,14.0
1.1125,0.325,12.984071,9.0
1.675,0.475,36.47163175,11.0
0.7875,0.1875,4.60679375,6.0
1.275,0.3875,20.96445525,9.0
1.0,0.2375,9.19941275,7.0
1.625,0.425,45.25997675,10.0
1.575,0.3875,29.83784875,9.0
1.4375,0.3625,22.736299,9.0
1.125,0.3125,11.2547515,9.0
1.425,0.3375,23.756881,6.0
1.4375,0.425,22.97726975,11.0
0.8125,0.1875,4.32329875,5.0
1.35,0.4625,27.9242575,17.0
1.6375,0.425,36.570855,11.0
1.3375,0.35,21.44639675,9.0
1.5125,0.4375,31.70891575,9.0
1.175,0.3125,12.587178,6.0
1.375,0.3125,21.50309575,8.0
1.5875,0.375,36.4291075,11.0
1.2125,0.2625,14.118051,8.0
0.95,0.2125,7.55514175,8.0
1.35,0.375,20.76600875,10.0
1.5875,0.45,38.03085425,14.0
0.4875,0.1125,1.06310625,4.0
1.525,0.4,30.674159,8.0
0.5875,0.1375,1.360776,4.0
1.4125,0.4125,24.0687255,8.0
1.525,0.4,28.2077525,12.0
1.5875,0.4375,32.6869735,11.0
1.3875,0.4125,25.52872475,11.0
1.1375,0.25,10.886208,6.0
1.525,0.325,23.88445375,8.0
1.625,0.475,40.7382315,11.0
0.8,0.225,4.309124,7.0
1.525,0.4,26.32251075,12.0
1.5875,0.4625,32.715323,15.0
1.7,0.45,53.08443875,19.0
1.4375,0.3625,26.818627,11.0
1.325,0.3125,21.55979475,8.0
1.2625,0.4125,24.50814275,9.0
1.1,0.2625,10.3475675,7.0
1.0,0.275,8.5898985,10.0
1.45,0.425,31.2694985,9.0
1.375,0.375,24.79163775,13.0
1.625,0.5125,48.7327905,11.0
1.3125,0.3375,22.04173625,13.0
1.375,0.3375,21.36134825,12.0
1.5875,0.4375,38.82464025,17.0
1.275,0.3375,18.597272,10.0
1.2125,0.3,15.365429,8.0
1.3375,0.3875,24.28134675,8.0
1.6125,0.475,39.2640575,11.0
1.5625,0.4375,36.457457,19.0
0.95,0.2375,9.8939755,7.0
1.325,0.375,22.5378525,9.0
1.6625,0.4375,43.0628905,18.0
1.475,0.4125,27.78251,12.0
1.5125,0.4875,38.42774725,13.0
1.5125,0.375,35.3518265,12.0
1.25,0.35,18.24290325,6.0
1.1875,0.3125,17.78931125,9.0
0.7375,0.1875,3.38776525,6.0
0.9875,0.225,8.12213175,6.0
0.8,0.1875,4.819415,6.0
1.5125,0.4,29.5118295,12.0
1.175,0.325,14.55746825,8.0
1.375,0.4125,31.6096925,9.0
1.675,0.4875,43.21881275,14.0
1.375,0.3375,22.21183325,9.0
1.7375,0.4875,53.99162275,13.0
1.575,0.3875,32.6869735,11.0
1.6,0.4375,41.39027,10.0
1.4125,0.325,24.76328825,10.0
1.125,0.325,12.88484775,8.0
1.2625,0.325,17.98775775,14.0
1.3125,0.375,19.57532975,10.0
1.6125,0.475,41.8722115,11.0
0.5625,0.1125,1.31825175,4.0
1.3625,0.3625,19.84465,8.0
1.55,0.4125,30.0221205,10.0
1.2,0.275,15.0535845,8.0
0.3875,0.0,0.41106775,3.0
1.0,0.2625,8.674947,9.0
1.4875,0.4375,39.179009,9.0
1.575,0.425,35.93299125,11.0
1.0375,0.325,11.0279555,7.0
1.675,0.425,38.612019,10.0
1.2125,0.325,14.44407025,10.0
1.3875,0.4375,27.8108595,13.0
1.1375,0.325,15.2236815,9.0
1.3,0.35,19.7029025,12.0
0.675,0.1375,2.76407625,5.0
1.45,0.3375,24.9192105,10.0
1.1,0.275,12.99824575,7.0
1.5125,0.425,34.189497,9.0
1.425,0.325,24.6357155,8.0
1.3,0.325,18.83824275,9.0
0.875,0.25,5.06038575,6.0
1.4375,0.3375,26.64853,14.0
1.2625,0.3125,15.422128,13.0
1.5,0.3875,34.5580405,10.0
0.725,0.15,3.16096925,5.0
1.225,0.3125,15.932419,9.0
1.45,0.3875,22.1409595,10.0
1.1875,0.325,16.40018575,8.0
0.975,0.225,7.55514175,6.0
1.5125,0.4,31.581343,10.0
1.6375,0.5,45.5576465,12.0
1.025,0.2625,12.48795475,6.0
1.025,0.275,8.63242275,7.0
1.675,0.45,44.22522,11.0
1.3625,0.375,25.86891875,10.0
1.4125,0.375,24.6357155,8.0
1.625,0.475,39.41997975,13.0
0.925,0.25,6.8322295,6.0
1.6125,0.3875,37.74735925,19.0
1.4875,0.35,27.76833525,8.0
1.2625,0.3,19.80212575,7.0
1.5875,0.4625,36.6559035,18.0
1.45,0.375,27.54153925,11.0
0.775,0.1875,3.38776525,6.0
1.15,0.35,13.5794105,11.0
1.2375,0.3375,17.59086475,16.0
1.45,0.4,34.37376875,11.0
0.95,0.2375,6.8889285,7.0
1.6375,0.4625,34.74231225,10.0
0.7,0.1625,2.83495,5.0
1.525,0.475,37.1094955,24.0
1.6375,0.5125,42.354153,20.0
0.9,0.2375,6.36446275,6.0
1.4375,0.3375,23.79940525,10.0
0.5875,0.15,1.48834875,5.0
1.2625,0.2875,17.42076775,11.0
1.1875,0.3,16.726205,8.0
1.5875,0.4125,39.02308675,9.0
0.5375,0.125,1.09145575,4.0
1.525,0.425,32.0065855,11.0
1.425,0.4,28.42116175,8.0
1.1,0.2875,10.886208,9.0
0.875,0.2125,5.06038575,8.0
0.6875,0.1375,2.83495,6.0
1.3125,0.3625,19.85882475,9.0
1.7125,0.4875,44.2535695,14.0
1.425,0.4625,24.84833675,12.0
1.575,0.475,34.8415355,11.0
1.075,0.2875,10.7444605,7.0
0.7875,0.2375,4.12485225,8.0
0.875,0.1875,5.25883225,6.0
1.4,0.4125,25.344453,12.0
1.2625,0.325,16.499409,8.0
1.3375,0.375,21.27629975,12.0
1.3375,0.325,21.963095,17.0
1.575,0.4375,33.8776525,12.0
1.65,0.45,38.79629075,10.0
1.5125,0.4125,31.18445,12.0
1.6375,0.4875,39.2640575,9.0
1.5125,0.4,33.12639075,12.0
1.5625,0.4,33.29648775,11.0
1.1875,0.3125,12.47378,13.0
1.375,0.35,22.75047375,8.0
0.3625,0.0625,0.5953395,4.0
1.375,0.3625,21.8007655,9.0
1.325,0.325,18.18620425,10.0
1.55,0.425,32.10580875,14.0
1.55,0.4125,33.5941575,11.0
1.1,0.275,8.8733935,8.0
1.3625,0.375,22.55202725,11.0
1.2875,0.35,23.85610425,10.0
1.25,0.3625,19.32018425,10.0
1.3125,0.325,22.4244545,9.0
1.225,0.4,21.72989175,8.0
1.4375,0.35,24.8625115,9.0
1.275,0.3125,16.9246515,8.0
0.7375,0.1875,3.89805625,6.0
1.55,0.4625,34.5013415,13.0
1.2875,0.35,21.64484325,10.0
1.5625,0.4375,40.83745475,13.0
1.5125,0.45,36.95357325,12.0
1.025,0.2625,9.31281075,9.0
0.7375,0.1875,3.64291075,7.0
1.475,0.375,28.236102,18.0
1.325,0.4,19.901349,15.0
1.3125,0.3625,24.73493875,9.0
1.575,0.3875,31.70891575,11.0
1.575,0.375,35.50774875,9.0
1.1375,0.2875,14.04717725,8.0
0.9375,0.275,7.58349125,7.0
1.1375,0.3,14.5999925,8.0
1.675,0.475,43.6298805,11.0
1.55,0.375,28.27862625,11.0
0.9,0.2125,5.31553125,6.0
1.15,0.2875,14.571643,10.0
1.7,0.475,49.384829,10.0
1.6125,0.425,41.0784255,10.0
1.5625,0.4,29.8520235,10.0
0.6375,0.125,2.0128145,5.0
1.1,0.25,10.9145575,7.0
1.175,0.3125,18.75319425,8.0
1.5625,0.425,35.13920525,11.0
1.3125,0.3375,21.659018,8.0
1.0625,0.2625,10.73028575,7.0
1.625,0.4375,38.612019,12.0
1.175,0.3,15.03940975,8.0
1.5,0.3875,25.1460065,11.0
1.0125,0.25,8.164656,8.0
1.4125,0.35,24.73493875,9.0
1.375,0.2875,22.52367775,11.0
1.7375,0.5,45.74191825,16.0
1.575,0.375,33.4807595,9.0
1.0375,0.25,10.19164525,7.0
1.25,0.325,15.06775925,7.0
1.2625,0.275,14.628342,8.0
0.9875,0.2375,9.73805325,7.0
1.3625,0.4125,27.93843225,18.0
1.2125,0.325,14.81261375,7.0
1.275,0.3125,16.45688475,13.0
1.2875,0.3375,20.41164,9.0
0.95,0.25,7.10154975,7.0
0.325,0.075,0.850485,4.0
1.5625,0.3875,35.777069,10.0
1.2375,0.325,14.911837,8.0
1.775,0.5375,56.1603595,14.0
1.625,0.4375,38.96638775,10.0
1.4125,0.3375,24.6924145,11.0
0.7125,0.1375,3.3168915,6.0
1.725,0.5,47.95317925,12.0
0.9,0.225,6.87475375,7.0
1.3625,0.3625,24.834162,11.0
0.9375,0.225,6.066793,6.0
1.45,0.3625,26.535132,13.0
1.3375,0.35,21.70154225,8.0
0.8625,0.2125,5.5848515,6.0
1.625,0.375,36.1867765,10.0
1.225,0.3125,16.11669075,10.0
1.5375,0.4125,27.71163625,9.0
1.525,0.4125,32.98464325,13.0
1.3625,0.35,20.05727125,9.0
0.4125,0.1,0.75126175,4.0
1.3125,0.325,19.74542675,9.0
1.4375,0.5,28.42037375,10.0
1.4125,0.3875,24.93338525,10.0
1.725,0.4625,47.89648025,11.0
1.2,0.3125,15.87572,8.0
1.2375,0.3,16.9813505,8.0
1.8125,0.525,57.1242425,18.0
1.0875,0.275,8.561549,7.0
1.0,0.225,8.51902475,6.0
1.375,0.3875,25.684647,12.0
1.075,0.2875,10.886208,7.0
1.3,0.325,18.370476,9.0
1.4625,0.4125,25.78387025,15.0
0.9625,0.25,9.8372765,7.0
1.1875,0.325,15.4504775,8.0
0.525,0.1375,1.82854275,5.0
1.7875,0.425,44.80638475,11.0
1.4,0.4,25.4295015,9.0
1.3,0.3,18.46969925,8.0
0.7,0.1875,2.67902775,4.0
1.25,0.325,17.08057375,8.0
1.15,0.3125,11.89261525,8.0
1.3,0.3625,23.700182,13.0
1.725,0.425,44.22522,10.0
1.3125,0.3,20.25571775,9.0
1.075,0.2625,10.33339275,8.0
0.7375,0.175,3.685435,5.0
1.3125,0.325,21.829115,8.0
1.0,0.25,8.674947,7.0
1.6375,0.4875,37.024447,10.0
1.5625,0.4,35.096681,10.0
1.65,0.475,41.4186195,18.0
1.475,0.35,26.12406425,10.0
0.925,0.225,6.0384435,7.0
1.5625,0.375,32.98464325,10.0
1.2625,0.3375,21.87163925,12.0
1.3,0.425,20.921931,11.0
1.725,0.5125,50.81647875,14.0
1.1875,0.3625,21.87163925,18.0
1.575,0.3875,33.6508565,11.0
1.7375,0.475,46.45065575,14.0
0.5,0.1375,0.92135875,4.0
1.3625,0.4,23.3883375,14.0
1.5,0.3625,29.44095575,11.0
1.425,0.425,23.71435675,29.0
1.45,0.325,27.6819265,14.0
1.25,0.3375,16.215914,8.0
0.725,0.175,2.83495,4.0
0.9,0.225,6.23689,6.0
1.6125,0.4625,32.4601775,11.0
1.2125,0.3,15.23785625,9.0
0.6125,0.175,1.304077,7.0
1.4875,0.425,29.10076175,10.0
1.1,0.25,11.169703,7.0
1.6375,0.475,41.5432935,11.0
1.575,0.4125,36.0889135,16.0
1.3625,0.3125,20.3265915,8.0
1.3,0.3875,20.19901875,8.0
1.3125,0.3125,23.48756075,8.0
1.175,0.3,14.628342,8.0
1.4875,0.4125,32.498621,11.0
1.25,0.325,18.75319425,13.0
1.125,0.225,10.716111,6.0
1.5375,0.425,29.95124675,15.0
1.25,0.3375,20.071446,10.0
1.1375,0.3,13.267566,9.0
1.0375,0.2625,9.8372765,7.0
1.35,0.35,21.885814,10.0
0.9,0.225,6.293589,6.0
1.45,0.375,23.8986285,9.0
1.2875,0.35,17.50581625,11.0
1.575,0.4625,35.62114675,11.0
1.3125,0.3625,20.79435825,8.0
1.2625,0.35,20.41164,8.0
0.75,0.175,3.40194,5.0
0.6125,0.1375,1.80019325,5.0
1.625,0.45,47.513762,14.0
1.775,0.4875,55.35239875,14.0
1.625,0.375,35.096681,12.0
1.55,0.4125,30.43318825,10.0
0.8875,0.225,5.5848515,6.0
1.525,0.4,32.41765325,17.0
1.5,0.375,30.6458095,13.0
1.1875,0.3,13.50853675,8.0
1.45,0.4,32.034935,9.0
1.65,0.5125,49.34230475,11.0
1.35,0.35,21.035329,9.0
1.45,0.425,33.622507,8.0
1.2,0.3375,20.638436,10.0
1.325,0.425,22.94892025,13.0
1.2625,0.3125,18.0019325,8.0
1.5,0.4375,28.179403,13.0
1.525,0.425,30.1922175,9.0
1.1,0.2875,12.927372,7.0
1.025,0.275,9.1001895,10.0
1.5625,0.3875,31.1561005,11.0
0.9875,0.225,7.44174375,7.0
1.0625,0.2625,9.36950975,7.0
1.4,0.3875,24.81998725,11.0
1.7375,0.4375,54.260943,14.0
1.5625,0.4375,28.87396575,11.0
1.2625,0.325,18.4555245,9.0
1.45,0.375,25.684647,10.0
0.95,0.1875,6.577084,6.0
0.9375,0.25,7.654365,7.0
1.525,0.4125,29.937072,12.0
1.3375,0.4,20.93610575,8.0
1.25,0.325,20.05727125,9.0
1.4875,0.4375,31.3828965,10.0
1.6125,0.475,37.15201975,9.0
0.5625,0.1125,1.304077,3.0
1.225,0.3125,15.365429,9.0
1.7,0.4875,45.40172425,11.0
1.2125,0.3625,15.77649675,14.0
1.4875,0.375,29.49765475,9.0
1.3125,0.4,20.638436,13.0
1.6125,0.4,36.32988425,11.0
1.6125,0.4375,35.62114675,13.0
1.15,0.3,13.39513875,8.0
1.25,0.275,16.0741665,9.0
1.5125,0.4,30.844256,10.0
1.3625,0.3625,25.2027055,12.0
1.2875,0.3125,16.9813505,10.0
1.5125,0.375,26.32251075,9.0
1.2125,0.3375,17.70426275,8.0
1.1,0.2875,13.2392165,8.0
1.2375,0.4,24.79163775,15.0
1.0,0.3,8.37727725,13.0
1.375,0.3625,26.94619975,9.0
1.5375,0.375,30.43318825,9.0
1.5,0.375,30.71668325,9.0
1.5625,0.4,34.529691,13.0
1.45,0.375,32.6302745,12.0
1.25,0.3375,15.66309875,9.0
1.25,0.3375,16.9246515,9.0
1.475,0.35,25.44367625,13.0
1.4875,0.4125,30.1922175,12.0
1.4375,0.4625,28.689694,10.0
1.0,0.2625,7.6827145,10.0
1.2125,0.3,18.71067,9.0
0.8375,0.2375,5.03203625,7.0
1.6875,0.4625,43.1195895,10.0
1.525,0.4125,30.40483875,11.0
0.4875,0.1,0.907184,4.0
1.7125,0.5375,47.18774275,12.0
1.625,0.4375,36.1456125,11.0
1.6125,0.425,36.967748,11.0
0.9625,0.275,8.80251975,7.0
1.55,0.3875,34.8415355,10.0
1.675,0.475,37.7331845,10.0
0.6875,0.175,2.721552,5.0
1.525,0.35,31.62386725,10.0
1.3375,0.35,24.5790165,8.0
1.4125,0.3625,23.85610425,8.0
0.4875,0.1125,0.907184,4.0
1.5125,0.3875,32.33260475,10.0
1.375,0.3875,24.040376,11.0
1.35,0.375,23.71435675,8.0
0.9875,0.225,8.958442,7.0
1.5,0.3875,31.6096925,11.0
1.25,0.275,17.67591325,9.0
1.175,0.3375,18.14368,9.0
1.7125,0.5125,43.7999775,15.0
1.225,0.3375,16.386011,9.0
1.2625,0.3,16.896302,11.0
0.925,0.2125,6.30776375,8.0
1.35,0.3125,20.0997955,9.0
0.9375,0.225,6.180191,7.0
1.0875,0.2625,12.48795475,7.0
1.575,0.375,39.19318375,11.0
1.225,0.3375,16.9813505,8.0
1.525,0.3875,29.69610125,10.0
1.4375,0.4125,29.10076175,11.0
1.375,0.3625,23.14736675,9.0
1.275,0.3125,21.8007655,9.0
1.525,0.3875,29.9087225,10.0
1.35,0.3875,20.00057225,14.0
1.1375,0.2875,12.6722265,9.0
0.55,0.125,1.82854275,5.0
1.5,0.3125,25.0326085,8.0
1.25,0.3125,15.3370795,8.0
0.975,0.25,7.2858215,7.0
1.6125,0.4875,45.982889,11.0
1.5375,0.4375,37.137845,10.0
1.6125,0.5,33.40988575,11.0
1.5375,0.4125,34.529691,13.0
1.575,0.4,33.46658475,11.0
1.475,0.35,24.9192105,9.0
1.1875,0.3125,13.19669225,8.0
0.95,0.2125,7.144074,7.0
0.9375,0.275,7.81028725,6.0
1.025,0.225,10.716111,6.0
1.4375,0.375,26.2799865,16.0
1.4375,0.4,31.90736225,13.0
1.675,0.4375,45.8978405,12.0
1.2375,0.3,13.90542975,8.0
1.075,0.25,9.45455825,7.0
1.4375,0.3625,23.91280325,10.0
1.375,0.35,23.26076475,9.0
1.35,0.35,21.8007655,11.0
1.15,0.325,15.2803805,11.0
1.5375,0.375,29.21415975,10.0
1.5125,0.4,33.8776525,11.0
1.125,0.275,13.154168,9.0
1.45,0.3625,23.81358,10.0
1.2375,0.3375,18.10115575,14.0
0.95,0.2375,7.994559,7.0
1.3875,0.35,24.720764,12.0
1.475,0.4125,27.39979175,11.0
1.3125,0.325,25.3728025,8.0
1.425,0.4125,25.8830935,10.0
1.75,0.45,45.5576465,15.0
1.45,0.3625,24.4656185,14.0
1.1125,0.275,10.4609655,7.0
1.5625,0.375,28.36367475,12.0
0.5875,0.1375,1.82854275,4.0
1.6375,0.4375,35.19590425,14.0
1.4875,0.4,25.0893075,8.0
1.4875,0.375,29.86619825,10.0
1.425,0.375,24.8058125,11.0
1.475,0.4,26.3933845,10.0
1.425,0.45,24.210473,9.0
1.5125,0.3875,31.6096925,12.0
1.3,0.3625,27.78251,13.0
1.1125,0.3125,10.75863525,9.0
1.375,0.375,24.777463,10.0
1.6125,0.475,37.32211675,11.0
1.4625,0.4625,27.93843225,18.0
1.2625,0.3375,16.2442635,13.0
1.325,0.35,21.50309575,10.0
1.0625,0.25,9.02931575,8.0
0.5625,0.1,1.020582,5.0
1.4,0.3125,21.38969775,8.0
1.3125,0.25,19.43358225,9.0
1.275,0.325,23.09066775,9.0
1.2125,0.325,14.8834875,14.0
1.125,0.2625,12.74310025,10.0
1.7625,0.4625,43.2329875,9.0
1.375,0.375,22.5945515,11.0
1.575,0.4375,35.02580725,9.0
0.7,0.1625,3.16096925,5.0
1.65,0.45,38.55532,12.0
1.5,0.4125,27.39979175,9.0
0.85,0.2,5.65572525,6.0
1.65,0.475,38.96638775,11.0
1.25,0.3,14.61416725,11.0
1.2875,0.35,16.499409,15.0
1.2375,0.3,17.90270925,11.0
1.3125,0.325,18.01610725,9.0
1.3875,0.375,22.55202725,11.0
1.575,0.4125,39.02308675,9.0
0.825,0.2,5.10291,6.0
1.3875,0.325,21.75824125,9.0
1.25,0.3375,19.46193175,8.0
1.2875,0.35,19.43358225,9.0
0.7,0.2,3.6003865,6.0
1.375,0.3,18.27125275,9.0
0.975,0.25,7.95203475,6.0
1.175,0.35,14.401546,13.0
1.0875,0.2625,11.35397475,8.0
0.8875,0.225,5.59902625,7.0
1.2875,0.375,20.96445525,11.0
1.55,0.4,39.745999,12.0
1.5,0.4,31.127751,11.0
1.6875,0.425,48.26502375,20.0
1.125,0.25,11.89261525,9.0
1.3875,0.325,23.09066775,8.0
1.2625,0.3375,18.1153305,15.0
1.5375,0.4125,31.978236,8.0
1.5375,0.4125,31.14192575,13.0
1.3,0.35,24.210473,11.0
0.9625,0.2,7.10154975,8.0
1.4375,0.3625,28.44872325,9.0
1.0875,0.2875,11.7650425,9.0
1.5625,0.4375,38.5836695,11.0
1.2375,0.3,14.968536,9.0
1.675,0.5,48.23667425,16.0
1.15,0.2625,12.43125575,7.0
1.5125,0.4125,42.2124055,17.0
1.7375,0.55,59.6189985,21.0
1.375,0.35,21.0069795,17.0
1.075,0.275,10.41844125,8.0
1.5625,0.375,34.62891425,13.0
1.325,0.3875,23.91280325,9.0
1.2625,0.3125,18.71067,11.0
1.3,0.35,18.75319425,8.0
1.4,0.3375,23.26076475,9.0
1.2625,0.325,17.4916415,10.0
0.925,0.2125,6.53455975,6.0
1.4125,0.4,26.365035,9.0
1.2125,0.3375,19.220961,18.0
1.4375,0.375,25.3728025,12.0
1.3375,0.4125,29.1149365,14.0
1.6625,0.4625,50.008518,9.0
1.175,0.3125,14.004653,7.0
1.4875,0.35,24.1821235,9.0
1.425,0.3125,27.0170735,9.0
1.0,0.275,9.93649975,10.0
1.1875,0.3125,13.8062065,8.0
1.125,0.3125,11.850091,14.0
0.6125,0.1625,1.74349425,4.0
0.5625,0.1375,1.6726205,6.0
1.3125,0.3,16.42853525,8.0
1.4625,0.375,24.7491135,21.0
1.325,0.325,22.2543575,10.0
0.575,0.1625,1.82854275,7.0
1.45,0.425,28.066005,12.0
1.1875,0.2875,14.571643,11.0
1.4875,0.375,28.44872325,9.0
1.7125,0.475,46.67745175,12.0
0.6375,0.15,2.16873675,6.0
1.45,0.4125,29.15746075,14.0
1.0875,0.275,12.54465375,8.0
0.825,0.2,5.6699,13.0
1.625,0.475,42.297454,10.0
1.4375,0.4,24.5790165,11.0
1.275,0.375,21.829115,8.0
1.6125,0.45,41.730464,10.0
1.55,0.425,34.5013415,10.0
1.1875,0.35,18.257078,12.0
1.7,0.4125,45.472598,9.0
1.2125,0.275,14.5999925,8.0
1.325,0.325,19.1926115,11.0
1.2625,0.3375,14.7133905,10.0
1.3125,0.325,18.75319425,11.0
1.55,0.4375,33.792604,15.0
0.7375,0.1875,3.81300775,6.0
0.95,0.225,6.53455975,7.0
1.5375,0.4125,31.79396425,11.0
1.4,0.4,26.308336,8.0
1.35,0.325,19.43358225,10.0
1.525,0.4125,29.83784875,16.0
1.0875,0.275,10.9145575,6.0
1.1375,0.2875,12.68640125,7.0
1.6875,0.475,45.7277435,10.0
0.85,0.1875,7.69688925,6.0
1.05,0.2375,8.46232575,7.0
1.4875,0.375,27.0170735,11.0
1.55,0.4375,31.638042,15.0
0.9375,0.225,5.06038575,6.0
1.4375,0.35,27.612413,13.0
1.475,0.3375,28.64716975,10.0
1.75,0.4875,45.7277435,11.0
1.125,0.3375,12.99824575,7.0
1.375,0.375,24.437269,12.0
1.3125,0.4,21.318824,13.0
1.325,0.4125,20.921931,9.0
0.8375,0.2125,6.23689,5.0
0.8,0.1875,3.98310475,7.0
1.6625,0.475,48.94541175,11.0
1.35,0.35,23.51591025,10.0
1.25,0.325,17.19397175,9.0
1.15,0.3375,14.571643,10.0
1.4,0.4125,25.16018125,7.0
1.025,0.25,9.51125725,8.0
1.5375,0.375,27.08794725,18.0
1.125,0.3,12.2753335,7.0
0.8375,0.2125,5.31553125,7.0
1.6,0.475,36.1456125,14.0
0.95,0.2375,7.711064,7.0
1.6625,0.475,43.47395825,19.0
1.3625,0.35,18.69649525,8.0
1.1,0.25,10.886208,8.0
1.175,0.2875,13.154168,7.0
0.8,0.225,5.25883225,7.0
1.5375,0.375,29.27085875,12.0
1.125,0.3125,13.1258185,8.0
1.3,0.3125,21.4038725,8.0
1.0625,0.2375,10.33339275,7.0
1.45,0.4,31.9498865,9.0
1.275,0.4,20.87940675,14.0
1.6375,0.5,48.26502375,17.0
1.9125,0.5,53.6656035,11.0
1.5875,0.475,36.04638925,12.0
1.15,0.325,13.664459,15.0
1.2625,0.3125,19.4761065,8.0
1.6875,0.4375,44.0834725,14.0
1.5625,0.4125,36.6559035,12.0
1.1625,0.3125,17.50581625,19.0
1.1375,0.2875,12.757275,8.0
1.7375,0.45,47.400364,11.0
1.0375,0.275,10.829509,7.0
1.45,0.3875,28.292801,8.0
0.9625,0.2125,6.95980225,6.0
1.275,0.3125,16.31513725,14.0
0.6375,0.1625,2.3530085,5.0
1.3875,0.35,21.0069795,9.0
1.5,0.4625,36.3157095,14.0
1.55,0.3875,30.43318825,10.0
1.55,0.4,35.777069,19.0
1.4125,0.3625,24.13959925,10.0
1.5875,0.4625,40.66735775,11.0
1.1875,0.3375,16.8112535,16.0
1.8,0.5125,49.0871593,11.0
1.675,0.4375,45.8978405,9.0
1.1,0.3,12.34620725,8.0
1.2375,0.325,14.44407025,8.0
1.1375,0.3,13.8062065,7.0
1.525,0.4125,31.808139,11.0
1.3125,0.35,17.293195,9.0
1.0875,0.3,10.7444605,8.0
1.175,0.325,14.35902175,9.0
1.4375,0.4,26.18076325,10.0
0.6375,0.15,2.608154,6.0
1.4125,0.425,25.8830935,8.0
1.3625,0.3875,22.75047375,9.0
1.7125,0.475,53.070264,20.0
1.35,0.3625,23.700182,9.0
1.425,0.375,25.117657,12.0
1.4125,0.325,26.15241375,15.0
1.1875,0.325,16.91047675,11.0
0.9625,0.2375,7.04485075,8.0
0.8875,0.225,5.556502,6.0
1.45,0.4,26.29416125,16.0
1.0875,0.2625,13.267566,8.0
0.7,0.1625,2.721552,5.0
1.7125,0.4375,43.7999775,10.0
1.5625,0.4375,37.194544,13.0
1.0125,0.25,9.82310175,8.0
0.9375,0.2125,6.95980225,7.0
0.9375,0.225,6.23689,9.0
1.4625,0.4125,31.6096925,11.0
1.4,0.375,22.4244545,9.0
1.2,0.3125,14.81261375,8.0
1.375,0.325,23.00561925,9.0
1.525,0.425,32.0065855,10.0
1.5125,0.3875,35.4652245,11.0
1.5,0.4125,30.900955,8.0
1.4375,0.425,26.54930675,11.0
1.325,0.3875,19.49028125,12.0
1.5,0.2875,27.499015,9.0
1.55,0.4875,38.22930075,17.0
1.1125,0.2625,12.246984,7.0
0.275,0.0875,0.510291,6.0
1.5375,0.4125,33.5374585,10.0
1.1,0.2875,10.44679075,6.0
1.0,0.225,9.93649975,7.0
1.5625,0.375,31.70891575,9.0
1.025,0.275,8.5331995,8.0
0.8,0.1875,5.3013565,6.0
1.35,0.4125,22.15513425,10.0
1.525,0.425,40.78075575,14.0
1.7625,0.475,62.652395,11.0
1.1875,0.3125,13.62193475,9.0
1.1375,0.275,12.927372,9.0
1.7,0.3875,48.26502375,9.0
1.525,0.4125,31.99241075,9.0
1.15,0.25,12.5021295,7.0
1.575,0.4625,29.69610125,13.0
1.6375,0.425,38.612019,15.0
1.75,0.4,48.94541175,20.0
1.4,0.375,26.32251075,9.0
0.975,0.2,7.10154975,7.0
1.675,0.475,43.30386125,12.0
1.4,0.4,26.63435525,13.0
1.6625,0.4625,39.41997975,9.0
0.9375,0.1875,5.7549485,5.0
1.1,0.3125,13.96212875,6.0
1.15,0.3125,14.118051,9.0
1.375,0.4125,23.71435675,11.0
0.8875,0.225,5.556502,7.0
1.45,0.35,24.16794875,8.0
1.5625,0.425,34.8415355,10.0
1.45,0.4125,31.3828965,13.0
1.5625,0.3875,32.2333815,10.0
1.45,0.375,26.308336,11.0
1.9375,0.5125,70.66112875,17.0
1.775,0.4625,44.06929775,11.0
1.5,0.4,30.0221205,9.0
1.4875,0.375,25.7696955,13.0
1.45,0.45,29.993771,8.0
1.5875,0.475,33.46658475,13.0
1.5,0.4125,31.19862475,15.0
0.875,0.1875,4.80524025,6.0
1.5125,0.4,29.41260625,8.0
1.675,0.4375,37.71900975,11.0
1.4125,0.3625,23.54425975,10.0
1.6125,0.3875,36.78347625,12.0
0.85,0.225,5.20213325,6.0
0.925,0.2125,7.654365,6.0
1.4125,0.3625,20.638436,8.0
1.75,0.4375,49.2638735,11.0
1.5375,0.3875,33.622507,10.0
1.55,0.4375,33.46658475,10.0
1.5,0.3875,30.4190135,15.0
1.6,0.475,39.179009,17.0
0.5125,0.1375,1.020582,4.0
1.725,0.3875,47.86813075,11.0
1.6375,0.475,37.761534,11.0
1.3125,0.3125,18.75319425,9.0
1.75,0.4625,43.02036625,9.0
1.775,0.4375,53.14113775,11.0
1.85,0.5,58.75433875,12.0
1.5625,0.4,38.838815,22.0
1.0625,0.2875,10.3475675,9.0
0.875,0.225,5.00368675,6.0
1.25,0.3875,16.68368075,16.0
0.725,0.1375,3.16096925,4.0
1.3,0.3125,17.08057375,9.0
1.7625,0.5125,47.173568,12.0
1.2875,0.3625,23.643483,15.0
1.1875,0.2875,14.118051,7.0
1.1125,0.2875,12.6722265,7.0
1.275,0.3,15.4504775,8.0
0.775,0.2,3.7137845,6.0
1.7625,0.4625,43.147939,11.0
1.2125,0.3125,13.154168,7.0
1.125,0.35,12.99824575,10.0
1.4375,0.3625,27.158821,13.0
0.9875,0.2375,6.33611325,11.0
1.225,0.3,16.31513725,10.0
1.3875,0.325,23.0481435,9.0
1.6375,0.425,36.86852475,11.0
1.525,0.4125,31.127751,9.0
1.3625,0.3875,24.28134675,11.0
1.6875,0.4125,39.7743485,9.0
1.0875,0.2875,11.77921725,10.0
0.9625,0.2375,7.7961125,8.0
1.525,0.3875,32.375129,8.0
1.425,0.375,29.313383,10.0
1.225,0.3,14.69921575,7.0
0.9625,0.25,8.901743,7.0
0.85,0.1875,5.06038575,7.0
1.3375,0.35,22.963095,8.0
1.125,0.2875,10.41844125,8.0
0.9625,0.225,6.7188315,7.0
1.1125,0.25,11.5949455,8.0
1.5625,0.4,36.7693015,12.0
1.15,0.3,13.210867,11.0
1.5875,0.4375,36.78347625,12.0
0.725,0.1875,3.67126025,6.0
1.5375,0.4125,31.62386725,11.0
1.4375,0.375,28.67551925,9.0
1.05,0.275,10.44679075,8.0
1.2875,0.375,17.4916415,8.0
1.6375,0.5375,40.1145425,11.0
1.6125,0.45,34.189497,9.0
1.5375,0.3875,34.8415355,11.0
0.9125,0.225,5.5848515,6.0
1.2375,0.4,16.76872925,12.0
1.6625,0.45,46.67745175,11.0
1.375,0.375,22.1976585,12.0
1.3,0.3625,26.2232875,13.0
1.4125,0.3375,26.251637,9.0
1.525,0.4375,30.900955,10.0
1.4125,0.4,22.77882325,9.0
1.4125,0.3875,21.64484325,8.0
1.2625,0.325,19.97222275,10.0
0.7125,0.1875,3.118445,6.0
1.2125,0.25,14.571643,8.0
1.675,0.3875,36.18813675,11.0
1.25,0.2625,15.74814725,6.0
0.8125,0.175,4.309124,6.0
0.6125,0.15,2.438057,5.0
0.7875,0.1875,4.309124,6.0
1.3,0.35,18.92329125,9.0
1.4375,0.3625,26.7902775,25.0
1.25,0.3375,17.98775775,8.0
1.6,0.4125,34.40211825,11.0
0.675,0.1875,4.09650275,6.0
1.55,0.425,31.19862475,11.0
1.4,0.3375,25.58542375,9.0
1.7125,0.425,41.23434775,12.0
1.4125,0.375,26.40755925,16.0
0.825,0.1875,4.2807745,7.0
1.1875,0.3125,13.90542975,9.0
1.2875,0.325,19.43358225,8.0
1.5625,0.375,34.302895,10.0
1.0625,0.275,10.95708175,10.0
0.875,0.225,5.82582225,6.0
1.375,0.425,22.43862925,9.0
1.3875,0.325,21.47474625,10.0
1.2875,0.3375,17.84601025,14.0
1.375,0.3375,22.97726975,10.0
1.45,0.375,25.69882175,9.0
1.0,0.2625,9.4970825,7.0
1.325,0.3375,18.55474775,9.0
1.225,0.3,16.40018575,7.0
0.55,0.125,1.54504775,5.0
1.575,0.4,33.92017675,11.0
1.475,0.3625,26.138239,10.0
1.6,0.4375,38.51279575,11.0
1.575,0.4375,34.6147395,10.0
1.775,0.475,43.02036625,11.0
0.5125,0.1625,1.48834875,4.0
0.6875,0.2,2.8066005,5.0
1.4375,0.4125,27.68328675,9.0
1.5,0.3625,24.50814275,11.0
1.2625,0.3375,18.75319425,10.0
0.8375,0.2125,4.762716,9.0
0.9125,0.2125,6.30776375,7.0
0.9375,0.25,10.829509,7.0
0.925,0.2125,6.27941425,6.0
1.0375,0.275,10.07824725,8.0
0.6875,0.2,2.721552,5.0
0.6875,0.15,2.28213475,6.0
1.25,0.3375,18.030282,13.0
0.95,0.25,6.80388,11.0
1.425,0.35,23.51591025,10.0
1.2875,0.35,23.019794,11.0
1.2875,0.2875,17.4349425,8.0
1.1875,0.275,13.267566,8.0
1.5125,0.4125,27.8675585,9.0
1.5625,0.4125,27.9242575,11.0
1.5375,0.4375,34.529691,17.0
1.4375,0.375,24.7491135,8.0
1.65,0.4375,35.81959325,11.0
1.2125,0.3125,16.839603,8.0
1.4125,0.375,22.1409595,9.0
1.2,0.25,14.81261375,7.0
1.125,0.3,12.47378,12.0
1.8375,0.5,49.384829,12.0
1.3,0.35,19.43358225,9.0
1.4875,0.3875,25.51455,11.0
1.3,0.35,18.27125275,9.0
0.9375,0.225,6.30776375,7.0
1.125,0.3125,13.777857,8.0
0.875,0.225,5.28718175,11.0
1.3,0.375,20.87940675,10.0
1.1625,0.3,13.90542975,7.0
1.625,0.3875,35.2384285,11.0
1.5,0.375,28.22192725,10.0
1.6,0.475,37.32211675,10.0
1.2625,0.325,18.14368,13.0
1.125,0.25,12.8990225,7.0
1.3125,0.4,22.75047375,8.0
1.2,0.3,17.78931125,9.0
1.2125,0.35,16.9813505,16.0
1.5625,0.45,37.74735925,17.0
1.225,0.2875,17.916884,8.0
1.5625,0.4125,33.40988575,10.0
1.675,0.5,44.22522,15.0
1.2875,0.375,17.633389,8.0
1.175,0.3125,14.5432935,10.0
1.6875,0.4125,43.30386125,12.0
1.575,0.4375,38.51279575,16.0
1.425,0.3625,27.8675585,12.0
0.9375,0.225,4.309124,9.0
1.3625,0.3125,19.80212575,8.0
1.6625,0.4875,38.82464025,14.0
1.625,0.4625,44.79221,20.0
1.325,0.425,20.9502805,11.0
1.575,0.4375,36.7693015,10.0
0.5875,0.1625,1.99863975,5.0
1.475,0.4125,30.1922175,23.0
1.5625,0.375,29.0015385,10.0
0.4,0.1875,0.510291,4.0
1.4875,0.4125,25.51455,8.0
1.65,0.4875,38.00250475,10.0
1.0375,0.2625,10.375917,8.0
1.4375,0.3625,27.5273645,10.0
1.1375,0.3,14.004653,7.0
1.4,0.3875,28.7747425,10.0
1.725,0.525,47.230267,13.0
1.675,0.4625,42.82191975,11.0
1.7875,0.425,43.9700745,11.0
1.575,0.5625,37.54891275,17.0
1.45,0.3625,26.94619975,9.0
1.35,0.35,24.76328825,10.0
1.1,0.2625,13.84873075,8.0
1.625,0.4125,38.782116,11.0
0.95,0.225,6.30776375,7.0
1.5125,0.4375,31.79396425,9.0
0.9375,0.225,8.40562675,8.0
1.4625,0.35,22.1976585,12.0
0.5375,0.1375,1.304077,5.0
1.0125,0.275,9.02931575,7.0
1.65,0.4875,39.95862025,18.0
0.8,0.225,4.91863825,5.0
1.575,0.425,32.44600275,9.0
1.1875,0.3125,16.3576615,14.0
1.025,0.25,12.757275,6.0
1.5625,0.425,37.06697125,13.0
0.925,0.2125,6.23689,7.0
1.3,0.3375,18.24290325,12.0
1.35,0.325,20.97863,9.0
1.5625,0.4125,33.55163325,10.0
1.475,0.3625,27.79668475,9.0
1.675,0.4375,46.45065575,11.0
1.55,0.375,28.81726675,10.0
1.35,0.35,20.96445525,8.0
1.1375,0.275,11.7650425,8.0
1.375,0.3375,21.38969775,8.0
1.15,0.275,12.28950825,9.0
1.0875,0.3125,13.437663,9.0
1.2125,0.3,15.5071765,10.0
1.4125,0.4125,26.40755925,13.0
0.825,0.2125,5.10291,7.0
1.45,0.3875,27.71163625,10.0
1.7625,0.4375,40.83745475,10.0
1.45,0.375,23.11901725,10.0
1.4125,0.4375,27.17299575,17.0
1.2,0.3,15.43630275,10.0
1.375,0.375,22.77882325,12.0
1.5,0.3875,29.41260625,10.0
1.7375,0.5,50.802304,9.0
1.15,0.3,12.34620725,10.0
1.1,0.3,11.169703,8.0
1.1125,0.25,12.3320325,7.0
1.575,0.425,33.622507,15.0
1.225,0.375,23.3883375,10.0
0.9625,0.2125,6.066793,6.0
1.525,0.375,30.03629525,10.0
1.125,0.2625,10.3475675,8.0
1.5625,0.4375,32.13415825,11.0
1.0,0.25,11.169703,7.0
1.425,0.375,23.6151335,14.0
1.6625,0.4,36.35823375,10.0
1.2125,0.35,16.40018575,11.0
1.45,0.35,26.12406425,10.0
1.4875,0.3875,25.51455,14.0
1.5125,0.4375,34.37376875,11.0
1.8,0.4875,51.49686675,10.0
1.3625,0.3125,19.447757,10.0
1.5,0.425,25.95396725,9.0
0.7375,0.175,3.35941575,5.0
1.5,0.3875,31.524644,12.0
1.5375,0.3875,30.03629525,10.0
1.4625,0.3875,29.95124675,15.0
0.9375,0.2375,7.2858215,6.0
1.0,0.275,8.12213175,7.0
1.525,0.4,29.1716355,9.0
1.1,0.2875,11.396499,7.0
1.35,0.3875,21.035329,8.0
0.8875,0.2125,4.80524025,6.0
1.175,0.3125,13.53688625,8.0
1.25,0.3625,17.76096175,9.0
0.925,0.2375,5.6982495,7.0
1.4875,0.4625,31.19862475,9.0
1.425,0.4125,28.3778495,11.0
1.7375,0.45,47.18774275,20.0
1.675,0.4875,43.02036625,11.0
0.775,0.2125,4.80524025,6.0
0.8875,0.2375,6.08096775,7.0
1.2875,0.3625,20.28406725,11.0
0.4125,0.1125,0.510291,4.0
1.8125,0.45,47.95317925,10.0
1.075,0.3,10.44679075,6.0
1.15,0.3125,13.39513875,8.0
1.1,0.325,12.813974,9.0
0.825,0.1875,6.463686,7.0
1.275,0.375,16.91047675,9.0
1.4625,0.375,25.51455,11.0
1.625,0.4375,47.95317925,11.0
0.875,0.225,5.59902625,9.0
1.65,0.45,42.127357,10.0
1.4,0.3125,24.62154075,11.0
1.7375,0.4875,51.2275465,11.0
1.4375,0.3125,22.43862925,11.0
1.225,0.3,19.1926115,7.0
1.2625,0.3,15.87572,9.0
0.9,0.225,6.23689,6.0
1.55,0.45,38.725417,16.0
1.675,0.5,47.18774275,16.0
1.3125,0.3,17.70426275,10.0
1.4625,0.4625,24.99008425,12.0
1.225,0.3125,16.9246515,9.0
0.9625,0.25,7.35669525,6.0
1.5,0.4375,38.22930075,11.0
0.9125,0.225,6.0384435,7.0
1.2,0.3125,15.71979775,8.0
1.125,0.3,10.716111,7.0
1.425,0.3625,25.060958,9.0
0.7,0.1625,2.76407625,6.0
1.2,0.3125,12.99824575,10.0
1.325,0.4125,20.08562075,12.0
0.7875,0.2,3.92640575,5.0
1.6125,0.4,40.653183,9.0
1.425,0.4125,28.81726675,14.0
1.3375,0.325,21.21960075,12.0
1.525,0.375,33.92017675,12.0
1.45,0.3625,25.95396725,11.0
1.25,0.3875,18.597272,10.0
0.4125,0.0625,0.49611625,4.0
1.0125,0.275,7.4559185,9.0
0.7,0.225,4.8477645,16.0
0.75,0.2125,3.6003865,7.0
1.5625,0.45,37.74735925,12.0
1.0375,0.2625,9.355335,7.0
1.4375,0.475,28.05183025,18.0
0.45,0.1,0.7654365,4.0
1.7,0.475,52.29065275,11.0
1.0875,0.2875,10.44679075,8.0
1.5125,0.4125,27.499015,12.0
1.65,0.475,38.08755325,8.0
1.175,0.2875,14.72756525,12.0
0.7,0.1875,3.24601775,6.0
1.275,0.3125,15.71979775,8.0
1.575,0.425,33.8776525,13.0
1.2,0.3,12.74310025,7.0
0.6875,0.1625,2.14038725,5.0
1.6,0.45,38.20095125,13.0
1.75,0.4375,47.07434475,11.0
1.375,0.425,24.5790165,13.0
1.5,0.3875,30.957654,10.0
0.8625,0.2375,6.1518415,6.0
1.45,0.4,27.9242575,11.0
1.45,0.4,27.499015,12.0
1.1875,0.2625,13.5794105,8.0
1.625,0.475,43.488133,14.0
1.525,0.425,29.937072,11.0
0.35,0.0875,0.41106775,3.0
1.0875,0.275,10.829509,8.0
1.45,0.3875,27.895908,10.0
1.1,0.3125,11.26892625,15.0
1.25,0.375,19.43358225,10.0
1.475,0.4,30.8159065,12.0
1.3,0.35,16.9813505,10.0
1.5625,0.425,37.1094955,10.0
1.55,0.4375,31.1561005,12.0
1.3125,0.3375,20.0997955,10.0
0.55,0.1625,1.99863975,5.0
0.325,0.0875,0.43941725,5.0
0.95,0.25,7.994559,6.0
1.4,0.375,24.99008425,9.0
1.7125,0.45,43.95589975,14.0
1.15,0.25,12.8990225,8.0
0.475,0.075,0.89300925,5.0
1.0,0.25,9.19941275,7.0
0.875,0.1875,5.5848515,5.0
1.55,0.4625,38.328524,11.0
1.5,0.35,28.5479465,9.0
1.4375,0.375,24.62154075,9.0
1.55,0.4125,34.246196,10.0
1.0875,0.275,11.43902325,7.0
1.4875,0.475,30.0221205,21.0
0.95,0.225,7.994559,7.0
1.2,0.3,15.3937785,8.0
1.0625,0.275,11.58077075,7.0
1.1875,0.275,14.92601175,8.0
0.525,0.1125,1.31825175,3.0
1.4,0.35,26.12406425,9.0
1.2625,0.3125,17.8885345,8.0
1.4125,0.525,24.53649225,9.0
1.625,0.425,39.19318375,15.0
1.125,0.2625,13.25339125,10.0
0.9375,0.1875,4.72019175,7.0
1.425,0.4,26.2232875,13.0
0.7375,0.1875,3.96893,5.0
1.625,0.375,32.16250775,8.0
0.9875,0.25,7.144074,6.0
1.45,0.4,26.01066625,10.0
1.7,0.4875,50.53298375,9.0
1.1875,0.2625,13.777857,9.0
1.375,0.375,24.84833675,10.0
1.5625,0.4,29.7386255,9.0
1.7,0.5375,50.6605565,11.0
1.575,0.4125,33.40988575,15.0
1.525,0.375,24.7491135,9.0
0.7,0.2125,3.3168915,5.0
1.525,0.4,30.94347925,16.0
1.3125,0.325,22.52367775,10.0
1.6,0.425,37.1094955,11.0
1.5625,0.4125,31.68056625,11.0
1.25,0.3125,14.118051,8.0
1.45,0.3875,24.16794875,12.0
1.3875,0.3125,23.37416275,8.0
1.6,0.5,43.47395825,19.0
1.3875,0.4,24.6924145,10.0
0.9125,0.225,9.73805325,6.0
0.6875,0.175,2.83495,5.0
1.6125,0.4,36.85435,10.0
1.6125,0.4125,37.931631,11.0
1.4375,0.3375,24.097075,9.0
1.275,0.3125,14.61416725,8.0
1.5,0.3875,28.7180435,8.0
1.525,0.4125,30.14969325,9.0
0.6125,0.1625,1.304077,5.0
1.425,0.4625,28.5479465,15.0
1.65,0.4375,47.58463575,12.0
1.6,0.4375,31.56716825,10.0
1.625,0.5,37.40716525,17.0
1.625,0.4125,36.55668025,11.0
1.6625,0.45,38.20095125,11.0
1.3,0.3625,18.4555245,10.0
1.5375,0.4625,35.62114675,11.0
1.6625,0.425,39.859397,13.0
1.5625,0.475,37.74735925,17.0
1.4375,0.375,26.32251075,11.0
1.2625,0.4625,20.00057225,14.0
1.1,0.2625,11.7650425,12.0
1.6125,0.475,40.24153325,18.0
1.25,0.2875,21.659018,7.0
0.925,0.275,6.95980225,7.0
0.525,0.125,1.06310625,4.0
1.4375,0.4,26.988724,9.0
1.5125,0.4125,32.10580875,11.0
1.2,0.35,18.540573,9.0
1.4375,0.3875,26.54930675,11.0
1.3125,0.3625,23.00561925,10.0
1.4875,0.3875,29.7386255,13.0
1.6125,0.4125,37.74735925,12.0
0.9875,0.25,7.72523875,6.0
1.45,0.3125,26.7902775,8.0
1.1125,0.325,13.5794105,9.0
1.0875,0.3125,12.34620725,9.0
1.2625,0.35,18.01610725,11.0
1.25,0.325,17.84601025,9.0
0.8625,0.2,5.85417175,5.0
0.4125,0.0875,0.5953395,4.0
1.1,0.2375,7.95203475,7.0
1.5625,0.4,29.24250925,11.0
1.4375,0.4125,24.777463,8.0
1.4,0.3625,23.3316385,8.0
1.575,0.425,31.99241075,10.0
1.225,0.3125,18.597272,7.0
1.5375,0.4,35.76289425,11.0
1.5875,0.4875,45.529297,12.0
1.5625,0.4125,36.514156,11.0
1.3625,0.4125,19.85882475,12.0
1.5875,0.3875,33.8776525,10.0
1.4375,0.375,27.76833525,9.0
1.7625,0.4625,52.900167,13.0
1.375,0.375,24.79163775,9.0
1.4625,0.375,29.5118295,11.0
1.3125,0.3625,22.5378525,8.0
1.3,0.3,19.85882475,13.0
0.8875,0.1875,6.39281225,6.0
1.05,0.275,9.99319875,6.0
1.7375,0.4875,49.25725625,9.0
1.4,0.3625,26.7902775,10.0
1.425,0.3875,22.5378525,9.0
1.5625,0.4875,37.32211675,14.0
1.55,0.4125,34.5013415,10.0
1.4375,0.4,31.14192575,9.0
1.3125,0.3375,24.36639525,19.0
0.85,0.2,5.06038575,6.0
1.3,0.325,16.68368075,8.0
0.4375,0.1,0.5953395,4.0
1.45,0.4,27.952607,16.0
1.6875,0.45,44.21104525,12.0
1.4625,0.375,28.76056775,9.0
1.3875,0.35,24.777463,10.0
1.8,0.475,48.477645,11.0
0.4125,0.1,0.75126175,4.0
1.4375,0.3125,27.9242575,12.0
0.7375,0.15,3.86970675,7.0
1.4375,0.375,26.7902775,12.0
1.25,0.325,23.09066775,18.0
1.5625,0.4375,31.59551775,9.0
1.3625,0.325,18.10115575,10.0
1.25,0.35,18.030282,16.0
1.2125,0.3,10.19164525,9.0
1.175,0.35,16.54193325,9.0
1.45,0.3375,24.6357155,11.0
1.4125,0.4,23.51591025,13.0
0.8,0.2125,4.89028875,7.0
1.4625,0.45,31.978236,9.0
1.175,0.275,13.4660125,8.0
1.25,0.325,16.42853525,12.0
1.2625,0.3625,18.4555245,9.0
1.3375,0.3375,21.64484325,13.0
1.4375,0.4,26.875326,13.0
1.25,0.3125,18.24290325,14.0
1.225,0.3125,16.45688475,9.0
1.4375,0.3625,24.13959925,12.0
1.6,0.4125,37.37881575,9.0
1.675,0.5375,44.21104525,10.0
1.5125,0.3875,30.1922175,13.0
0.9625,0.2375,7.9095105,6.0
1.45,0.325,23.643483,8.0
0.8875,0.225,5.91087075,7.0
1.55,0.375,32.16250775,8.0
1.3625,0.375,20.25571775,10.0
1.55,0.4125,36.967748,11.0
1.3,0.3375,16.40018575,9.0
1.45,0.375,27.68328675,10.0
1.2875,0.2375,13.39513875,16.0
1.625,0.425,35.550273,10.0
1.55,0.425,31.808139,10.0
1.7875,0.5125,54.5727875,18.0
0.55,0.125,1.45999925,5.0
1.2875,0.35,21.87163925,9.0
0.9625,0.225,9.07184,7.0
0.875,0.225,5.88252125,6.0
1.5625,0.4875,31.51046925,12.0
1.5375,0.475,38.725417,13.0
1.2125,0.3125,15.12445825,8.0
1.425,0.4375,28.84561625,10.0
1.55,0.4,29.48348,10.0
1.175,0.3,13.53688625,7.0
0.4625,0.1125,0.907184,4.0
1.475,0.4,29.24250925,9.0
1.025,0.2375,7.95203475,9.0
1.6375,0.5125,43.70075425,10.0
1.5625,0.425,36.32988425,11.0
1.4375,0.3375,26.2232875,14.0
1.6125,0.4,36.61337925,13.0
1.45,0.3875,29.32755775,10.0
1.375,0.35,22.75047375,10.0
1.1,0.275,12.6722265,7.0
1.5125,0.4375,33.12639075,14.0
1.6625,0.4625,46.42230625,12.0
0.9875,0.225,8.3064035,7.0
1.525,0.4125,36.55668025,10.0
1.7,0.4875,47.513762,10.0
1.5,0.45,25.741346,8.0
1.675,0.475,44.9906565,18.0
0.6875,0.1625,2.608154,4.0
1.5,0.4,31.808139,11.0
1.175,0.3125,13.8062065,8.0
1.3125,0.4,26.988724,9.0
1.4125,0.3375,26.54930675,14.0
1.7125,0.5,45.92619,14.0
1.3875,0.325,18.1153305,10.0
1.3125,0.3875,28.50542225,17.0
0.9625,0.2375,7.55514175,7.0
1.625,0.475,38.51279575,14.0
1.3875,0.4625,29.937072,16.0
1.4125,0.375,25.51455,9.0
1.4625,0.4,30.5324115,9.0
1.4125,0.4,24.16794875,15.0
1.0,0.25,8.60407325,7.0
1.5625,0.3875,36.7126025,9.0
1.8,0.4625,49.32813,10.0
1.6,0.4125,32.78619675,17.0
1.6125,0.45,37.32211675,11.0
1.0125,0.225,9.25611175,6.0
1.55,0.4125,35.777069,9.0
1.5625,0.4125,39.87357175,9.0
1.4375,0.325,20.53921275,10.0
1.6375,0.425,38.34269875,11.0
1.4125,0.425,25.41532675,9.0
0.75,0.1625,3.01922175,6.0
1.1875,0.2875,13.53688625,8.0
1.375,0.375,22.1976585,8.0
0.9125,0.225,6.30776375,6.0
1.4125,0.325,26.01066625,14.0
1.4375,0.3125,23.0481435,10.0
1.125,0.275,10.27669375,9.0
1.475,0.3625,29.18581025,7.0
0.5125,0.1125,0.41106775,5.0
1.3375,0.35,20.8935815,12.0
0.775,0.175,3.81300775,7.0
1.4875,0.375,24.6924145,10.0
1.6125,0.375,31.19862475,13.0
1.0,0.275,8.5898985,6.0
1.8,0.5125,53.4388075,17.0
1.625,0.4625,47.89648025,11.0
1.5,0.3875,28.2077525,11.0
0.8375,0.2125,4.80524025,5.0
1.5,0.4125,30.94347925,11.0
1.25,0.3375,18.653971,9.0
1.0125,0.225,9.19941275,11.0
1.2,0.35,15.77649675,12.0
1.175,0.3,16.3576615,9.0
1.4125,0.3125,23.586784,9.0
1.225,0.2875,16.28678775,10.0
1.6375,0.3875,42.2124055,11.0
1.425,0.425,24.84833675,12.0
1.4375,0.4,27.03124825,10.0
1.2125,0.3125,15.3370795,8.0
1.4625,0.4125,34.529691,15.0
1.175,0.375,16.27902025,9.0
1.075,0.275,9.4970825,9.0
1.5125,0.4,28.67551925,9.0
1.2375,0.3125,16.40018575,9.0
1.2875,0.325,21.13455225,9.0
1.6625,0.45,37.9032815,13.0
1.0875,0.25,11.77921725,8.0
1.1875,0.35,15.09610875,9.0
1.5,0.4125,33.26813825,14.0
1.5875,0.4375,33.43823525,10.0
1.575,0.4,33.46658475,10.0
1.4125,0.3875,26.2799865,9.0
1.725,0.5,53.4388075,10.0
0.975,0.2375,7.55514175,6.0
1.575,0.3875,34.3312445,11.0
0.775,0.1875,3.64291075,7.0
1.475,0.35,24.56484175,10.0
1.2,0.2375,12.7289255,7.0
1.5625,0.3875,31.22697425,14.0
1.65,0.4375,45.529297,24.0
1.625,0.4625,38.55532,15.0
1.675,0.5,48.23667425,16.0
1.0375,0.2875,10.886208,7.0
1.6625,0.3875,37.194544,11.0
0.95,0.25,7.314171,9.0
1.3625,0.375,22.7646485,9.0
1.6125,0.375,33.57998275,9.0
1.5375,0.45,32.89959475,12.0
0.8125,0.2,4.2240755,6.0
1.5875,0.4,33.5374585,13.0
1.625,0.475,44.9906565,11.0
1.7125,0.4625,45.3875495,10.0
1.65,0.4625,43.1762885,11.0
1.0125,0.225,7.49844275,7.0
1.2625,0.35,21.659018,9.0
1.45,0.375,30.06464475,9.0
1.55,0.45,31.014353,15.0
0.8125,0.1875,5.06038575,7.0
0.6875,0.1625,3.16096925,6.0
0.75,0.2,3.81300775,6.0
1.5375,0.4625,32.81454625,13.0
1.1875,0.3,13.90542975,9.0
1.7,0.4625,38.55532,19.0
1.0,0.2375,9.63883,8.0
1.0875,0.275,11.89261525,8.0
1.0125,0.2625,9.4970825,7.0
0.95,0.225,7.95203475,6.0
1.3125,0.375,21.16290175,10.0
1.45,0.475,33.57998275,18.0
1.325,0.3875,20.184844,8.0
1.525,0.4375,28.2644515,15.0
1.4875,0.3875,31.581343,10.0
0.7,0.125,3.30271675,6.0
0.9625,0.2375,7.144074,6.0
1.0875,0.2625,11.1413535,6.0
1.4375,0.4125,29.8520235,12.0
1.65,0.4,37.591437,11.0
1.15,0.2625,13.154168,9.0
1.45,0.3875,25.287754,11.0
1.3125,0.3125,19.80212575,9.0
1.2,0.3,14.968536,11.0
1.2625,0.3125,16.839603,9.0
1.5,0.4,28.8314415,11.0
1.025,0.225,11.18387775,7.0
1.05,0.275,11.24057675,8.0
1.4375,0.4125,30.1922175,8.0
1.5125,0.4375,33.38153625,10.0
1.25,0.3125,14.81261375,9.0
1.7125,0.4125,44.15434625,11.0
1.1875,0.3125,14.0897015,7.0
1.3125,0.325,22.0275615,9.0
0.9625,0.2375,8.40562675,7.0
1.375,0.3625,21.0069795,9.0
1.5625,0.425,38.838815,9.0
1.1625,0.275,13.154168,8.0
1.5375,0.4,32.44600275,9.0
1.2375,0.2625,13.324265,7.0
1.525,0.4,28.64716975,11.0
1.5,0.375,24.67823975,10.0
1.5125,0.3875,29.8520235,13.0
1.225,0.3,13.39513875,8.0
1.1875,0.3125,14.004653,7.0
0.35,0.0625,0.510291,5.0
1.5125,0.375,29.7386255,9.0
1.0125,0.225,8.57572375,7.0
1.7625,0.3625,50.95822625,13.0
1.125,0.25,13.8062065,7.0
1.55,0.4125,30.1922175,15.0
1.4,0.425,30.1355185,17.0
1.675,0.475,45.20327775,11.0
1.55,0.4875,30.5324115,16.0
1.175,0.275,12.09106175,6.0
1.525,0.3875,29.8520235,11.0
1.5875,0.45,36.95357325,16.0
1.5375,0.375,31.62386725,11.0
1.6625,0.4375,36.7126025,9.0
1.425,0.4375,35.22425375,18.0
1.675,0.45,38.90968875,11.0
1.2125,0.2625,14.798439,6.0
1.625,0.475,46.45065575,18.0
1.0,0.225,8.618248,6.0
1.0875,0.25,10.07824725,6.0
1.925,0.525,45.2741515,11.0
1.2375,0.3,19.77377625,8.0
1.2125,0.3125,18.86659225,8.0
1.525,0.3875,25.684647,9.0
0.8375,0.2375,6.23689,6.0
0.4,0.05,0.41106775,6.0
1.65,0.4375,38.96638775,11.0
1.5,0.4125,33.12639075,10.0
1.2875,0.3375,20.28406725,11.0
1.25,0.3625,17.0380495,9.0
1.2125,0.325,20.76600875,8.0
1.0375,0.2625,9.19941275,7.0
1.1875,0.275,13.210867,7.0
1.4375,0.325,24.7491135,9.0
1.6,0.375,39.7743485,17.0
1.4625,0.3875,24.777463,11.0
1.7375,0.5,53.6089045,11.0
1.625,0.5,43.02036625,11.0
1.4375,0.375,27.54153925,11.0
1.25,0.3,17.236496,13.0
1.5875,0.4375,40.596484,18.0
1.5125,0.3625,30.83008125,9.0
0.7375,0.2125,3.5436875,9.0
1.45,0.4,25.7696955,13.0
1.6125,0.4375,38.11590275,13.0
1.4125,0.3625,24.6357155,9.0
1.45,0.375,29.7386255,8.0
0.775,0.1875,4.91863825,6.0
1.1625,0.3,12.54465375,8.0
1.6,0.4125,40.83745475,10.0
0.5625,0.125,1.45999925,4.0
1.325,0.3875,21.035329,11.0
1.2625,0.3375,17.42076775,10.0
1.625,0.4125,39.24988275,11.0
1.5375,0.5125,41.23434775,14.0
0.5875,0.15,1.82854275,3.0
1.2875,0.35,15.35125425,10.0
1.0875,0.275,11.2547515,7.0
1.5625,0.5,34.8415355,14.0
1.575,0.4,34.74231225,15.0
1.1,0.3125,11.77921725,8.0
1.5375,0.5125,47.58463575,18.0
0.7375,0.1875,3.92640575,5.0
1.475,0.375,28.2644515,12.0
1.375,0.35,17.84601025,9.0
0.8375,0.2,6.4920355,8.0
1.175,0.3375,15.762322,10.0
1.0125,0.2625,9.4970825,7.0
0.5875,0.2,1.814368,5.0
1.1625,0.3125,12.99824575,9.0
1.1625,0.3125,14.61416725,7.0
1.5375,0.4375,31.127751,10.0
1.2,0.3125,16.51358375,8.0
1.3,0.375,20.93610575,9.0
1.025,0.225,9.82310175,7.0
1.45,0.375,25.8830935,12.0
0.8375,0.225,5.7549485,6.0
0.725,0.1875,3.96893,4.0
1.3,0.35,20.36911575,9.0
1.075,0.225,10.375917,7.0
1.475,0.4,26.2232875,14.0
1.5,0.4375,33.849303,9.0
1.25,0.3125,17.95940825,8.0
1.2375,0.3,15.43630275,8.0
1.2,0.3125,17.4916415,9.0
1.3,0.3625,22.92057075,14.0
1.0625,0.2625,9.355335,7.0
1.225,0.2875,24.0687255,9.0
1.25,0.3375,16.9246515,9.0
1.5875,0.4375,36.0322145,10.0
0.775,0.2125,4.12485225,7.0
1.325,0.3375,20.3265915,11.0
1.6125,0.375,39.19318375,11.0
1.25,0.325,16.556108,12.0
1.1625,0.275,12.74310025,8.0
1.4625,0.4625,29.49765475,13.0
1.375,0.3375,20.70930975,12.0
0.5,0.1,0.77961125,5.0
1.1875,0.3,13.62193475,7.0
1.4,0.3875,26.308336,13.0
1.3125,0.3125,17.4349425,8.0
1.5,0.4125,30.91512975,14.0
1.0625,0.3125,12.360382,8.0
1.075,0.2625,10.9712565,9.0
1.175,0.3125,13.39513875,9.0
1.025,0.2375,9.3836845,9.0
1.2625,0.3125,17.70426275,8.0
1.5625,0.4125,33.8776525,17.0
1.7,0.475,51.55356575,10.0
1.3125,0.375,22.04173625,10.0
1.55,0.4125,36.514156,8.0
0.9125,0.2,5.8116475,7.0
1.025,0.2625,9.1001895,8.0
1.125,0.2375,12.6722265,7.0
0.925,0.1875,7.1157245,6.0
1.4625,0.3625,25.51455,11.0
1.6,0.5125,38.96638775,11.0
1.525,0.425,30.432416,12.0
1.225,0.3,15.5071765,8.0
1.2125,0.2875,14.628342,8.0
1.4125,0.3875,26.09571475,10.0
1.55,0.3625,34.79901125,14.0
1.4,0.3625,24.720764,10.0
1.425,0.425,23.7285315,10.0
1.2875,0.3125,17.463292,10.0
1.5125,0.4125,32.0632845,9.0
1.45,0.375,27.0170735,12.0
1.6625,0.45,36.0322145,11.0
0.9625,0.2375,6.350288,6.0
1.4125,0.3375,28.64716975,13.0
1.425,0.425,27.895908,13.0
1.45,0.4375,25.684647,14.0
0.925,0.2375,6.33611325,6.0
1.075,0.275,12.51630425,18.0
1.3,0.325,16.71203025,9.0
1.4375,0.4125,31.6096925,9.0
1.175,0.3625,15.77649675,8.0
1.4125,0.375,21.87163925,9.0
1.3875,0.35,21.6873675,9.0
1.2875,0.4125,32.601925,15.0
1.225,0.3,17.84601025,8.0
0.775,0.2,3.515338,7.0
1.0,0.275,8.901743,11.0
1.2375,0.3125,17.70426275,10.0
1.375,0.35,26.26581175,9.0
1.6875,0.45,41.48949325,12.0
1.0875,0.275,10.9145575,7.0
0.7875,0.125,4.2807745,7.0
1.4125,0.3375,24.76328825,10.0
1.775,0.55,53.6089045,11.0
1.1125,0.2875,11.38232425,7.0
1.175,0.2375,11.7650425,8.0
1.05,0.25,11.38232425,8.0
1.4375,0.35,23.51591025,11.0
1.3125,0.3125,19.17843675,9.0
1.6375,0.4875,38.71124225,18.0
1.4625,0.4125,28.64716975,11.0
0.7,0.15,3.01922175,8.0
1.4125,0.3875,22.8213475,9.0
0.4,0.1,0.83631025,4.0
1.2875,0.3125,16.40018575,8.0
1.6125,0.4375,40.44056175,21.0
0.925,0.225,6.53455975,6.0
1.6125,0.4,33.43823525,10.0
1.1,0.3125,12.60135275,10.0
1.2125,0.3125,14.81261375,13.0
1.2,0.3125,14.571643,9.0
1.4375,0.3875,31.19862475,16.0
1.425,0.4,28.42037375,12.0
1.625,0.425,37.32211675,9.0
1.425,0.3625,26.988724,10.0
1.5625,0.4375,36.1456125,12.0
1.5,0.4,34.0477495,11.0
1.25,0.35,17.7184375,9.0
0.6875,0.1625,2.721552,6.0
1.5375,0.4125,33.40988575,20.0
0.825,0.1875,3.6003865,6.0
1.1875,0.2625,15.49300175,8.0
1.35,0.3875,19.97222275,13.0
1.625,0.475,43.828327,14.0
0.4,0.0875,0.5953395,5.0
0.6875,0.175,2.0128145,4.0
1.175,0.3375,12.43125575,9.0
0.6625,0.175,2.097863,4.0
1.075,0.25,10.716111,7.0
1.325,0.3625,28.64716975,8.0
1.25,0.3375,21.87163925,8.0
1.6,0.4375,41.63124075,17.0
1.5125,0.35,24.76328825,10.0
1.35,0.3625,23.43086175,11.0
1.4875,0.45,38.725417,15.0
0.85,0.1875,5.0745605,7.0
1.1625,0.3,13.097469,9.0
0.975,0.225,8.06543275,6.0
1.5875,0.4875,32.33260475,10.0
1.5625,0.4625,37.137845,16.0
0.95,0.25,7.2858215,7.0
1.6125,0.3875,35.60375275,10.0
1.0,0.225,7.9095105,7.0
1.4125,0.4,27.08794725,9.0
1.575,0.4,34.699788,10.0
1.425,0.375,28.76056775,9.0
0.5875,0.1625,2.721552,5.0
1.7625,0.5125,39.745999,13.0
1.5,0.375,32.16250775,9.0
1.5125,0.4,32.36095425,11.0
1.4,0.3625,23.54425975,9.0
1.0625,0.2625,11.09882925,7.0
0.725,0.175,3.1467945,5.0
1.5625,0.3875,33.55163325,9.0
1.075,0.25,11.2547515,8.0
1.7125,0.45,43.0628905,10.0
1.4625,0.3125,28.7180435,10.0
0.9625,0.25,9.45455825,9.0
1.575,0.4125,32.19085725,10.0
0.6,0.1875,1.94194075,4.0
1.45,0.375,29.18581025,11.0
1.525,0.35,28.67551925,8.0
1.4375,0.375,26.2232875,9.0
1.25,0.3375,15.5071765,9.0
1.4,0.35,22.77882325,9.0
0.5,0.0625,1.09145575,5.0
1.125,0.3,11.41067375,8.0
1.7,0.4375,44.395317,13.0
1.525,0.375,32.205032,10.0
1.4375,0.3375,23.88445375,10.0
1.175,0.275,12.984071,9.0
1.7,0.475,48.477645,18.0
1.5625,0.5,38.838815,10.0
0.6125,0.1625,2.0695135,10.0
1.5,0.4375,32.601925,10.0
0.9625,0.2,7.144074,7.0
1.4125,0.375,22.169309,9.0
1.1625,0.3,17.95940825,8.0
1.2125,0.35,17.42076775,8.0
1.35,0.425,23.85610425,9.0
1.4,0.3625,22.92057075,11.0
1.5625,0.475,33.40988575,10.0
1.225,0.3625,16.68368075,19.0
1.425,0.4,27.499015,10.0
1.2125,0.3875,21.3471735,13.0
0.9625,0.2625,8.46232575,10.0
1.5875,0.4375,35.19590425,11.0
1.525,0.425,30.94347925,11.0
1.5875,0.4,35.50774875,9.0
1.575,0.3875,31.6096925,9.0
1.0,0.325,10.432616,17.0
1.4125,0.4,24.0687255,9.0
1.375,0.3125,22.4244545,9.0
1.55,0.45,33.8209535,10.0
1.25,0.3375,16.76872925,9.0
1.4875,0.375,27.68328675,10.0
1.175,0.2625,13.25339125,7.0
1.25,0.35,18.01610725,13.0
1.6125,0.3875,37.32211675,9.0
1.3625,0.35,21.885814,10.0
1.525,0.3625,26.705229,10.0
1.1875,0.3125,14.92601175,8.0
1.3125,0.3375,19.74542675,9.0
1.2125,0.3625,21.9708625,12.0
1.2,0.3125,14.33067225,9.0
1.425,0.35,24.50814275,9.0
1.525,0.375,36.117263,12.0
1.575,0.3875,33.40988575,8.0
1.1,0.3,11.38232425,11.0
1.5,0.4375,34.699788,15.0
1.475,0.4125,29.69610125,20.0
1.4375,0.4,24.7491135,9.0
1.5,0.3875,30.8726055,10.0
1.5,0.3625,26.2799865,10.0
1.1875,0.275,10.41844125,8.0
0.6375,0.175,2.83495,6.0
1.525,0.375,27.895908,14.0
1.5625,0.4,34.7848365,11.0
0.4625,0.1125,0.907184,4.0
0.975,0.25,7.81028725,7.0
1.3875,0.35,24.720764,9.0
1.25,0.3125,15.43630275,8.0
1.1875,0.2875,14.458245,9.0
0.925,0.225,6.0951425,7.0
1.6125,0.45,37.364641,12.0
1.725,0.475,45.812792,11.0
1.6125,0.475,37.1094955,10.0
1.45,0.3875,27.08794725,11.0
1.575,0.4125,37.32211675,14.0
1.5125,0.5125,38.76794125,16.0
1.2875,0.4125,22.75047375,15.0
1.55,0.4125,33.40988575,10.0
1.175,0.2625,12.7289255,6.0
1.525,0.3875,32.6869735,11.0
1.5625,0.475,34.5580405,18.0
1.425,0.4125,28.7180435,14.0
1.1375,0.25,11.94931425,10.0
1.2,0.3125,15.09610875,13.0
1.5125,0.425,31.65221675,9.0
1.3125,0.4,23.71435675,14.0
1.45,0.4,30.40483875,9.0
1.7625,0.4875,46.67745175,15.0
1.3875,0.35,20.638436,9.0
1.6125,0.4,37.0527965,11.0
1.3,0.35,20.97863,11.0
1.4875,0.3875,27.62658775,10.0
1.4125,0.4125,28.64716975,10.0
1.3125,0.3125,17.67591325,8.0
1.575,0.3875,36.967748,11.0
1.1125,0.3,12.133586,10.0
1.25,0.325,19.17843675,8.0
1.15,0.275,13.154168,6.0
1.475,0.4125,25.92561775,16.0
1.125,0.275,13.39513875,7.0
0.9625,0.25,7.10154975,6.0
0.6375,0.15,2.62232875,5.0
1.3125,0.4125,26.7902775,18.0
1.375,0.375,20.97863,8.0
1.375,0.3625,24.50814275,9.0
1.55,0.4375,34.529691,12.0
1.2125,0.325,18.75319425,8.0
1.725,0.4875,47.0318205,18.0
0.875,0.225,5.5848515,7.0
1.2375,0.3,17.9452335,6.0
1.5125,0.475,37.32211675,18.0
1.15,0.2625,12.68640125,9.0
1.3125,0.3125,19.8163005,9.0
1.6875,0.475,48.00987825,13.0
1.3125,0.3375,20.96445525,8.0
1.7875,0.475,45.25997675,10.0
1.525,0.375,32.16250775,19.0
0.5875,0.1375,1.09145575,4.0
1.325,0.3875,20.79435825,8.0
1.625,0.4375,36.4291075,10.0
1.5625,0.4125,32.16250775,11.0
1.525,0.4,32.2333815,19.0
0.825,0.1875,4.80524025,7.0
1.5125,0.425,26.988724,9.0
1.125,0.3,13.04077,10.0
1.5875,0.5,41.23434775,20.0
1.4375,0.4125,24.50814275,11.0
1.8,0.5375,54.941331,11.0
1.35,0.35,21.885814,10.0
0.925,0.225,7.5126175,7.0
1.4875,0.4,31.581343,15.0
0.6375,0.175,2.08368825,5.0
1.6125,0.5,34.5580405,14.0
1.7625,0.5,49.781722,12.0
1.5875,0.4125,31.39707125,11.0
1.375,0.275,23.71435675,8.0
1.5375,0.4125,32.21920675,11.0
0.6,0.1375,1.54504775,5.0
1.7375,0.5,49.22890675,10.0
1.5625,0.3875,35.3518265,10.0
0.95,0.2,6.33611325,6.0
1.6,0.4125,37.1094955,9.0
1.5125,0.425,33.40988575,15.0
1.575,0.375,35.096681,11.0
1.0,0.225,8.17883075,7.0
1.6,0.4375,40.1145425,15.0
1.425,0.475,30.83008125,17.0
1.1,0.325,12.984071,8.0
0.6875,0.2,2.8066005,5.0
1.25,0.325,19.447757,11.0
1.475,0.35,31.581343,14.0
1.375,0.375,19.74542675,11.0
1.65,0.475,47.513762,16.0
1.175,0.3125,14.81261375,11.0
1.2125,0.3,17.4916415,8.0
0.925,0.2125,6.59125875,7.0
1.55,0.4375,35.50774875,20.0
0.5875,0.1,1.1623295,4.0
1.0375,0.25,9.51125725,8.0
1.425,0.3875,25.27357925,13.0
1.475,0.35,29.97959625,10.0
1.4875,0.3875,31.75144,10.0
0.85,0.275,5.10291,6.0
1.3125,0.2625,18.030282,8.0
1.575,0.475,35.72037,8.0
1.625,0.4375,49.32813,10.0
1.0625,0.2875,10.41844125,8.0
1.375,0.375,27.28639375,10.0
0.975,0.2625,7.030676,6.0
1.1,0.275,11.509897,13.0
1.175,0.2625,12.60135275,7.0
1.6,0.4625,33.43823525,10.0
0.8125,0.1875,4.309124,6.0
0.9625,0.25,8.17883075,7.0
1.55,0.3875,31.9498865,12.0
1.2625,0.3625,17.67591325,14.0
0.925,0.2375,5.65572525,6.0
1.4375,0.3375,22.69377475,12.0
0.9375,0.2375,5.556502,7.0
1.5375,0.4375,31.39707125,14.0
1.5625,0.425,35.50774875,10.0
1.4125,0.4375,27.9242575,12.0
1.3875,0.4,33.12639075,10.0
1.4875,0.375,27.88173325,8.0
1.5625,0.4125,29.937072,11.0
1.4125,0.35,24.323871,8.0
0.575,0.125,1.814368,5.0
0.525,0.1,1.48834875,6.0
1.5375,0.4,32.33260475,11.0
1.0875,0.2875,11.12717875,9.0
1.1875,0.35,13.8062065,8.0
1.0625,0.25,11.1413535,8.0
1.5375,0.3875,29.086587,12.0
1.2375,0.3125,18.71067,9.0
1.4,0.425,24.040376,14.0
0.775,0.1875,3.72795925,5.0
1.3125,0.35,18.313777,9.0
1.475,0.375,28.36367475,8.0
0.7375,0.0,3.01922175,5.0
1.2625,0.325,21.1203775,13.0
1.5625,0.3875,34.8415355,11.0
1.4125,0.3625,23.09066775,9.0
0.825,0.225,6.30776375,7.0
1.125,0.2625,13.551061,7.0
0.775,0.1875,3.6570855,6.0
1.425,0.3625,22.15513425,11.0
1.3125,0.4125,22.169309,9.0
1.375,0.35,24.777463,10.0
1.275,0.275,19.57532975,9.0
1.2625,0.3125,15.49300175,8.0
1.45,0.3875,29.95124675,9.0
1.7375,0.5,51.90929475,12.0
1.3875,0.4,26.932025,9.0
1.2625,0.3125,17.50581625,8.0
1.5875,0.425,39.859397,10.0
1.4125,0.375,25.92561775,14.0
1.025,0.275,8.20718025,7.0
1.2625,0.325,16.31513725,8.0
0.5125,0.1375,1.020582,5.0
1.5875,0.55,40.9083285,10.0
1.1875,0.275,13.154168,7.0
0.7875,0.225,3.7704835,5.0
0.7,0.175,2.8632995,5.0
1.475,0.375,26.2232875,9.0
0.775,0.1875,4.23825025,5.0
1.25,0.375,18.86659225,10.0
0.5125,0.125,1.0489315,3.0
1.4625,0.3625,27.385617,10.0
1.125,0.3375,13.05494475,8.0
1.2875,0.3375,15.49300175,9.0
1.1875,0.3375,15.09610875,7.0
1.4875,0.4,25.7129965,10.0
0.4375,0.1375,0.89300925,4.0
1.1625,0.2625,12.60135275,9.0
1.6875,0.425,41.8722115,9.0
1.275,0.35,21.72989175,8.0
1.475,0.35,28.81726675,10.0
1.3,0.375,18.592225,11.0
0.8,0.2125,3.9972795,5.0
1.625,0.4875,43.318036,13.0
1.5625,0.4375,39.02308675,10.0
1.6375,0.4625,42.82191975,11.0
1.5625,0.4375,36.0889135,13.0
1.6,0.45,39.19318375,11.0
0.9875,0.25,7.98038425,7.0
1.2875,0.35,18.75319425,10.0
1.75,0.4875,45.91201525,12.0
1.1625,0.275,13.5794105,8.0
1.4375,0.3875,29.97959625,11.0
1.3875,0.35,25.69882175,19.0
1.7,0.475,55.06890375,10.0
0.5875,0.125,1.814368,6.0
1.6375,0.4375,41.39027,13.0
1.425,0.375,23.79940525,10.0
1.4375,0.375,23.26076475,10.0
1.4375,0.35,24.50814275,9.0
1.2,0.275,16.25843825,12.0
1.6,0.4,30.957654,10.0
1.4,0.35,22.169309,9.0
1.2875,0.275,14.81261375,11.0
1.3625,0.375,23.530085,10.0
1.15,0.3,13.08329425,8.0
1.475,0.375,23.91280325,10.0
1.625,0.4375,36.61337925,10.0
1.6375,0.4375,36.78347625,12.0
1.45,0.4125,28.76056775,14.0
1.625,0.4125,44.57182125,10.0
0.6375,0.1625,2.16873675,5.0
1.325,0.35,22.55202725,11.0
1.1,0.2375,10.4042665,8.0
1.5625,0.375,35.02580725,9.0
1.6125,0.4375,32.998818,10.0
1.1625,0.25,11.43902325,6.0
1.6375,0.3875,38.68289275,13.0
1.2125,0.3,15.762322,7.0
1.1875,0.3,12.99824575,9.0
1.275,0.3375,17.76096175,9.0
1.5125,0.4,35.62114675,12.0
1.6,0.4375,41.23434775,11.0
1.375,0.3625,22.169309,21.0
1.4375,0.4,24.42309425,13.0
0.6875,0.2125,2.8066005,7.0
0.675,0.175,3.72795925,4.0
1.375,0.3875,19.17843675,11.0
1.075,0.275,7.49844275,8.0
1.5,0.3875,33.8776525,10.0
1.5125,0.4,37.0527965,10.0
1.1375,0.3,13.90542975,12.0
1.175,0.35,16.71203025,9.0
1.5125,0.4125,33.12639075,9.0
1.1125,0.3,12.91319725,9.0
1.575,0.4,25.67047225,10.0
1.775,0.475,45.74191825,14.0
1.8,0.5375,55.961913,12.0
1.375,0.375,22.58037675,9.0
1.5,0.4125,31.62386725,8.0
1.4375,0.3875,33.5941575,9.0
1.25,0.3625,21.38969775,11.0
1.025,0.25,11.7083435,7.0
0.9,0.2125,5.79747275,7.0
1.25,0.35,13.05494475,8.0
1.3,0.3125,18.24290325,11.0
1.15,0.3125,11.453198,6.0
1.575,0.4,29.69610125,10.0
0.6375,0.1625,1.190679,4.0
1.0,0.225,10.41844125,7.0
1.25,0.3125,14.571643,8.0
1.5125,0.4375,37.32211675,10.0
1.4875,0.45,27.20134525,8.0
0.925,0.2375,7.7394135,7.0
1.55,0.4,29.5685285,12.0
1.35,0.35,15.43630275,8.0
0.325,0.05,0.963883,4.0
0.9875,0.2375,8.8733935,14.0
1.5125,0.4,27.442316,9.0
1.575,0.475,39.02308675,17.0
1.55,0.4375,41.4753185,12.0
1.475,0.4,25.44367625,11.0
1.4375,0.375,27.99513125,10.0
0.8125,0.1875,4.7910655,7.0
1.3,0.3,15.762322,8.0
1.7375,0.4875,45.472598,17.0
1.425,0.4,27.612413,14.0
1.6875,0.4625,42.2124055,10.0
1.025,0.2875,7.994559,10.0
0.8,0.2125,4.6209685,6.0
1.0625,0.2375,9.19941275,7.0
1.5,0.4125,35.777069,10.0
0.4625,0.1125,0.907184,4.0
1.5875,0.4125,33.8776525,19.0
1.4,0.375,28.90231525,9.0
1.0,0.25,9.3836845,6.0
1.5625,0.425,37.364641,10.0
0.8,0.1875,4.20990075,6.0
1.475,0.4125,26.365035,18.0
1.1125,0.25,11.169703,9.0
1.35,0.35,19.57532975,8.0
1.4875,0.375,31.467945,10.0
1.325,0.45,27.895908,21.0
1.1625,0.275,11.169703,9.0
0.85,0.1875,6.180191,5.0
0.6,0.1125,1.814368,6.0
1.275,0.4,28.02348075,10.0
1.6875,0.4875,41.63124075,19.0
1.275,0.3875,21.6873675,12.0
1.6125,0.4125,39.2073585,16.0
1.575,0.4125,35.0116325,10.0
1.125,0.2625,11.55242125,7.0
0.6375,0.15,2.381358,5.0
0.975,0.225,7.824462,6.0
1.0875,0.225,11.6516445,6.0
1.3625,0.325,22.80717275,15.0
1.4875,0.4625,29.766975,10.0
1.375,0.3375,22.8213475,10.0
1.7125,0.525,45.1607535,10.0
0.925,0.2125,6.2085405,7.0
1.4875,0.4,26.12406425,9.0
1.5,0.425,28.066005,10.0
1.3125,0.325,20.05727125,8.0
1.3125,0.3125,22.1409595,9.0
0.9875,0.2375,9.56795625,6.0
1.25,0.35,16.85377775,10.0
1.5625,0.3875,35.19590425,9.0
1.0875,0.3125,12.417081,7.0
1.4625,0.375,29.937072,13.0
1.3125,0.375,21.9708625,9.0
1.175,0.3125,16.45688475,8.0
1.3125,0.325,19.06503875,9.0
1.1375,0.275,11.66581925,9.0
0.875,0.225,5.88252125,6.0
1.5625,0.3875,38.03085425,10.0
1.4625,0.375,26.26581175,9.0
1.6125,0.475,43.6298805,10.0
1.225,0.275,15.49300175,10.0
1.4,0.3875,27.62658775,12.0
1.1,0.275,11.7083435,9.0
1.5125,0.4,32.92794425,9.0
1.4625,0.4625,27.4139665,15.0
1.4125,0.4,22.8213475,9.0
1.4625,0.4125,32.431828,9.0
1.425,0.375,24.67823975,9.0
1.3125,0.3375,19.9863975,9.0
1.625,0.5,42.354153,9.0
1.025,0.225,7.95203475,7.0
1.175,0.3125,14.18892475,17.0
1.45,0.4125,28.8314415,15.0
0.95,0.25,7.654365,7.0
0.875,0.225,5.0745605,7.0
1.55,0.4,31.51046925,13.0
1.35,0.3,21.4605715,10.0
1.475,0.4375,34.0477495,14.0
1.6125,0.4,35.210079,9.0
1.5,0.375,32.034935,11.0
0.8875,0.2,5.06038575,6.0
1.225,0.3,15.2236815,8.0
1.125,0.3125,13.0691195,8.0
1.475,0.375,28.689694,14.0
1.525,0.4375,33.0838665,14.0
1.4,0.4375,26.63435525,13.0
1.075,0.2625,10.149121,7.0
1.4375,0.375,26.08154,10.0
1.375,0.35,21.8007655,7.0
1.4,0.35,24.67823975,9.0
1.6,0.4125,31.34037225,12.0
1.2875,0.4875,22.169309,15.0
1.4125,0.4,22.5378525,10.0
1.475,0.3875,30.94347925,9.0
1.525,0.4125,30.1355185,12.0
1.4,0.3625,24.28134675,13.0
1.2125,0.3125,15.87572,7.0
1.025,0.275,9.73805325,8.0
1.5125,0.4125,30.71668325,12.0
0.875,0.2125,5.03203625,3.0
0.675,0.1875,2.8632995,6.0
1.2375,0.325,16.68368075,8.0
1.25,0.3,18.14368,10.0
1.5875,0.4,34.5013415,10.0
1.5625,0.4375,37.364641,9.0
1.6125,0.45,41.80133775,11.0
1.325,0.35,23.7285315,9.0
1.525,0.375,30.71668325,8.0
0.4,0.0875,0.55281525,4.0
1.425,0.35,24.96173475,9.0
1.1,0.275,12.5021295,9.0
1.4125,0.3625,24.73493875,9.0
1.6,0.45,32.6869735,9.0
1.3625,0.45,25.33027825,25.0
1.5125,0.4125,35.19590425,15.0
1.4875,0.375,28.2077525,11.0
1.3,0.35,20.0997955,11.0
1.55,0.4375,41.80133775,11.0
1.525,0.4,26.875326,10.0
1.6125,0.475,41.23434775,14.0
1.4125,0.4,27.1304715,20.0
1.25,0.3625,22.963095,9.0
1.4875,0.3875,30.900955,11.0
0.975,0.2625,7.9662095,7.0
1.5375,0.3875,27.9242575,10.0
1.175,0.3125,15.2236815,7.0
1.425,0.4,26.365035,10.0
1.5125,0.325,23.09066775,9.0
1.375,0.4125,24.73493875,9.0
1.45,0.4,28.02348075,12.0
1.6625,0.475,40.1145425,10.0
1.6,0.475,43.3463855,22.0
1.5625,0.4125,35.62114675,12.0
1.45,0.375,26.63435525,11.0
0.75,0.1875,2.76407625,6.0
1.0625,0.2375,10.73028575,13.0
1.375,0.35,21.55979475,15.0
1.6375,0.3625,28.78891725,10.0
1.6625,0.4125,39.179009,9.0
1.75,0.5,53.580555,12.0
1.5125,0.4125,30.91512975,11.0
1.4125,0.3875,26.69105425,9.0
0.675,0.2125,3.742134,5.0
1.5125,0.4125,32.0065855,13.0
1.475,0.3625,27.51318975,13.0
1.2125,0.3375,18.75319425,13.0
1.575,0.3875,32.78619675,10.0
1.025,0.25,7.98038425,8.0
0.925,0.2125,6.95980225,6.0
1.2875,0.3,15.87572,8.0
1.05,0.2875,10.33339275,7.0
1.4375,0.35,26.2232875,9.0
1.4125,0.3375,22.66542525,9.0
1.3,0.3125,16.76872925,9.0
0.9375,0.25,7.9662095,9.0
1.45,0.375,28.05183025,9.0
1.0875,0.325,9.99319875,8.0
1.3125,0.3125,20.638436,10.0
1.525,0.375,31.2694985,9.0
1.475,0.4,30.390664,13.0
1.5875,0.4375,36.10308825,12.0
1.7375,0.425,44.15434625,10.0
1.3375,0.375,23.45921125,9.0
1.5625,0.45,40.83745475,16.0
1.4625,0.425,32.72949775,19.0
1.5625,0.4125,31.6096925,10.0
1.35,0.3625,24.437269,9.0
1.475,0.4125,34.189497,12.0
1.7,0.525,42.807745,11.0
1.1,0.275,12.3320325,8.0
0.9375,0.225,6.13766675,6.0
1.025,0.2625,10.95708175,7.0
1.0875,0.3,13.90542975,7.0
1.525,0.425,27.612413,11.0
1.6625,0.4375,43.30386125,12.0
1.175,0.275,14.5432935,7.0
1.175,0.3875,18.427175,13.0
1.475,0.375,31.581343,14.0
1.3,0.3625,19.74542675,8.0
1.5125,0.5,28.5479465,16.0
1.5875,0.3875,33.83512825,10.0
1.475,0.3875,28.81726675,20.0
0.8125,0.1875,3.61456125,6.0
1.5,0.375,30.71668325,10.0
1.6125,0.4375,32.89959475,10.0
0.825,0.175,4.2807745,6.0
1.625,0.4375,38.385223,9.0
0.925,0.25,7.087375,8.0
1.1,0.3,10.7444605,8.0
1.425,0.3875,28.7180435,8.0
1.2625,0.3125,18.597272,9.0
1.2875,0.3,18.540573,10.0
1.4125,0.35,25.52872475,14.0
1.5375,0.4125,35.777069,14.0
1.4,0.3875,26.01066625,10.0
1.575,0.4375,30.9860035,12.0
1.475,0.4125,33.29648775,13.0
0.6875,0.15,2.3530085,7.0
1.525,0.4125,29.3417325,9.0
1.2125,0.2875,15.3370795,8.0
0.925,0.225,6.123492,7.0
0.875,0.225,5.1312595,6.0
1.5625,0.4125,34.37376875,11.0
1.775,0.45,44.8772585,10.0
1.5125,0.3875,31.127751,12.0
1.4375,0.4,22.8213475,9.0
1.475,0.375,25.86891875,10.0
1.1875,0.2875,12.51630425,10.0
1.575,0.375,31.14192575,13.0
1.575,0.375,32.16250775,9.0
1.4125,0.4,24.76328825,10.0
1.45,0.375,27.1304715,9.0
0.7875,0.175,3.40194,7.0
1.0375,0.25,10.41844125,7.0
1.6125,0.4625,41.7588135,14.0
0.7125,0.1375,2.8632995,4.0
1.1875,0.3125,14.118051,9.0
1.1,0.2875,11.89261525,8.0
1.6125,0.375,32.034935,12.0
1.3,0.3125,20.184844,9.0
1.575,0.4,34.23202125,9.0
1.3,0.3375,18.71067,13.0
1.5375,0.4625,33.40988575,11.0
1.4125,0.425,25.7696955,8.0
1.3,0.35,19.43358225,15.0
1.4125,0.375,23.85610425,10.0
1.225,0.3125,19.09338825,9.0
1.425,0.375,22.8213475,11.0
1.275,0.3,16.17338975,7.0
0.7875,0.2125,4.309124,7.0
1.25,0.3125,18.86659225,8.0
1.525,0.5,32.41765325,15.0
1.4875,0.3875,29.0582375,9.0
1.3125,0.3125,17.19397175,9.0
1.1375,0.2875,12.6722265,8.0
0.9375,0.25,6.30776375,9.0
1.7125,0.475,52.34735175,10.0
1.1125,0.3125,12.99824575,7.0
1.2625,0.3,18.71067,8.0
1.5125,0.425,29.69610125,13.0
0.8,0.2,3.81300775,5.0
1.625,0.425,36.61337925,10.0
1.525,0.475,31.90736225,11.0
0.8375,0.2125,5.31553125,9.0
0.9,0.225,6.13766675,7.0
0.775,0.1875,4.15320175,5.0
1.25,0.3375,13.11164375,11.0
1.3,0.325,18.8524175,9.0
0.75,0.125,3.5436875,4.0
1.25,0.3,16.51358375,8.0
1.475,0.4125,32.81454625,14.0
1.1875,0.3125,16.4143605,9.0
0.95,0.25,7.78193775,7.0
1.5625,0.45,33.46658475,14.0
0.7,0.175,3.38776525,5.0
1.325,0.4125,23.51591025,14.0
1.4125,0.35,24.777463,10.0
1.425,0.3875,33.40988575,10.0
0.9625,0.225,7.6827145,6.0
1.2375,0.35,16.48523425,14.0
1.4375,0.3125,21.95668775,9.0
1.3125,0.3375,17.95940825,8.0
0.8625,0.225,7.5126175,7.0
1.125,0.3125,14.61416725,11.0
1.1625,0.35,15.5071765,8.0
1.5625,0.3875,34.302895,10.0
0.5875,0.1625,1.8994165,7.0
1.2875,0.35,18.01610725,11.0
1.5875,0.4125,35.98969025,12.0
1.0375,0.25,10.98543125,9.0
1.3125,0.375,23.88445375,11.0
1.425,0.425,22.5378525,13.0
1.4,0.3625,26.705229,9.0
1.425,0.3625,27.612413,10.0
1.6625,0.4375,40.7382315,10.0
1.0625,0.25,9.19941275,7.0
1.125,0.2625,12.47378,10.0
1.675,0.4625,38.68289275,9.0
1.1,0.2625,12.94154675,7.0
1.4125,0.3125,23.756881,10.0
1.1375,0.25,11.49572225,7.0
1.2125,0.2625,17.8885345,8.0
1.375,0.3375,19.66037825,14.0
1.325,0.375,22.849697,9.0
1.175,0.325,13.50853675,8.0
1.4625,0.35,21.38969775,8.0
1.725,0.475,43.431434,11.0
1.425,0.375,24.84833675,12.0
1.0625,0.25,8.00873375,6.0
1.4,0.3625,23.586784,8.0
1.425,0.4,23.983677,8.0
1.0375,0.225,9.695529,8.0
1.5625,0.3625,30.51823675,9.0
1.1,0.35,10.4042665,9.0
1.6125,0.3875,33.04134225,9.0
1.3125,0.3625,21.8007655,10.0
1.45,0.4,24.777463,11.0
1.2375,0.3125,13.93377925,7.0
1.375,0.35,23.09066775,12.0
0.9625,0.25,7.98038425,7.0
1.625,0.45,33.8776525,12.0
1.375,0.3375,19.83047525,10.0
0.6125,0.15,1.80019325,4.0
1.35,0.325,21.21960075,15.0
1.4,0.4375,26.138239,13.0
1.6875,0.475,43.02036625,11.0
1.25,0.3125,14.968536,9.0
1.625,0.3875,36.61337925,8.0
0.925,0.225,7.9095105,7.0
1.225,0.3125,16.45688475,9.0
1.5625,0.375,32.6302745,9.0
1.525,0.4125,34.77066175,8.0
1.275,0.3375,17.84601025,8.0
0.95,0.225,6.53455975,7.0
1.375,0.3375,22.75047375,9.0
1.4375,0.4,27.34309275,9.0
1.5,0.4,34.5013415,14.0
0.975,0.225,7.55514175,7.0
1.4125,0.3875,25.27357925,12.0
1.4,0.3625,26.1098895,10.0
1.4625,0.4,27.34309275,10.0
1.375,0.325,23.45921125,8.0
1.375,0.375,23.43086175,8.0
1.775,0.5375,54.5727875,13.0
1.1125,0.3375,10.886208,10.0
1.2,0.3,16.839603,10.0
1.1125,0.2375,7.6260155,7.0
1.375,0.3375,23.09066775,8.0
1.0875,0.275,12.99824575,7.0
1.1,0.25,11.396499,7.0
1.1625,0.35,13.39513875,10.0
1.7,0.4625,50.121916,13.0
1.1,0.3,13.8062065,9.0
1.6125,0.4,43.318036,11.0
1.525,0.3625,27.08794725,11.0
1.4125,0.375,25.41532675,13.0
1.525,0.45,39.02308675,13.0
1.6,0.425,34.99745775,10.0
1.6375,0.4875,38.51279575,9.0
1.4625,0.35,27.442316,8.0
1.6,0.475,38.215126,10.0
1.3625,0.425,21.885814,18.0
1.1,0.3125,14.44407025,8.0
1.5,0.4125,29.1149365,9.0
0.975,0.225,7.86698625,6.0
1.4375,0.4,28.76056775,13.0
0.5,0.1,1.45999925,5.0
1.525,0.4375,36.627554,13.0
1.2125,0.3375,15.77649675,9.0
1.725,0.5125,47.740558,13.0
0.925,0.2125,5.443104,7.0
0.8125,0.1875,4.32329875,6.0
1.575,0.3875,35.096681,9.0
1.3625,0.3125,17.50581625,8.0
1.6,0.4125,33.0271675,11.0
1.0375,0.25,10.4042665,8.0
1.2625,0.325,18.71067,10.0
1.4375,0.375,24.1821235,10.0
0.6375,0.175,2.608154,6.0
1.4875,0.3375,21.87163925,10.0
1.575,0.4375,35.36600125,10.0
1.6125,0.475,37.194544,14.0
1.4,0.4,20.8935815,9.0
1.175,0.3,14.92601175,11.0
1.2125,0.275,16.40018575,8.0
1.4625,0.4125,26.52095725,15.0
1.525,0.3375,30.94347925,9.0
1.5375,0.4375,34.0477495,17.0
1.4375,0.425,24.7491135,11.0
1.4,0.375,32.205032,11.0
0.95,0.225,6.61960825,7.0
1.4625,0.425,29.993771,22.0
0.925,0.25,7.44174375,6.0
1.5625,0.4875,39.19337775,10.0
1.525,0.3875,34.5013415,11.0
1.5625,0.4125,35.5786225,12.0
1.225,0.3125,15.23785625,8.0
1.15,0.2125,12.9557215,6.0
1.4125,0.4,23.88445375,8.0
1.4625,0.3875,24.097075,12.0
1.325,0.3125,18.9091165,8.0
1.225,0.3,16.9813505,8.0
1.5875,0.4375,37.54891275,13.0
1.45,0.35,22.58037675,10.0
1.4375,0.4125,29.48348,12.0
1.15,0.2875,13.45183775,11.0
0.525,0.1375,2.1829115,5.0
1.225,0.3,15.989118,9.0
1.45,0.4,29.21415975,10.0
1.5,0.375,32.205032,10.0
1.35,0.3125,21.3471735,8.0
1.55,0.4,30.1922175,9.0
1.125,0.375,13.4093135,16.0
1.5375,0.4125,30.43318825,9.0
1.075,0.275,10.95708175,8.0
1.1375,0.275,12.28950825,10.0
0.9125,0.2,5.03203625,6.0
1.525,0.4875,32.33260475,18.0
1.125,0.3,14.571643,7.0
0.9,0.2375,6.2085405,8.0
1.575,0.3875,37.37881575,16.0
1.8125,0.4625,47.18774275,19.0
1.55,0.4375,36.0889135,19.0
1.2625,0.325,19.15008725,9.0
1.4875,0.3625,29.32755775,12.0
0.9125,0.2125,4.72019175,6.0
1.15,0.3125,11.8217415,8.0
1.475,0.375,29.540179,9.0
1.4625,0.3625,20.76600875,8.0
1.5,0.4,28.76056775,16.0
1.6125,0.4625,39.95862025,10.0
1.0875,0.3125,13.36678925,8.0
1.0375,0.2375,9.8939755,7.0
1.5625,0.4625,41.8722115,9.0
1.3,0.375,20.00057225,11.0
1.5625,0.4125,37.40716525,11.0
0.875,0.2375,5.31553125,7.0
1.4125,0.375,30.3623145,11.0
1.475,0.325,24.1821235,10.0
1.575,0.3875,31.18445,11.0
1.525,0.4125,33.83512825,14.0
1.4,0.375,24.777463,9.0
1.35,0.375,20.79435825,13.0
1.6125,0.4625,36.3157095,12.0
1.425,0.325,23.8986285,10.0
1.0125,0.25,9.51125725,7.0
0.9125,0.225,6.33611325,6.0
1.275,0.2875,16.40018575,8.0
1.125,0.3125,12.09106175,9.0
1.2,0.3125,15.87572,8.0
1.45,0.375,25.0893075,11.0
0.8625,0.2,6.13766675,7.0
1.5125,0.4125,33.622507,16.0
1.525,0.3625,28.67551925,14.0
1.15,0.325,10.30504325,8.0
1.625,0.4375,36.117263,10.0
1.25,0.3,16.839603,8.0
1.4625,0.425,30.8726055,11.0
1.4375,0.3875,24.76328825,13.0
1.375,0.3375,21.64484325,9.0
1.0625,0.275,10.41844125,8.0
1.125,0.2875,10.95708175,8.0
1.3,0.35,18.313777,9.0
1.425,0.3875,25.13183175,11.0
1.4875,0.375,31.127751,11.0
1.275,0.35,23.88445375,9.0
0.8125,0.2125,4.4508715,5.0
1.4875,0.3625,31.638042,10.0
1.1625,0.25,12.6722265,7.0
1.4125,0.35,26.2799865,20.0
1.45,0.4625,24.6357155,8.0
1.4,0.4375,23.48756075,14.0
1.5,0.4125,31.808139,10.0
1.625,0.4125,35.096681,11.0
1.4875,0.35,24.777463,10.0
1.5,0.425,29.3417325,10.0
1.525,0.4125,36.0322145,10.0
1.65,0.45,41.00755175,9.0
1.4625,0.375,27.895908,9.0
1.1375,0.3125,13.324265,8.0
1.8375,0.5125,53.29706,11.0
1.575,0.4375,35.76289425,11.0
1.6125,0.375,36.47163175,10.0
1.3,0.325,20.921931,8.0
1.525,0.4125,27.08794725,10.0
1.525,0.375,30.4190135,9.0
0.95,0.2125,7.98038425,7.0
1.375,0.3375,21.9708625,8.0
1.2375,0.3,16.9813505,8.0
1.4125,0.475,28.576296,22.0
1.2125,0.3625,18.71067,9.0
1.5125,0.45,32.98464325,16.0
0.9625,0.2125,6.70465675,6.0
1.525,0.375,31.3261975,10.0
0.95,0.2125,7.1724235,6.0
1.675,0.5,42.2124055,14.0
1.7375,0.5125,47.230267,15.0
0.8375,0.2,5.556502,6.0
1.2625,0.4125,17.236496,11.0
0.6875,0.2,2.83495,5.0
1.6375,0.4625,37.42134,13.0
1.5,0.4,31.2694985,12.0
1.4375,0.35,27.22969475,9.0
1.6,0.4625,38.215126,12.0
1.15,0.2875,13.08329425,7.0
0.825,0.225,5.443104,8.0
1.4875,0.3625,27.8675585,9.0
1.65,0.4625,44.55123925,13.0
1.5,0.4125,30.3623145,11.0
1.4625,0.375,29.39795925,19.0
1.1375,0.2875,13.39513875,8.0
1.325,0.3875,23.94115275,12.0
0.6375,0.15,2.438057,6.0
1.1375,0.3375,13.8062065,12.0
0.9125,0.25,7.55514175,7.0
1.5375,0.3375,32.772022,10.0
1.325,0.35,19.85882475,10.0
1.5625,0.475,32.16250775,16.0
1.375,0.375,22.566202,11.0
1.325,0.375,20.921931,8.0
1.4875,0.375,26.08154,10.0
1.375,0.325,22.41027975,15.0
0.75,0.2375,4.252425,6.0
1.3125,0.3125,19.447757,12.0
0.6,0.1375,1.984465,5.0
1.4375,0.475,32.0065855,17.0
1.475,0.375,34.8415355,21.0
1.2375,0.3,15.5071765,8.0
0.8875,0.225,7.9095105,11.0
1.425,0.3625,28.36367475,9.0
1.3125,0.375,23.79940525,9.0
1.7375,0.4375,44.80638475,13.0
0.8375,0.2,4.80524025,6.0
1.6125,0.4125,39.179009,11.0
0.975,0.2125,7.61184075,7.0
1.4125,0.3875,27.895908,13.0
1.3875,0.3375,21.659018,8.0
1.2625,0.3,17.8885345,9.0
0.4125,0.125,0.66621325,4.0
1.325,0.325,19.3060095,9.0
1.3125,0.4,20.638436,9.0
1.5,0.375,31.65221675,9.0
0.9375,0.225,7.9095105,7.0
1.2,0.3,13.90542975,8.0
1.45,0.3625,24.153774,10.0
1.5375,0.475,34.302895,13.0
1.6,0.4875,37.32211675,13.0
1.25,0.3375,17.70426275,8.0
1.225,0.3125,15.4504775,9.0
1.525,0.425,31.02852775,10.0
1.275,0.3375,16.0741665,8.0
1.625,0.4375,35.19590425,11.0
1.575,0.4375,32.16250775,12.0
1.325,0.2625,20.08562075,9.0
1.0875,0.275,11.169703,8.0
0.8875,0.2,5.10291,8.0
1.5375,0.4125,32.98464325,10.0
1.3125,0.325,24.5790165,20.0
1.4875,0.325,27.669112,10.0
1.1625,0.2875,13.551061,9.0
1.6125,0.475,37.74735925,11.0
1.225,0.3125,16.51358375,11.0
1.7625,0.4625,50.6605565,21.0
1.7375,0.5125,53.4388075,10.0
1.4125,0.375,24.7491135,10.0
0.6375,0.1125,2.02698925,6.0
1.3,0.35,23.700182,14.0
1.1875,0.275,11.94931425,7.0
1.7,0.45,50.745605,11.0
1.1,0.275,12.9557215,7.0
1.3125,0.3375,17.95940825,13.0
1.25,0.3375,17.13727275,10.0
1.45,0.3875,28.27862625,8.0
1.4875,0.4125,30.4190135,10.0
0.7125,0.2,3.7137845,11.0
1.675,0.375,38.82464025,10.0
1.3,0.2875,14.69921575,8.0
1.1875,0.2875,14.50076925,10.0
1.425,0.3625,25.2027055,11.0
1.325,0.3375,19.66037825,8.0
1.6,0.4,40.5681345,11.0
1.625,0.45,39.179009,10.0
1.15,0.3125,13.1258185,9.0
1.5625,0.3125,33.8776525,12.0
1.125,0.2625,11.66581925,8.0
0.45,0.1125,0.8221355,4.0
1.0375,0.2875,11.7650425,7.0
1.0125,0.2875,9.19941275,7.0
1.4,0.3875,27.76833525,16.0
1.5625,0.475,35.42270025,10.0
1.175,0.3125,16.44271,11.0
1.3125,0.3,19.57532975,10.0
1.2,0.275,14.69921575,8.0
1.175,0.3,11.38232425,8.0
0.8125,0.1875,4.91863825,5.0
0.7125,0.1625,2.438057,7.0
1.35,0.35,22.92057075,13.0
0.7,0.2,2.84912475,5.0
1.4875,0.375,31.70891575,10.0
1.1,0.2625,11.6516445,7.0
1.3375,0.375,21.27629975,10.0
1.2125,0.325,13.05494475,8.0
1.575,0.425,30.03629525,9.0
1.3625,0.3625,21.9708625,10.0
1.4,0.3625,22.8213475,9.0
1.0,0.25,8.618248,8.0
1.2875,0.35,19.17843675,8.0
1.375,0.3375,21.38969775,10.0
1.1875,0.3125,13.8062065,9.0
1.1875,0.2875,13.097469,10.0
1.25,0.3125,14.458245,7.0
1.525,0.375,29.15746075,10.0
1.3,0.35,22.1976585,9.0
1.475,0.35,24.1821235,9.0
1.625,0.4375,39.179009,11.0
1.1625,0.275,11.52407175,6.0
0.6625,0.1625,2.16873675,6.0
1.4,0.4,24.153774,9.0
1.525,0.4125,31.70891575,15.0
1.4875,0.4125,28.76056775,19.0
1.3625,0.4125,25.741346,9.0
1.55,0.4125,36.457457,13.0
1.25,0.4,19.85882475,16.0
1.5625,0.4,35.4652245,16.0
1.1,0.3125,12.0485375,6.0
1.325,0.3375,21.999212,8.0
1.625,0.4875,39.2640575,17.0
1.4125,0.425,24.56484175,15.0
1.7125,0.425,44.91978275,17.0
1.6125,0.4375,40.86580425,11.0
1.45,0.3625,31.581343,8.0
1.375,0.4375,24.38057,14.0
1.45,0.3625,22.736299,10.0
1.5875,0.4375,39.179009,10.0
0.875,0.225,5.5848515,6.0
1.0375,0.25,11.8217415,6.0
1.375,0.3375,22.77882325,8.0
1.425,0.4,30.0221205,20.0
1.55,0.4375,33.12639075,12.0
1.6,0.4,32.98464325,8.0
1.4375,0.4625,30.03629525,20.0
1.1625,0.3,14.3731965,8.0
1.125,0.3,10.33339275,7.0
1.1375,0.3125,15.37960375,8.0
0.925,0.225,6.81805475,7.0
1.5375,0.45,28.973189,11.0
1.525,0.375,31.524644,9.0
1.525,0.375,29.48348,12.0
1.625,0.4125,34.23202125,11.0
1.175,0.3125,12.94154675,8.0
1.1125,0.225,11.77921725,7.0
1.3,0.35,20.25571775,8.0
1.5875,0.4625,36.2023115,17.0
0.725,0.175,2.28213475,5.0
1.425,0.3375,22.58037675,13.0
1.4875,0.375,29.765184,10.0
1.5625,0.4125,35.4652245,17.0
0.975,0.2375,8.3064035,7.0
1.35,0.3875,26.138239,10.0
1.55,0.35,28.8314415,10.0
1.2375,0.35,15.49300175,8.0
0.9125,0.225,6.56290925,8.0
1.3,0.3375,17.95940825,9.0
0.825,0.1875,5.10291,5.0
1.4125,0.375,23.43086175,8.0
1.3125,0.325,15.49300175,9.0
1.5375,0.4125,31.70891575,12.0
1.425,0.35,24.16794875,9.0
1.1625,0.225,10.886208,6.0
1.475,0.4125,30.220567,9.0
0.8375,0.2125,5.3013565,6.0
1.45,0.425,24.323871,9.0
0.525,0.1125,0.89300925,4.0
1.3125,0.35,21.58814425,10.0
1.225,0.3375,19.74542675,8.0
1.25,0.3,15.5071765,8.0
1.475,0.45,29.993771,10.0
1.4875,0.3875,28.76056775,10.0
1.375,0.35,23.54425975,10.0
1.4375,0.4,25.9397925,10.0
1.6875,0.5,39.405805,11.0
1.475,0.375,27.839209,8.0
1.2875,0.3375,22.0275615,14.0
1.3,0.4125,24.6924145,12.0
1.4,0.325,20.14231975,8.0
1.3875,0.3125,22.29688175,10.0
1.575,0.375,32.205032,10.0
1.3125,0.325,19.80212575,10.0
1.3,0.3125,18.653971,9.0
0.7,0.1875,3.9405805,6.0
1.7375,0.5,51.27007075,12.0
1.5375,0.4125,32.0065855,10.0
1.5625,0.375,31.241149,10.0
1.425,0.3875,25.92561775,9.0
1.0,0.2375,8.17883075,11.0
1.45,0.375,28.25027675,11.0
1.6125,0.475,36.1867765,13.0
1.5625,0.4125,37.7331845,10.0
1.525,0.3875,36.117263,14.0
1.3,0.3625,19.46193175,8.0
1.7375,0.5,49.85259575,15.0
1.6875,0.4875,38.158427,10.0
1.05,0.2875,8.51902475,8.0
1.1125,0.2875,11.0279555,7.0
1.625,0.4375,47.0318205,12.0
0.775,0.225,4.2240755,3.0
1.6375,0.475,44.2535695,11.0
1.6375,0.4375,40.25629,12.0
1.125,0.2625,11.66581925,7.0
1.5,0.375,30.900955,8.0
1.125,0.3125,11.55242125,8.0
0.6375,0.1375,2.608154,5.0
1.25,0.275,16.40018575,9.0
1.325,0.4125,25.61377325,14.0
1.5125,0.3875,34.06192425,10.0
1.175,0.2625,11.169703,8.0
1.425,0.4125,27.78251,10.0
1.0875,0.3,10.41844125,7.0
1.2875,0.4125,18.540573,19.0
1.3375,0.3625,18.78154375,9.0
1.3125,0.3375,20.22736825,12.0
1.7,0.5125,52.34735175,20.0
0.825,0.2,5.3013565,9.0
1.6375,0.475,46.67745175,12.0
0.7125,0.15,3.04757125,4.0
1.55,0.4125,31.56716825,9.0
1.5,0.4375,32.2900805,12.0
1.575,0.4625,36.627554,10.0
1.575,0.4125,32.10580875,11.0
1.6,0.475,38.03085425,19.0
1.25,0.2875,16.40018575,9.0
1.425,0.3125,24.323871,19.0
1.525,0.375,24.73493875,8.0
1.2875,0.3875,20.19901875,11.0
1.275,0.3125,26.54930675,10.0
1.65,0.4375,46.67745175,9.0
1.375,0.3625,23.643483,10.0
1.4875,0.3625,27.08794725,16.0
1.3875,0.4125,26.988724,13.0
1.1875,0.2875,14.81261375,8.0
1.425,0.375,22.4244545,9.0
1.25,0.3125,16.40018575,10.0
0.6125,0.15,2.8632995,6.0
1.125,0.3,11.7650425,8.0
1.4125,0.275,23.7285315,11.0
1.5125,0.4125,29.80949925,11.0
1.2625,0.375,20.93610575,12.0
1.175,0.3125,15.66309875,8.0
1.5375,0.375,28.292801,11.0
1.575,0.4,33.849303,12.0
1.4,0.3375,24.64989025,8.0
1.6625,0.45,47.18774275,11.0
1.2875,0.35,15.6205745,9.0
1.0125,0.225,9.82310175,7.0
0.925,0.25,6.44951125,7.0
1.4375,0.4,22.4244545,11.0
1.525,0.4125,32.50270175,14.0
1.3125,0.375,18.80989325,15.0
1.5875,0.475,39.405805,17.0
1.575,0.4,32.07745925,11.0
1.55,0.4125,36.61337925,9.0
1.3875,0.375,27.68328675,9.0
1.5625,0.4125,32.7436725,12.0
1.25,0.3125,15.74814725,9.0
1.525,0.4125,32.33260475,11.0
1.0375,0.25,9.36950975,8.0
1.375,0.375,24.79163775,10.0
1.55,0.45,35.3518265,17.0
1.225,0.3,13.08329425,8.0
1.4,0.3375,24.437269,9.0
1.8125,0.475,44.55123925,15.0
0.975,0.2,7.2858215,8.0
1.425,0.475,26.32251075,8.0
0.9,0.225,5.51397775,6.0
1.3125,0.3375,22.83552225,9.0
1.5,0.4,28.5479465,13.0
1.5625,0.4125,37.23706825,13.0
0.9625,0.2125,5.06038575,8.0
1.4625,0.4,25.741346,15.0
1.45,0.4,26.12406425,10.0
1.5625,0.4375,30.91512975,10.0
1.2875,0.275,18.257078,9.0
1.1375,0.325,15.49300175,9.0
1.6,0.425,38.76794125,17.0
1.05,0.225,9.355335,7.0
1.225,0.3375,21.58814425,14.0
1.55,0.4375,41.0784255,10.0
1.325,0.325,18.767369,10.0
1.5875,0.4375,38.2434755,10.0
1.5875,0.3875,37.23706825,11.0
1.3375,0.425,19.97222275,12.0
1.575,0.3875,33.06969175,12.0
1.1,0.25,10.41844125,8.0
1.225,0.3,15.03940975,9.0
1.45,0.325,21.092028,8.0
0.725,0.15,2.36718325,5.0
1.125,0.3,12.37455675,8.0
1.5375,0.4,35.777069,16.0
0.7375,0.2,3.89805625,6.0
1.525,0.3625,29.27085875,10.0
1.1625,0.2875,12.51630425,8.0
0.8125,0.225,4.97533725,7.0
1.5375,0.375,31.6096925,8.0
1.375,0.375,20.8935815,8.0
1.625,0.4125,37.1094955,15.0
1.4125,0.325,22.169309,14.0
1.6375,0.5,38.51279575,12.0
1.4,0.35,22.963095,8.0
1.3125,0.3625,17.93105875,10.0
1.425,0.3625,28.066005,10.0
1.3125,0.35,18.597272,9.0
1.275,0.3125,16.17338975,8.0
1.15,0.2875,11.5949455,7.0
1.5625,0.3875,35.19590425,11.0
0.9375,0.225,7.9662095,9.0
0.875,0.2125,5.5848515,7.0
1.55,0.375,28.689694,10.0
1.45,0.35,24.8058125,8.0
1.3125,0.3125,16.839603,10.0
1.4875,0.3875,27.33299875,11.0
1.525,0.4125,30.7592075,16.0
1.5625,0.4125,34.699788,11.0
1.25,0.325,17.70426275,9.0
1.3375,0.35,17.36406875,8.0
1.4125,0.3875,23.00561925,9.0
1.1375,0.3125,16.40018575,9.0
0.9375,0.2625,7.994559,9.0
1.775,0.425,44.91978275,13.0
1.65,0.4625,43.21881275,12.0
0.875,0.2375,5.6415505,8.0
1.4375,0.375,24.777463,9.0
0.6125,0.1625,2.0128145,4.0
1.1,0.275,12.417081,8.0
0.8875,0.2375,6.95980225,7.0
1.675,0.45,41.900561,10.0
1.45,0.3625,24.1821235,9.0
1.65,0.4375,42.921143,10.0
1.4875,0.4375,34.6147395,18.0
1.1125,0.225,10.375917,7.0
1.25,0.3125,16.8112535,10.0
1.2125,0.3,18.313777,8.0
1.1875,0.3125,13.0124205,8.0
0.35,0.125,0.793786,4.0
1.3,0.325,20.25571775,8.0
1.2625,0.325,18.0586315,10.0
0.8,0.2125,4.819415,6.0
1.6375,0.4875,38.22930075,12.0
1.2875,0.25,16.31513725,7.0
0.8,0.2125,5.71242425,6.0
1.05,0.2875,11.94931425,8.0
1.5125,0.425,31.70891575,10.0
1.525,0.375,29.44095575,10.0
1.5875,0.45,37.137845,11.0
0.7375,0.2,2.83495,5.0
1.475,0.3875,27.9242575,9.0
1.4125,0.375,24.79163775,9.0
1.35,0.3875,22.69377475,9.0
1.5625,0.5,39.349106,17.0
1.45,0.3375,28.576296,9.0
1.1125,0.3,12.99824575,6.0
1.5375,0.4,35.81959325,9.0
1.5625,0.4125,38.7537665,9.0
1.4,0.3375,24.90503575,9.0
1.2875,0.3875,18.427175,10.0
1.5125,0.375,30.94347925,10.0
1.2375,0.3,16.896302,9.0
1.4125,0.4625,28.10852925,9.0
1.35,0.3625,20.1564945,14.0
1.45,0.375,26.3933845,10.0
1.575,0.4125,33.3673615,11.0
1.15,0.3,14.2030995,9.0
1.6,0.4875,38.11590275,10.0
0.9,0.25,5.0745605,5.0
1.6625,0.5,42.354153,11.0
1.2,0.3,13.437663,9.0
0.9125,0.2375,6.0384435,7.0
1.2,0.3125,16.782904,10.0
1.525,0.375,32.6302745,17.0
1.625,0.4625,44.9906565,29.0
1.0125,0.25,8.23552975,7.0
1.4625,0.35,23.85610425,8.0
1.4375,0.4125,27.37144225,10.0
1.325,0.4125,26.52095725,9.0
1.45,0.425,23.88445375,11.0
1.125,0.3,14.81261375,13.0
1.5,0.4125,30.1922175,15.0
1.525,0.3875,32.10580875,11.0
1.2125,0.3625,21.4605715,15.0
1.525,0.425,31.127751,9.0
1.4125,0.375,26.52095725,9.0
1.5,0.3875,26.80445225,12.0
1.1125,0.275,10.90038275,10.0
1.375,0.4,20.93610575,9.0
1.25,0.3875,20.184844,13.0
1.4,0.35,23.88445375,8.0
1.3625,0.375,21.8007655,11.0
0.8875,0.225,6.13766675,6.0
1.425,0.35,24.28134675,9.0
1.375,0.3875,23.81358,11.0
1.075,0.25,11.2547515,7.0
0.9,0.2125,6.70465675,7.0
0.5875,0.125,1.814368,5.0
1.25,0.4125,18.030282,9.0
1.275,0.3375,18.75319425,10.0
1.5625,0.4375,36.173962,8.0
1.5875,0.475,41.91473575,16.0
1.375,0.3625,22.2543575,9.0
1.4,0.3625,23.586784,10.0
1.775,0.5,51.2275465,10.0
0.7875,0.15,3.16096925,5.0
1.5375,0.425,32.21920675,9.0
1.5,0.4125,32.24755625,11.0
1.1375,0.275,14.81261375,7.0
1.0375,0.25,7.38504475,8.0
1.5375,0.4,36.27318525,11.0
1.5625,0.45,33.26813825,11.0
1.5125,0.4125,28.64716975,14.0
1.4125,0.375,27.51318975,10.0
1.05,0.25,11.38232425,10.0
1.525,0.4,35.81959325,11.0
0.9,0.2125,6.0951425,9.0
1.3125,0.4,16.68368075,11.0
1.3625,0.3875,21.772416,8.0
1.4125,0.3875,23.85610425,17.0
1.375,0.3875,24.76328825,10.0
1.6125,0.475,40.7382315,13.0
1.55,0.375,35.777069,11.0
1.25,0.35,18.030282,10.0
1.425,0.3875,24.5790165,11.0
0.9375,0.225,7.49844275,7.0
1.0125,0.2625,8.901743,13.0
1.5125,0.4,29.9654215,11.0
1.1875,0.275,14.81261375,8.0
1.625,0.475,38.782116,14.0
1.425,0.3375,23.37416275,11.0
1.5375,0.4125,33.46658475,9.0
1.3,0.3125,20.0997955,8.0
1.4125,0.3375,23.51591025,10.0
1.6625,0.3875,39.22153325,11.0
1.4,0.375,27.499015,9.0
1.1375,0.3,14.81261375,8.0
1.2,0.3,18.313777,8.0
1.425,0.3875,23.870279,10.0
1.075,0.275,10.33339275,7.0
1.4125,0.375,22.04173625,9.0
1.5875,0.4125,37.9032815,19.0
1.3125,0.375,23.71435675,16.0
1.5625,0.3875,31.3261975,10.0
1.3375,0.3875,23.189891,9.0
1.5375,0.4625,31.2694985,10.0
1.3,0.4125,23.3883375,17.0
1.625,0.4375,38.4702715,10.0
0.9375,0.225,6.0384435,6.0
1.6875,0.4625,43.3463855,11.0
1.15,0.25,12.34620725,8.0
1.675,0.425,44.15434625,11.0
0.4375,0.125,0.66621325,5.0
1.1,0.25,10.375917,7.0
1.15,0.3,12.34620725,8.0
1.3,0.3625,26.63435525,12.0
1.7,0.5125,47.47444625,11.0
1.5,0.375,31.56716825,11.0
1.7125,0.475,43.6298805,15.0
0.775,0.2125,5.5848515,7.0
1.25,0.3,14.67086625,8.0
1.45,0.4,24.5223175,18.0
1.55,0.4375,33.40988575,10.0
0.9375,0.225,6.30776375,7.0
0.7,0.1625,2.62232875,6.0
1.0875,0.3375,11.55242125,7.0
1.6625,0.4375,36.61337925,9.0
1.525,0.475,34.6714385,10.0
0.925,0.2125,6.2085405,6.0
1.5375,0.4125,30.5891105,10.0
1.55,0.4125,30.51823675,14.0
1.125,0.2625,12.43125575,10.0
1.4375,0.4,28.98736375,14.0
1.6125,0.5,49.9234695,16.0
1.4875,0.375,26.23746225,11.0
1.65,0.4875,42.2124055,13.0
1.0625,0.225,8.7599955,6.0
1.025,0.225,7.087375,7.0
1.4875,0.3375,26.3933845,12.0
1.625,0.45,42.297454,11.0
0.8625,0.2125,4.43669675,5.0
1.575,0.4125,34.5013415,12.0
1.6,0.4125,34.6147395,11.0
1.0,0.3,10.999606,7.0
0.4625,0.1125,0.510291,6.0
0.9375,0.2,6.33611325,7.0
1.55,0.4125,30.1922175,13.0
1.55,0.4,29.8520235,10.0
1.525,0.475,31.127751,17.0
1.3125,0.325,15.4504775,9.0
1.75,0.575,55.735117,16.0
0.9,0.2125,5.0745605,6.0
1.575,0.4125,32.2333815,10.0
1.4625,0.4,27.99513125,12.0
1.6125,0.425,35.3518265,10.0
1.5625,0.375,30.4190135,10.0
1.5625,0.425,31.127751,10.0
1.525,0.375,31.56716825,9.0
1.45,0.3625,26.8058125,10.0
0.9375,0.25,7.654365,6.0
0.9125,0.2375,7.10154975,7.0
1.375,0.375,23.43086175,10.0
0.8875,0.2125,6.27941425,6.0
1.2125,0.35,14.75591475,17.0
1.725,0.4375,45.3875495,13.0
1.65,0.425,39.8877465,12.0
1.5125,0.4375,35.25260325,9.0
0.8,0.2,4.819415,5.0
1.425,0.3625,26.94619975,8.0
1.35,0.325,26.591831,12.0
1.6375,0.475,38.14425225,25.0
1.85,0.55,72.234526,11.0
1.475,0.375,24.47979325,8.0
1.2625,0.3,18.27125275,9.0
0.475,0.1,0.75126175,6.0
1.175,0.3125,14.5999925,9.0
1.65,0.4125,41.80133775,11.0
1.075,0.2625,10.6310625,11.0
1.075,0.275,10.50348975,8.0
0.8125,0.2,4.60679375,6.0
1.2,0.3125,17.02387475,14.0
1.0,0.25,8.46232575,7.0
1.0,0.25,8.901743,9.0
0.7,0.175,3.38776525,5.0
1.225,0.3125,16.51358375,8.0
1.5375,0.4375,41.80133775,15.0
1.4,0.425,27.37144225,15.0
1.2875,0.3375,22.92057075,12.0
1.1,0.3,12.3320325,8.0
1.0125,0.2625,7.98038425,9.0
1.1875,0.3375,16.5277585,7.0
1.2625,0.3125,18.75319425,10.0
1.5375,0.4,30.900955,11.0
1.0375,0.2375,8.845044,13.0
1.225,0.3125,14.04717725,9.0
1.1875,0.325,13.891255,10.0
1.6875,0.4375,44.06929775,11.0
1.525,0.5,28.81726675,13.0
0.9,0.2125,6.13766675,6.0
1.2625,0.3375,19.94387325,8.0
1.2875,0.3125,35.6920205,8.0
1.4,0.4375,25.7696955,13.0
0.65,0.1,2.0128145,3.0
1.1,0.35,14.3731965,9.0
1.275,0.375,20.96445525,12.0
1.5625,0.4125,37.74735925,17.0
1.3125,0.3125,16.93882625,9.0
1.25,0.275,17.70426275,8.0
1.0,0.225,7.144074,7.0
0.8625,0.2,5.556502,6.0
1.325,0.325,22.4811535,9.0
1.575,0.425,31.19862475,10.0
1.2875,0.325,21.87163925,9.0
1.5375,0.45,36.117263,18.0
1.55,0.45,34.8415355,17.0
1.65,0.425,43.02036625,11.0
1.0375,0.3,9.45455825,7.0
1.2875,0.3375,17.7184375,13.0
1.45,0.425,31.638042,11.0
1.5,0.4125,31.3261975,12.0
1.475,0.4,27.78251,11.0
1.2125,0.3125,15.15280775,10.0
1.3,0.3125,26.875326,7.0
1.4125,0.4375,26.12406425,14.0
0.7375,0.1875,3.21766825,5.0
1.175,0.2875,14.81261375,9.0
0.925,0.2375,7.98038425,6.0
1.475,0.4125,25.344453,19.0
1.775,0.4875,52.673371,17.0
1.525,0.4125,36.0322145,11.0
1.25,0.3875,22.69377475,7.0
1.45,0.375,28.70386875,10.0
1.25,0.3,15.87572,6.0
1.275,0.325,17.4916415,10.0
1.175,0.3125,14.69921575,8.0
1.625,0.45,33.8776525,12.0
1.2125,0.3125,14.7133905,8.0
0.9625,0.2625,8.1363065,8.0
1.6375,0.4375,41.23434775,10.0
1.2,0.3625,14.5999925,12.0
1.55,0.45,33.6508565,12.0
1.775,0.45,54.5727875,10.0
1.425,0.3875,25.92561775,12.0
1.3625,0.35,23.45921125,11.0
1.475,0.3875,26.7902775,11.0
1.1625,0.275,14.33067225,8.0
1.3375,0.375,24.5790165,10.0
1.1,0.325,11.0846545,7.0
1.75,0.5125,47.18774275,12.0
0.9375,0.225,6.0951425,6.0
1.35,0.4,29.5118295,9.0
0.7,0.2,3.52951275,6.0
0.975,0.25,6.30776375,7.0
1.3875,0.4,23.54425975,13.0
1.0875,0.2625,10.2341695,8.0
1.6375,0.4375,36.570855,13.0
1.6375,0.45,40.993377,11.0
1.225,0.35,17.08057375,13.0
1.2625,0.3375,16.9813505,10.0
1.2625,0.375,18.55474775,10.0
1.55,0.4375,34.5013415,14.0
1.5375,0.375,31.3261975,11.0
1.8375,0.5125,53.08443875,11.0
1.525,0.4,32.488527,15.0
1.5125,0.4125,30.1922175,11.0
1.275,0.3375,19.94387325,8.0
1.1375,0.3,13.39513875,8.0
1.275,0.3375,21.44639675,12.0
1.4125,0.3625,22.55202725,12.0
1.5625,0.4,33.6508565,14.0
1.4375,0.375,24.67823975,12.0
1.75,0.4125,47.400364,14.0
1.375,0.3875,24.9192105,16.0
1.4375,0.475,27.76833525,10.0
1.675,0.4375,39.33493125,11.0
1.65,0.4625,36.060564,11.0
1.35,0.3875,24.437269,8.0
0.8375,0.2375,4.819415,8.0
1.6375,0.4125,33.46658475,12.0
0.7,0.1875,3.30271675,4.0
1.4875,0.3625,26.29416125,9.0
1.6125,0.4375,41.8863863,10.0
1.5,0.4125,29.937072,15.0
1.4125,0.3875,28.33532525,10.0
0.8375,0.2125,5.00368675,6.0
1.375,0.3625,23.81358,11.0
1.325,0.325,21.21960075,14.0
1.35,0.35,20.97863,10.0
0.9625,0.275,11.60912025,7.0
0.6375,0.1375,2.05533875,5.0
1.0,0.225,6.30776375,7.0
1.525,0.4,31.581343,17.0
0.9125,0.2125,6.19436575,6.0
1.675,0.45,38.4702715,11.0
1.15,0.325,16.76872925,6.0
1.7375,0.5625,51.21337175,10.0
0.725,0.175,4.309124,6.0
1.6625,0.4125,39.972795,22.0
1.2625,0.3125,20.184844,14.0
1.35,0.4,24.73493875,13.0
1.6375,0.4375,40.78075575,12.0
1.3125,0.3,18.4555245,9.0
1.7,0.55,41.23434775,17.0
1.4,0.3875,27.8675585,10.0
1.6875,0.425,39.27823225,9.0
1.425,0.375,26.54930675,9.0
1.75,0.5125,47.740558,10.0
0.6375,0.1375,2.3530085,5.0
0.725,0.2,3.742134,5.0
1.6375,0.5,44.21104525,11.0
1.2875,0.3,16.42853525,8.0
1.6125,0.4375,36.514156,12.0
1.5875,0.425,36.95357325,11.0
1.425,0.4125,28.0943545,19.0
1.6375,0.4875,50.61803225,9.0
1.4875,0.3375,24.47979325,11.0
1.5625,0.4125,34.529691,10.0
1.5,0.4375,28.87396575,11.0
1.4875,0.4125,28.27862625,11.0
0.4625,0.1125,0.8221355,3.0
1.3125,0.3375,16.4710595,12.0
1.175,0.3,13.39513875,8.0
1.5875,0.425,37.0527965,10.0
1.325,0.3625,21.47474625,9.0
1.525,0.425,35.096681,8.0
1.4375,0.4625,27.9242575,12.0
1.4,0.4,24.13959925,16.0
1.675,0.45,41.00755175,10.0
1.375,0.35,20.8935815,9.0
0.825,0.2375,5.5848515,7.0
1.45,0.375,29.87708025,10.0
1.125,0.3125,15.23785625,7.0
1.5625,0.45,36.85435,9.0
0.95,0.2625,7.9095105,18.0
1.2375,0.3125,15.932419,10.0
1.25,0.325,14.571643,10.0
1.4,0.35,26.46425825,12.0
1.55,0.4125,32.33260475,9.0
1.4625,0.375,26.46425825,10.0
0.8,0.1625,3.798833,6.0
1.25,0.3,18.07280625,9.0
1.4375,0.325,23.7285315,9.0
1.5375,0.3875,31.19862475,12.0
1.6125,0.4,36.7126025,9.0
1.575,0.375,34.7848365,11.0
1.675,0.4125,39.16483425,9.0
1.5875,0.5125,37.42134,12.0
1.375,0.3625,24.73493875,9.0
1.5375,0.4125,31.70891575,11.0
1.375,0.3625,28.02348075,8.0
0.6125,0.15,2.438057,4.0
1.45,0.425,30.83008125,13.0
1.4375,0.375,26.80445225,9.0
1.4125,0.4,28.803092,11.0
1.575,0.425,31.99241075,10.0
1.175,0.2875,12.2753335,9.0
1.025,0.225,7.72523875,6.0
0.9125,0.2125,6.64795775,11.0
1.3625,0.3625,21.9708625,11.0
1.175,0.3125,13.53688625,7.0
1.625,0.375,38.00250475,14.0
1.45,0.375,28.22192725,11.0
1.55,0.4375,33.46658475,9.0
0.9125,0.225,6.30776375,6.0
1.675,0.4375,36.47163175,10.0
1.375,0.325,24.79163775,13.0
0.675,0.2125,3.005047,6.0
1.15,0.275,14.6566915,9.0
0.4,0.0375,0.41106775,4.0
1.1375,0.25,13.96212875,9.0
0.8375,0.225,4.32329875,6.0
1.4625,0.3625,26.818627,12.0
1.65,0.4375,40.78075575,17.0
0.925,0.25,7.030676,7.0
1.375,0.375,22.41027975,12.0
0.4625,0.125,0.8221355,4.0
1.225,0.3125,15.3937785,9.0
0.825,0.1875,4.29494925,6.0
1.4875,0.4875,29.199985,16.0
1.425,0.3625,23.11901725,11.0
1.475,0.375,22.49532825,8.0
1.425,0.35,28.0943545,10.0
1.525,0.4125,29.18581025,9.0
0.8625,0.2125,6.80388,6.0
1.4625,0.4625,30.43318825,17.0
1.15,0.275,13.33843975,9.0
1.5,0.375,34.302895,17.0
1.6375,0.4875,37.77570875,17.0
1.475,0.4,26.54930675,11.0
1.45,0.375,28.2644515,9.0
1.3125,0.3125,18.5689225,9.0
1.0125,0.275,8.63242275,6.0
1.5125,0.425,31.18445,10.0
1.3625,0.35,18.3988255,10.0
1.3125,0.35,20.25571775,15.0
1.4,0.3875,25.9397925,9.0
0.925,0.2375,5.31553125,6.0
0.9125,0.25,6.30776375,10.0
1.4125,0.3375,24.9192105,12.0
1.275,0.325,18.75319425,9.0
1.6125,0.4875,40.86580425,11.0
1.375,0.325,24.56484175,8.0
1.45,0.4,26.80445225,15.0
1.3625,0.4,22.29688175,12.0
1.2,0.3375,16.82542825,10.0
1.325,0.3625,23.85610425,11.0
0.9,0.25,6.50621025,6.0
0.9625,0.2375,6.25106475,7.0
1.425,0.35,21.885814,10.0
1.5625,0.4125,35.36600125,11.0
1.025,0.2375,9.73805325,7.0
1.4125,0.3625,24.42309425,11.0
1.425,0.3625,22.75047375,8.0
1.475,0.4,24.607366,11.0
1.5875,0.4375,36.55668025,16.0
1.1,0.225,10.886208,7.0
0.9625,0.225,6.80388,8.0
1.225,0.325,15.74814725,8.0
1.4375,0.4125,28.2077525,9.0
1.125,0.3,13.53688625,7.0
1.15,0.325,16.51358375,9.0
1.3,0.45,17.08057375,10.0
1.7375,0.4875,47.18774275,11.0
1.475,0.3875,27.93843225,12.0
1.4125,0.3125,22.566202,8.0
1.4625,0.4,25.15241375,10.0
1.375,0.4,25.7696955,9.0
1.225,0.35,16.2442635,8.0
1.5625,0.4,34.8415355,10.0
1.075,0.2625,10.9145575,9.0
0.925,0.2375,5.59902625,5.0
1.45,0.35,28.8314415,8.0
1.4875,0.3625,29.21415975,11.0
1.55,0.375,32.375129,11.0
1.525,0.425,25.92561775,8.0
1.675,0.5,40.78075575,18.0
0.875,0.1875,5.556502,6.0
1.5125,0.375,29.7386255,10.0
0.9,0.225,6.123492,7.0
1.5,0.4125,34.26037075,13.0
1.2625,0.3125,15.2236815,12.0
1.25,0.3,16.2442635,9.0
1.5875,0.425,35.6920205,12.0
0.875,0.2,4.60679375,7.0
1.1375,0.3125,12.757275,9.0
1.425,0.425,20.638436,12.0
1.475,0.5125,33.74910975,17.0
1.3875,0.375,21.6873675,9.0
1.5125,0.375,33.0271675,9.0
0.875,0.225,5.10291,11.0
1.65,0.475,34.9549335,9.0
1.275,0.35,16.76872925,10.0
1.1875,0.3375,15.3937785,11.0
1.125,0.35,13.53688625,8.0
1.6125,0.45,33.40988575,12.0
1.375,0.375,22.12678475,11.0
1.25,0.3875,19.74542675,7.0
1.5625,0.3875,29.1716355,10.0
1.5625,0.425,30.71668325,10.0
1.525,0.3875,28.76056775,11.0
1.125,0.275,10.73028575,7.0
1.1625,0.2875,14.04717725,8.0
0.9,0.2375,5.7549485,6.0
1.25,0.3125,19.17843675,7.0
1.325,0.3875,20.0430965,11.0
1.3,0.325,18.313777,9.0
0.4,0.0875,0.5953395,4.0
1.4625,0.375,30.0221205,10.0
1.4875,0.4375,31.071052,10.0
1.1875,0.3125,16.5277585,9.0
1.075,0.275,11.7650425,6.0
1.6,0.3875,31.31202275,8.0
1.1875,0.275,13.13999325,8.0
1.5625,0.4125,28.973189,9.0
1.3125,0.3625,22.5378525,11.0
1.3625,0.3375,23.37416275,9.0
1.4875,0.375,31.14192575,12.0
1.35,0.3375,21.87163925,8.0
1.5125,0.3875,26.591831,12.0
1.3625,0.375,26.46425825,9.0
1.125,0.2625,10.5176645,11.0
1.6125,0.5125,37.42134,18.0
1.425,0.375,24.84833675,12.0
1.6,0.4375,34.8415355,10.0
1.3,0.3125,19.901349,9.0
1.5375,0.4,32.44600275,10.0
1.6125,0.4125,33.8776525,13.0
1.175,0.25,13.777857,7.0
1.425,0.4,25.0326085,9.0
1.6125,0.475,38.9805625,10.0
1.55,0.3625,28.76056775,8.0
0.9875,0.225,6.13766675,12.0
1.5125,0.4,31.99241075,12.0
1.35,0.325,19.8729995,8.0
1.175,0.25,11.41067375,7.0
0.9,0.2375,7.98038425,6.0
1.5,0.45,27.895908,9.0
1.35,0.3125,18.597272,10.0
1.2,0.3125,14.67086625,8.0
1.4375,0.375,29.97959625,10.0
0.875,0.225,5.34388075,8.0
1.2625,0.35,16.4143605,10.0
1.65,0.5,37.74735925,11.0
1.2625,0.3375,17.95940825,8.0
0.7,0.1875,3.3168915,7.0
0.6875,0.1875,3.005047,5.0
0.525,0.1125,1.077281,4.0
1.2125,0.375,15.932419,12.0
0.7125,0.175,2.96252275,6.0
0.6875,0.2,2.438057,5.0
1.275,0.275,15.8473705,10.0
1.225,0.3625,26.03901575,12.0
1.5375,0.375,27.1304715,8.0
1.0875,0.275,11.5949455,8.0
1.725,0.45,42.99201675,14.0
1.5625,0.4125,34.06192425,10.0
1.45,0.3375,25.7129965,9.0
1.5875,0.4125,40.3413385,13.0
1.625,0.4375,39.2073585,10.0
1.5125,0.425,34.8415355,8.0
1.4,0.3625,23.11901725,9.0
1.625,0.475,39.2073585,10.0
0.9125,0.2125,5.556502,6.0
1.3,0.3625,18.597272,10.0
0.9875,0.2125,7.1724235,5.0
1.475,0.4125,34.06192425,11.0
1.2625,0.325,18.44134975,10.0
1.4,0.4,26.7902775,12.0
1.1,0.25,12.417081,9.0
1.525,0.3875,30.94347925,11.0
0.7,0.1625,3.3168915,6.0
0.8375,0.2375,5.5848515,5.0
1.5625,0.4,34.2178465,11.0
1.225,0.325,16.82542825,9.0
1.6,0.475,36.47163175,10.0
1.7375,0.4875,54.090846,10.0
1.075,0.25,10.41844125,7.0
1.625,0.45,41.8722115,16.0
0.875,0.2125,5.59902625,8.0
1.4125,0.4,24.38057,10.0
1.6,0.4125,37.40716525,18.0
1.55,0.4125,32.375129,9.0
1.0,0.2125,8.15048125,7.0
1.6125,0.45,33.46658475,15.0
1.3625,0.35,20.1564945,16.0
1.4625,0.375,27.45649075,8.0
0.925,0.25,6.1518415,7.0
1.1,0.3,10.41844125,7.0
0.5125,0.1,1.304077,5.0
1.0,0.275,8.00873375,12.0
1.575,0.4125,35.3518265,10.0
1.5625,0.45,36.230661,11.0
1.3,0.35,22.80717275,10.0
1.5625,0.4,30.40483875,11.0
1.2,0.325,18.83824275,8.0
0.875,0.2125,5.65572525,8.0
1.4,0.35,22.4244545,8.0
1.1875,0.275,14.69921575,7.0
1.6375,0.425,41.80133775,9.0
1.25,0.3125,16.9813505,9.0
1.25,0.325,15.43630275,10.0
1.3125,0.3625,23.09066775,9.0
1.175,0.3,14.17475,9.0
1.1,0.2625,10.5176645,9.0
1.125,0.35,17.42076775,13.0
1.45,0.375,26.6201805,10.0
1.2,0.325,15.2236815,13.0
1.1875,0.3,14.7700895,12.0
1.525,0.4,32.6869735,10.0
1.5125,0.375,32.16250775,10.0
1.3125,0.3125,19.74542675,7.0
1.625,0.4125,35.777069,12.0
1.775,0.5125,51.5110415,11.0
1.5125,0.375,28.56212125,10.0
1.4875,0.4,30.40483875,10.0
0.9375,0.2375,6.08096775,6.0
1.1875,0.325,12.757275,9.0
0.925,0.2375,6.19436575,7.0
1.3,0.35,17.36406875,9.0
1.575,0.5,38.03085425,17.0
1.6125,0.4625,34.60056475,11.0
1.6125,0.4375,35.81959325,11.0
1.375,0.375,25.7696955,10.0
1.55,0.425,35.22425375,9.0
1.5,0.475,28.02348075,13.0
1.475,0.4,28.36367475,15.0
1.675,0.3625,36.85435,9.0
1.625,0.425,33.40988575,10.0
1.5,0.3875,29.97959625,11.0
1.525,0.45,37.1094955,10.0
1.6125,0.4375,41.4753185,10.0
1.25,0.35,19.5328055,7.0
1.325,0.425,23.71435675,8.0
1.3875,0.3375,26.138239,10.0
0.85,0.2375,5.5281525,7.0
0.725,0.15,3.40194,6.0
1.575,0.475,31.2694985,11.0
1.3875,0.4125,24.70658925,11.0
1.5,0.45,32.41765325,10.0
1.5125,0.475,41.31939625,27.0
1.5875,0.425,35.98969025,12.0
1.3125,0.3125,20.70930975,10.0
1.0,0.25,9.36950975,7.0
1.175,0.3125,14.004653,8.0
1.275,0.325,17.7184375,14.0
0.6375,0.1375,2.381358,5.0
1.425,0.3625,24.36639525,9.0
1.35,0.4125,25.69882175,13.0
1.1,0.3,13.05494475,10.0
0.975,0.225,6.84640425,7.0
1.4125,0.3625,23.88445375,13.0
1.3,0.375,17.463292,8.0
1.575,0.3875,32.034935,14.0
1.5875,0.4625,39.7743485,10.0
1.5125,0.375,32.034935,12.0
1.6375,0.4625,38.13648475,11.0
1.075,0.2375,10.33339275,7.0
1.1375,0.3,14.458245,7.0
1.275,0.3625,20.3265915,10.0
1.45,0.3625,24.28134675,10.0
1.5,0.4,28.7180435,8.0
1.625,0.425,35.096681,11.0
1.5625,0.375,31.978236,10.0
1.4375,0.3375,25.27357925,9.0
1.55,0.375,31.581343,8.0
1.45,0.3875,29.18581025,11.0
1.0375,0.275,10.33339275,12.0
1.45,0.3875,27.08794725,9.0
1.5,0.4125,32.72949775,11.0
0.875,0.225,5.6982495,16.0
1.3,0.35,18.5689225,10.0
1.4125,0.3125,22.6796,12.0
1.175,0.3125,14.8267885,10.0
1.4375,0.375,27.8675585,11.0
1.3125,0.3125,13.04077,8.0
1.3125,0.35,22.77882325,8.0
1.5,0.375,28.519597,10.0
1.625,0.4375,43.6298805,12.0
1.4625,0.375,34.79901125,14.0
1.525,0.3625,34.529691,15.0
1.1625,0.3125,15.35125425,8.0
1.525,0.425,32.601925,9.0
1.35,0.325,19.74542675,10.0
0.875,0.2125,6.08096775,6.0
0.6625,0.1625,2.0128145,6.0
1.45,0.4,30.05047,12.0
1.5375,0.4,29.63940225,11.0
1.4125,0.3875,25.798045,8.0
1.225,0.35,16.386011,11.0
1.2125,0.325,15.03940975,8.0
1.2,0.3375,20.19901875,10.0
1.425,0.3375,22.509503,14.0
1.1625,0.275,11.509897,7.0
1.25,0.35,18.1720295,9.0
1.55,0.4375,46.67745175,14.0
1.525,0.4125,36.61337925,12.0
1.15,0.275,10.44679075,7.0
1.65,0.425,38.8104655,11.0
1.7125,0.4875,44.43784125,13.0
0.925,0.2125,6.44951125,6.0
0.5625,0.1125,1.28990225,5.0
1.4375,0.4125,26.54930675,13.0
1.475,0.375,28.91649,12.0
1.5125,0.45,34.8415355,10.0
0.8,0.2,2.8066005,9.0
1.5625,0.45,34.9549335,11.0
1.4875,0.3625,29.86619825,9.0
0.6875,0.15,2.608154,5.0
1.475,0.3875,29.78114975,15.0
1.1375,0.3125,23.530085,7.0
1.5125,0.375,32.6869735,9.0
1.3375,0.3125,20.0997955,8.0
1.5625,0.4375,31.99241075,13.0
0.85,0.275,4.7343665,7.0
0.925,0.225,7.49844275,7.0
1.1125,0.3,12.91319725,7.0
1.0,0.25,9.68135425,7.0
1.7375,0.4375,50.24948875,11.0
1.5625,0.3875,33.962701,13.0
1.175,0.275,14.47241975,11.0
1.3125,0.3125,18.4555245,10.0
0.9875,0.25,7.9095105,8.0
0.925,0.2375,6.59125875,6.0
1.4375,0.4,28.02348075,9.0
1.425,0.425,30.107169,16.0
1.6625,0.4375,39.2640575,11.0
1.625,0.475,38.8104655,11.0
1.5625,0.4625,39.27823225,10.0
1.7625,0.5375,61.6034635,16.0
1.8125,0.5,49.32813,11.0
1.2625,0.3,17.7184375,8.0
0.725,0.175,3.572037,6.0
1.0875,0.25,11.43902325,7.0
1.45,0.3875,24.153774,12.0
1.425,0.3625,24.45144375,9.0
0.8375,0.1875,4.819415,6.0
1.575,0.375,31.65221675,10.0
0.9875,0.25,8.5898985,11.0
1.5625,0.425,37.7331845,12.0
1.3125,0.375,18.86659225,16.0
0.5875,0.1,1.94194075,4.0
0.8625,0.2125,5.06038575,6.0
1.2875,0.35,18.597272,10.0
1.5,0.3875,28.19357775,9.0
1.55,0.3875,33.40988575,10.0
0.9625,0.2375,7.2858215,7.0
1.0875,0.2625,11.04213025,7.0
1.675,0.4875,44.395317,11.0
1.3125,0.3625,17.08057375,8.0
1.5125,0.3875,29.27085875,10.0
1.4375,0.35,24.76328825,9.0
1.3125,0.3625,18.540573,10.0
0.825,0.1875,4.80524025,6.0
1.6125,0.45,43.02036625,9.0
0.475,0.1125,0.850485,4.0
1.5625,0.375,35.02580725,10.0
1.0375,0.2625,10.886208,9.0
1.575,0.4625,36.4291075,11.0
1.1375,0.2625,12.43125575,7.0
1.575,0.425,33.06969175,9.0
1.55,0.3875,34.5580405,11.0
1.65,0.4375,41.00755175,9.0
1.0,0.25,7.314171,9.0
1.65,0.4875,43.02036625,12.0
1.45,0.4,31.62386725,9.0
1.1875,0.275,13.777857,8.0
0.825,0.2125,5.10291,6.0
1.2875,0.35,20.184844,13.0
1.1875,0.3125,16.71203025,11.0
1.0375,0.2875,11.77921725,7.0
1.4625,0.4375,34.6147395,10.0
1.275,0.3,15.2236815,7.0
1.575,0.4375,37.9032815,11.0
1.5125,0.425,37.9032815,9.0
0.725,0.1625,3.005047,5.0
1.55,0.4,29.937072,11.0
1.65,0.4375,42.2124055,15.0
1.45,0.425,29.18581025,13.0
0.7875,0.1875,5.45727875,6.0
1.775,0.45,47.58463575,11.0
1.3375,0.325,20.96445525,8.0
0.4,0.0625,0.5953395,4.0
1.2625,0.3125,16.782904,13.0
1.075,0.25,10.716111,7.0
1.225,0.3,14.35902175,10.0
1.1875,0.3375,16.42853525,9.0
1.575,0.4375,30.674159,10.0
1.325,0.325,20.0997955,10.0
1.6125,0.4,37.15201975,23.0
1.7125,0.45,47.95317925,11.0
1.375,0.375,23.48756075,9.0
1.225,0.35,21.8007655,9.0
1.2875,0.3125,18.6256215,9.0
1.4875,0.4125,28.576296,10.0
1.4125,0.3375,22.41027975,8.0
1.575,0.3375,35.02580725,11.0
0.8875,0.2,6.2652395,7.0
0.9875,0.2375,9.8939755,6.0
0.8625,0.2125,6.9456275,7.0
1.0375,0.25,10.33339275,6.0
1.525,0.4125,31.3261975,11.0
1.7125,0.4,43.1762885,9.0
0.775,0.1875,4.09650275,7.0
1.5375,0.4125,36.61337925,11.0
1.4375,0.375,26.20911275,10.0
1.4375,0.375,26.591831,13.0
0.7625,0.1875,4.309124,7.0
1.35,0.3375,19.83047525,8.0
0.975,0.2375,8.51902475,6.0
1.125,0.275,13.551061,8.0
0.6125,0.1625,1.80019325,5.0
1.5125,0.4875,35.2384285,16.0
1.45,0.4,25.58542375,11.0
1.0125,0.225,8.618248,8.0
1.1,0.3125,10.98543125,8.0
1.4875,0.45,34.5580405,17.0
1.45,0.475,28.8314415,18.0
1.1625,0.275,14.2030995,11.0
1.4875,0.375,27.1871705,10.0
1.0625,0.275,10.77281,8.0
1.5,0.375,35.22425375,9.0
1.45,0.325,24.73493875,8.0
1.1875,0.3,15.88989475,8.0
0.7375,0.2125,2.62232875,5.0
0.875,0.225,5.6699,8.0
1.6125,0.4,35.50774875,14.0
1.175,0.35,15.88989475,10.0
1.125,0.3125,14.855138,9.0
1.025,0.25,10.3475675,9.0
1.25,0.3375,15.09610875,8.0
1.0875,0.25,11.509897,7.0
1.5375,0.4125,30.63163475,11.0
0.475,0.1,0.86465975,4.0
1.5375,0.4375,35.096681,10.0
1.425,0.3875,27.328918,14.0
0.8125,0.1875,4.12485225,5.0
1.1,0.2625,10.98543125,6.0
1.025,0.2375,10.9145575,7.0
1.5,0.375,28.2077525,9.0
1.4375,0.3875,27.8675585,9.0
1.4875,0.4375,36.07201825,16.0
1.4875,0.375,32.205032,12.0
1.425,0.425,27.03124825,13.0
0.475,0.1375,1.09145575,5.0
1.5875,0.4125,33.46658475,11.0
1.3125,0.35,22.1409595,14.0
1.4375,0.3125,23.71435675,9.0
1.5125,0.4,30.8726055,12.0
1.1125,0.25,11.89261525,8.0
1.2625,0.3125,18.12950525,8.0
1.3,0.325,18.75319425,9.0
1.425,0.425,24.79163775,18.0
1.5,0.375,31.9498865,11.0
1.5875,0.3875,34.189497,9.0
1.2875,0.3125,18.71067,11.0
1.4,0.3,23.37416275,9.0
1.4375,0.4,30.71668325,8.0
0.9875,0.2,8.5898985,6.0
0.9375,0.2375,7.93786,7.0
1.0,0.25,10.41844125,8.0
1.0125,0.2125,7.55514175,8.0
0.95,0.2375,7.55514175,6.0
1.4375,0.4125,32.205032,11.0
1.575,0.4375,31.6096925,13.0
0.725,0.15,3.24601775,5.0
0.8875,0.25,6.3219385,6.0
1.2875,0.325,18.4555245,10.0
1.2125,0.325,14.78426425,7.0
1.45,0.4,22.75047375,9.0
1.625,0.4375,39.405805,11.0
1.425,0.35,28.02348075,9.0
1.175,0.3,13.8062065,9.0
1.0375,0.2625,10.2341695,6.0
1.3125,0.35,20.3265915,8.0
1.5375,0.4375,31.56716825,10.0
1.675,0.525,42.807745,20.0
1.2625,0.3375,15.74814725,12.0
1.8,0.5375,55.735117,16.0
1.6125,0.475,35.02580725,13.0
1.0375,0.25,9.19941275,7.0
1.75,0.475,50.53298375,17.0
1.5375,0.3875,40.83745475,14.0
1.475,0.35,28.02348075,9.0
1.7875,0.475,51.27007075,11.0
1.5875,0.425,40.66735775,15.0
1.4375,0.4,26.46425825,13.0
1.3125,0.3,14.628342,9.0
1.1875,0.325,17.42076775,12.0
1.2,0.3,14.004653,8.0
0.5875,0.1625,1.77184375,6.0
1.525,0.4125,30.560761,14.0
1.2125,0.3375,18.29960225,8.0
1.275,0.3,17.53416575,8.0
1.1,0.3125,12.5021295,9.0
1.175,0.2625,14.118051,8.0
1.55,0.4125,31.581343,10.0
1.1625,0.275,13.154168,8.0
1.6125,0.425,33.46658475,19.0
0.875,0.225,5.59902625,8.0
1.225,0.3375,18.14368,8.0
1.525,0.35,30.0221205,9.0
1.6125,0.4375,36.32988425,17.0
1.3875,0.3625,22.29688175,9.0
1.475,0.3625,27.158821,11.0
1.55,0.3625,30.220567,10.0
1.5625,0.375,32.205032,13.0
1.55,0.4375,32.50270175,12.0
1.0875,0.2625,11.09882925,6.0
1.4125,0.4125,28.292801,13.0
1.3375,0.35,19.1926115,10.0
1.4625,0.4,29.44095575,15.0
1.55,0.375,31.127751,11.0
1.4125,0.4375,31.70891575,10.0
1.3125,0.325,20.05727125,14.0
1.375,0.375,21.1203775,11.0
1.2875,0.4,25.86891875,16.0
1.325,0.4125,23.416687,13.0
1.55,0.4375,33.3312445,10.0
1.6,0.4,32.58775025,9.0
1.675,0.4125,44.69298675,10.0
1.4125,0.325,24.153774,12.0
0.925,0.125,6.10931725,6.0
1.15,0.3125,13.96212875,8.0
1.5375,0.4375,35.6920205,17.0
1.5875,0.45,33.5374585,11.0
1.2125,0.3,13.90542975,8.0
1.275,0.3125,18.71067,8.0
0.4,0.05,0.41106775,4.0
1.025,0.2875,8.49067525,8.0
1.3,0.325,19.71707725,12.0
1.375,0.375,24.1821235,11.0
0.9,0.225,5.2446575,6.0
1.1625,0.275,16.9813505,8.0
1.725,0.525,46.67745175,16.0
1.3,0.3125,16.499409,8.0
1.625,0.4625,36.58502975,15.0
1.5875,0.4125,35.096681,11.0
1.4125,0.4125,29.48348,20.0
1.675,0.4875,45.7277435,16.0
1.45,0.3625,25.33027825,9.0
1.675,0.4875,50.121916,10.0
0.975,0.25,7.7961125,7.0
1.125,0.2625,12.7289255,8.0
1.45,0.325,22.2543575,9.0
1.0875,0.25,11.169703,7.0
1.2625,0.3125,17.90270925,9.0
1.3125,0.4,19.7029025,10.0
0.9875,0.2125,7.1157245,8.0
1.5375,0.3875,29.9654215,10.0
1.6375,0.425,38.71124225,12.0
1.725,0.45,47.18774275,9.0
1.525,0.425,32.89959475,11.0
0.975,0.2625,9.25611175,6.0
0.9,0.2375,6.64795775,6.0
0.9125,0.2375,9.19941275,7.0
1.3875,0.375,23.81358,13.0
0.4,0.125,0.49611625,4.0
1.275,0.35,20.3265915,8.0
0.75,0.225,3.98310475,6.0
1.125,0.35,13.8062065,8.0
1.15,0.3125,13.08329425,9.0
1.475,0.35,28.33532525,8.0
1.375,0.3375,22.94892025,13.0
1.6125,0.45,36.18813675,9.0
0.5875,0.1625,1.99863975,5.0
1.35,0.3875,20.25571775,9.0
1.3125,0.3125,17.53416575,8.0
1.0125,0.2375,10.41844125,7.0
1.525,0.4125,30.1922175,10.0
1.3125,0.375,22.169309,14.0
1.4875,0.3125,29.2283345,11.0
1.5875,0.4,35.0116325,9.0
1.0625,0.3,11.226402,6.0
0.6875,0.1625,2.99087225,7.0
0.775,0.2125,4.60679375,11.0
1.375,0.35,22.55202725,11.0
1.525,0.4375,32.431828,14.0
1.425,0.3875,23.68600725,10.0
1.425,0.375,28.36367475,14.0
1.575,0.4125,31.127751,12.0
1.6875,0.4625,41.8863863,11.0
1.4375,0.425,25.2027055,18.0
0.9375,0.2375,6.08096775,14.0
1.3,0.3625,20.96445525,8.0
1.45,0.5125,28.7180435,13.0
1.1,0.2875,13.33843975,8.0
1.2875,0.3,19.74542675,8.0
1.5,0.4,28.36367475,17.0
1.475,0.3625,29.7386255,9.0
1.1,0.2625,12.40290625,8.0
0.6125,0.1625,2.0695135,3.0
1.1875,0.3125,12.34620725,8.0
1.2875,0.3125,18.92329125,9.0
0.85,0.2125,5.613201,6.0
1.5625,0.4125,33.8776525,10.0
1.35,0.325,23.7852305,9.0
1.4125,0.3875,27.4139665,22.0
1.375,0.3375,23.8986285,14.0
1.375,0.3375,22.80717275,9.0
1.325,0.35,17.463292,8.0
1.4,0.375,25.8830935,7.0
1.5625,0.35,31.978236,10.0
1.45,0.3,25.3728025,8.0
1.375,0.375,23.65765775,9.0
1.25,0.3625,22.0275615,14.0
1.375,0.375,26.2232875,10.0
1.375,0.35,25.16018125,8.0
1.225,0.3125,15.3937785,8.0
1.35,0.375,24.777463,11.0
1.55,0.45,34.9549335,10.0
1.4875,0.425,30.03629525,9.0
1.4875,0.4125,32.034935,10.0
1.5375,0.3875,39.19318375,11.0
0.9375,0.2,6.98815175,7.0
1.7625,0.5375,49.9234695,19.0
0.9625,0.25,7.5126175,7.0
1.3,0.3875,23.88445375,13.0
1.25,0.3625,18.01610725,13.0
1.7,0.4875,44.74968575,16.0
1.45,0.375,28.02348075,10.0
1.1,0.2625,10.61688775,7.0
1.5625,0.3875,30.674159,12.0
1.7125,0.4375,40.78075575,11.0
1.5625,0.475,38.215126,19.0
1.225,0.3125,17.463292,10.0
0.7,0.15,3.345241,6.0
1.2625,0.3,16.9813505,10.0
1.4,0.375,25.7129965,11.0
0.9,0.225,6.0951425,6.0
1.375,0.375,20.62426125,9.0
1.3,0.325,21.035329,10.0
1.7375,0.5125,51.7378375,11.0
1.3375,0.3625,23.17571625,8.0
0.9375,0.25,6.30776375,7.0
1.3,0.3625,19.74542675,8.0
1.125,0.25,13.8062065,8.0
1.5625,0.4125,29.766975,10.0
0.775,0.125,4.422522,6.0
0.9875,0.2375,7.9095105,7.0
0.95,0.2375,7.49844275,7.0
1.3,0.35,22.0275615,8.0
0.675,0.15,2.05533875,5.0
1.55,0.375,29.19357775,11.0
1.2875,0.35,23.8986285,8.0
1.55,0.4375,32.7436725,11.0
1.3375,0.3875,24.777463,15.0
1.3125,0.4,23.88445375,9.0
1.2625,0.3125,15.37183625,8.0
1.1,0.3,13.8062065,7.0
0.6375,0.15,2.16873675,6.0
1.0875,0.25,10.7444605,8.0
1.0875,0.2875,9.7238785,8.0
1.5375,0.3875,33.1972645,10.0
1.1875,0.275,14.81261375,10.0
0.8875,0.25,6.84640425,7.0
1.4625,0.4,31.00017825,16.0
1.575,0.3875,33.40988575,11.0
1.4625,0.4125,28.122704,15.0
0.5375,0.125,0.89300925,4.0
1.5,0.3875,31.9498865,13.0
1.575,0.4375,33.849303,10.0
1.4875,0.375,24.73493875,15.0
1.6375,0.475,38.55532,16.0
1.4625,0.3875,32.545226,10.0
1.625,0.4375,41.23434775,11.0
1.5125,0.35,29.18581025,14.0
1.5375,0.4125,31.6096925,11.0
1.45,0.375,28.42037375,8.0
0.4375,0.1125,0.83631025,5.0
1.525,0.45,37.761534,14.0
1.475,0.4125,26.94619975,11.0
0.925,0.2375,7.24329725,7.0
1.1,0.2625,11.169703,9.0
1.2125,0.2875,16.102516,8.0
1.3375,0.4125,25.1460065,13.0
1.45,0.3875,26.12406425,11.0
1.1125,0.2625,13.551061,8.0
0.6125,0.15,2.02698925,4.0
1.55,0.4875,36.967748,14.0
1.6125,0.4375,43.6298805,11.0
1.475,0.3875,25.35862775,9.0
1.525,0.475,27.34309275,16.0
0.675,0.1875,3.345241,5.0
1.2,0.275,13.8062065,8.0
1.1875,0.3,14.571643,9.0
1.5625,0.4125,35.3518265,11.0
1.6125,0.45,36.457457,12.0
1.2,0.325,16.28678775,8.0
1.3375,0.3875,21.44639675,9.0
1.5625,0.425,36.47163175,15.0
1.3125,0.35,18.6256215,11.0
1.425,0.4125,31.808139,20.0
1.6125,0.425,32.89959475,10.0
1.475,0.3375,30.4190135,10.0
1.4375,0.4125,33.8776525,9.0
1.625,0.4625,42.354153,11.0
1.3125,0.3125,19.4194075,8.0
0.9375,0.225,8.15048125,6.0
1.0375,0.2875,9.73805325,16.0
0.7875,0.1875,4.819415,7.0
1.5625,0.4625,40.78075575,11.0
1.625,0.475,39.405805,11.0
0.725,0.2,4.20990075,7.0
1.55,0.4125,32.16250775,12.0
1.65,0.475,46.776675,12.0
1.4625,0.4,24.777463,10.0
1.3125,0.4125,26.63435525,12.0
0.45,0.1,0.86465975,3.0
1.525,0.425,31.18445,10.0
1.2375,0.3375,15.35125425,8.0
1.4125,0.3125,24.50814275,9.0
1.575,0.475,39.2640575,9.0
1.525,0.425,30.06464475,9.0
1.625,0.4375,41.8722115,10.0
1.175,0.3125,15.8473705,8.0
0.9,0.2,5.6415505,7.0
1.475,0.35,26.988724,8.0
1.7125,0.5,52.219779,11.0
1.0375,0.275,9.34116025,8.0
0.4,0.0875,0.41106775,3.0
1.7,0.4875,48.477645,10.0
1.475,0.35,25.0326085,10.0
1.575,0.4375,33.40988575,12.0
1.4,0.3625,25.1460065,9.0
1.625,0.45,45.40172425,12.0
1.1125,0.3375,13.33843975,13.0
1.125,0.275,13.437663,7.0
1.3125,0.425,19.9863975,10.0
1.6125,0.45,38.88133925,16.0
0.95,0.2375,8.618248,6.0
0.75,0.125,3.35941575,5.0
1.2875,0.3,18.71067,9.0
1.7,0.5,44.74968575,15.0
1.0125,0.225,8.561549,7.0
1.225,0.375,16.9813505,10.0
1.2125,0.35,14.38737125,8.0
1.5625,0.375,32.545226,11.0
1.2125,0.3,13.437663,9.0
1.4,0.35,25.174356,10.0
0.95,0.225,8.32057825,8.0
1.525,0.425,30.8726055,9.0
1.6875,0.4125,42.48172575,10.0
1.45,0.4375,34.5013415,12.0
1.0625,0.2625,10.02154825,7.0
0.975,0.25,7.83863675,7.0
1.0375,0.225,10.886208,6.0
1.375,0.375,22.01338675,9.0
1.3,0.3,17.95940825,7.0
1.6375,0.5,39.349106,10.0
1.3875,0.375,26.80445225,9.0
1.425,0.4,24.2955215,13.0
0.7375,0.2125,3.72795925,5.0
1.3125,0.3125,17.95940825,8.0
0.975,0.2125,7.72523875,7.0
1.025,0.2375,10.4042665,7.0
1.1875,0.3625,16.68368075,10.0
0.9625,0.25,8.1930055,6.0
1.475,0.425,25.78387025,10.0
1.5625,0.4,33.04134225,10.0
0.6875,0.1625,2.65067825,5.0
1.5125,0.4,31.127751,9.0
1.5125,0.375,31.581343,9.0
1.1375,0.275,14.50076925,8.0
1.2125,0.3125,16.91047675,9.0
1.3625,0.35,23.26076475,7.0
1.6625,0.475,40.766581,20.0
1.375,0.375,28.973189,10.0
1.4875,0.3875,29.10076175,14.0
1.8375,0.575,49.781722,17.0
1.175,0.275,12.076887,10.0
1.475,0.3875,25.9397925,10.0
1.55,0.4125,37.23706825,10.0
1.6375,0.4375,36.86852475,9.0
0.6125,0.1625,1.644271,4.0
0.85,0.15,3.92640575,6.0
0.9375,0.2375,8.674947,6.0
1.125,0.275,11.89261525,7.0
0.5875,0.1625,1.644271,4.0
1.725,0.4375,45.74191825,11.0
1.15,0.2875,11.55242125,8.0
1.5625,0.4,34.5013415,11.0
1.7125,0.475,43.0628905,11.0
1.6125,0.4375,37.1094955,12.0
1.475,0.3625,30.71668325,14.0
1.0125,0.275,9.1001895,7.0
1.2625,0.325,16.51358375,9.0
1.3125,0.375,20.87940675,13.0
1.0,0.25,7.3425205,7.0
0.45,0.0,0.97805775,4.0
1.3375,0.3,22.89222125,7.0
1.4125,0.3625,24.99008425,11.0
1.3125,0.325,20.0430965,9.0
1.0875,0.2625,10.4609655,7.0
1.3125,0.2875,17.84601025,8.0
1.45,0.3375,26.01066625,8.0
1.525,0.4,34.23202125,10.0
1.6375,0.425,40.5681345,12.0
1.5,0.4125,29.937072,11.0
1.5625,0.3875,37.37881575,11.0
1.6125,0.4375,41.8863863,10.0
1.625,0.425,39.41997975,10.0
1.4375,0.3875,28.02348075,9.0
1.4875,0.45,35.550273,19.0
0.925,0.2375,6.95980225,7.0
1.375,0.325,21.9708625,10.0
0.9625,0.225,8.40562675,6.0
1.2875,0.35,21.36134825,9.0
1.7625,0.475,58.75433875,13.0
1.5625,0.3125,34.6147395,8.0
1.5625,0.4125,38.82464025,16.0
1.025,0.25,9.93649975,7.0
0.975,0.25,8.561549,7.0
1.4125,0.3875,26.308336,11.0
1.425,0.325,22.66542525,9.0
0.975,0.225,7.1724235,6.0
0.9,0.2,6.13766675,7.0
0.6875,0.2125,3.515338,8.0
1.65,0.3875,34.8415355,11.0
1.575,0.4,34.5013415,11.0
1.1625,0.3125,13.22504175,9.0
0.9625,0.2125,8.50485,8.0
0.8625,0.2,5.5848515,7.0
1.55,0.3875,32.2900805,10.0
1.55,0.45,34.45881725,10.0
1.025,0.25,8.5331995,10.0
1.3125,0.35,21.999212,9.0
1.3875,0.3625,22.11261,8.0
1.8,0.4875,43.828327,14.0
1.7,0.5,50.6605565,14.0
1.6375,0.4375,40.9650275,11.0
1.3875,0.3375,21.38969775,11.0
1.5625,0.375,31.19862475,9.0
1.375,0.2625,24.22464775,8.0
1.0,0.225,7.58349125,7.0
1.4875,0.375,27.91008275,10.0
1.2625,0.375,17.78931125,8.0
1.0,0.225,6.7188315,6.0
1.7375,0.4375,52.900167,22.0
1.7,0.4875,50.802304,9.0
1.8,0.5125,50.6605565,9.0
1.7625,0.4375,37.1094955,11.0
0.95,0.2375,8.618248,7.0
1.5625,0.4,30.504062,11.0
1.4,0.4,23.7285315,13.0
1.6625,0.45,39.179009,9.0
1.575,0.4625,31.62386725,19.0
1.4625,0.3,22.849697,10.0
1.5375,0.4875,37.364641,16.0
1.575,0.5,38.71124225,19.0
1.4625,0.3125,26.52095725,8.0
1.625,0.4375,34.79901125,14.0
1.4125,0.3125,25.92561775,9.0
1.4875,0.4125,27.76833525,10.0
1.325,0.3125,21.38969775,11.0
1.3875,0.375,23.79940525,9.0
1.275,0.3375,18.92329125,12.0
1.475,0.4,25.69882175,20.0
1.4,0.3625,22.15513425,8.0
1.4875,0.3375,26.1098895,9.0
1.1125,0.275,8.5898985,8.0
1.5,0.425,30.94347925,13.0
1.6375,0.5125,43.1762885,11.0
0.9875,0.225,7.75358825,8.0
1.5,0.4125,31.3828965,11.0
1.5625,0.4625,36.95357325,11.0
1.525,0.425,32.4601775,10.0
1.4875,0.4,35.19590425,11.0
1.6125,0.4375,38.6403685,9.0
1.575,0.3875,34.7487195,14.0
1.8125,0.55,50.802304,10.0
1.425,0.4875,32.41765325,13.0
1.4,0.35,22.92057075,8.0
1.5875,0.5,36.627554,14.0
1.5375,0.4,33.0271675,8.0
1.6875,0.5375,42.48172575,16.0
1.55,0.4125,30.51823675,9.0
1.5625,0.3375,25.7696955,9.0
1.2875,0.325,18.27125275,7.0
1.4125,0.375,21.95668775,9.0
1.675,0.4125,37.98833,9.0
1.4125,0.375,33.12639075,9.0
1.4375,0.3625,25.41532675,11.0
1.625,0.4625,42.410852,17.0
1.2375,0.3,16.54193325,9.0
1.2875,0.3125,18.5689225,10.0
1.625,0.4125,39.19318375,13.0
1.675,0.4375,39.179009,12.0
1.0625,0.275,12.68640125,8.0
1.4375,0.3875,26.2232875,10.0
1.6625,0.55,48.7327905,12.0
1.0125,0.25,7.58349125,7.0
1.3,0.35,19.43358225,14.0
1.525,0.4125,31.34037225,10.0
1.3625,0.35,21.38969775,10.0
1.175,0.3125,15.365429,8.0
1.5125,0.4625,29.27085875,14.0
1.1,0.2875,10.33339275,10.0
1.1,0.2625,11.5949455,11.0
1.3,0.375,21.9708625,15.0
1.35,0.425,24.50814275,15.0
1.55,0.4125,29.937072,10.0
1.375,0.3625,23.88445375,9.0
1.25,0.3125,14.571643,10.0
1.675,0.475,47.58463575,11.0
1.375,0.3625,21.27629975,9.0
1.55,0.425,32.545226,9.0
0.475,0.1125,0.75126175,5.0
1.1,0.3,14.81261375,8.0
0.525,0.075,1.06310625,3.0
1.5125,0.375,31.127751,11.0
1.0125,0.225,7.95203475,6.0
1.7,0.4125,44.4236665,9.0
1.5625,0.5,41.39027,14.0
1.15,0.275,12.71475075,8.0
0.9625,0.2,6.747181,7.0
1.2875,0.3375,22.5378525,9.0
1.3,0.35,16.31513725,13.0
1.5625,0.4375,41.4753185,13.0
0.9875,0.25,9.02931575,6.0
1.2625,0.3,18.71067,14.0
1.1875,0.3125,13.50853675,9.0
1.0125,0.2375,9.128539,7.0
0.8125,0.2375,5.31553125,6.0
1.3625,0.4,24.87668625,12.0
1.3375,0.3875,19.97222275,10.0
0.85,0.1875,5.06038575,6.0
1.45,0.375,23.85610425,12.0
1.075,0.2625,10.886208,9.0
1.725,0.4375,45.88366575,10.0
1.65,0.3875,36.47163175,11.0
0.875,0.25,6.30776375,9.0
1.3125,0.375,21.58814425,19.0
1.6625,0.55,46.6916265,12.0
1.7375,0.45,50.6605565,11.0
1.475,0.3375,26.3933845,8.0
1.85,0.475,53.092425,10.0
0.65,0.1,1.82854275,4.0
1.1125,0.375,14.38737125,14.0
1.3125,0.4,21.55979475,16.0
0.9125,0.2625,6.27941425,7.0
1.525,0.4125,29.95124675,11.0
1.4375,0.4125,24.84833675,12.0
1.25,0.325,21.38969775,13.0
1.0875,0.25,11.5382465,7.0
1.4125,0.45,28.98736375,17.0
1.1125,0.3,11.8217415,7.0
1.6125,0.4125,39.318036,13.0
1.6125,0.425,36.173962,12.0
1.3875,0.3875,26.69105425,8.0
1.5,0.425,33.29648775,10.0
1.4625,0.35,27.65493725,11.0
1.5125,0.3875,29.937072,9.0
1.1875,0.3125,12.99824575,8.0
1.25,0.325,22.5945515,19.0
1.5375,0.4,32.1199835,9.0
1.125,0.3125,12.927372,8.0
0.975,0.25,7.98038425,9.0
1.5,0.3875,34.8415355,15.0
0.725,0.1875,3.3168915,5.0
1.45,0.4,24.777463,10.0
1.2875,0.3875,20.4966885,9.0
1.1625,0.325,15.20950675,8.0
1.4875,0.425,30.94347925,10.0
1.4,0.35,23.5584345,9.0
0.75,0.1625,3.1467945,9.0
1.1,0.325,11.09882925,7.0
1.4875,0.3875,33.04134225,17.0
1.425,0.35,24.097075,9.0
0.8625,0.225,5.8683465,6.0
0.85,0.1875,5.08873525,6.0
1.6375,0.4,41.4753185,11.0
1.0875,0.275,10.3475675,8.0
1.5625,0.3875,40.92250325,11.0
1.5625,0.3875,36.38658325,10.0
1.325,0.4125,21.5172705,9.0
1.3125,0.2875,18.5689225,11.0
1.2875,0.3,16.31513725,9.0
1.575,0.4125,32.16250775,11.0
1.475,0.375,27.6974615,10.0
1.575,0.4875,39.405805,19.0
1.5875,0.4125,36.85435,10.0
0.9375,0.2375,7.654365,7.0
1.6125,0.4375,45.1607535,16.0
1.25,0.2875,18.92329125,9.0
1.1,0.3,15.49300175,11.0
1.5875,0.475,45.3592,14.0
1.1,0.25,15.3370795,8.0
1.525,0.4125,33.40988575,13.0
1.4375,0.375,27.0170735,8.0
0.875,0.2375,5.51397775,6.0
1.4625,0.375,27.68328675,13.0
1.2875,0.3125,18.030282,9.0
1.475,0.4,29.15746075,8.0
1.6875,0.4375,40.1145425,11.0
1.025,0.25,8.5331995,9.0
1.375,0.35,20.0997955,10.0
0.8125,0.25,4.09650275,7.0
1.4375,0.375,24.84833675,8.0
1.1125,0.2625,11.89261525,7.0
1.5625,0.4125,35.6920205,29.0
1.5625,0.4,30.51823675,12.0
1.325,0.3125,15.57805025,8.0
1.1375,0.2625,11.7650425,12.0
1.175,0.3,13.53688625,10.0
1.125,0.275,12.0485375,11.0
1.45,0.4,26.32251075,16.0
1.2625,0.35,21.38969775,13.0
1.675,0.4875,43.6298805,11.0
1.3875,0.35,24.93338525,9.0
1.2,0.3125,14.69921575,9.0
1.15,0.275,12.99824575,9.0
1.575,0.4875,31.524644,11.0
1.0,0.225,9.31281075,6.0
1.4,0.375,25.51455,11.0
1.4375,0.425,26.6201805,11.0
1.4375,0.4125,30.107169,14.0
1.15,0.325,13.5794105,12.0
1.7875,0.475,42.73687125,11.0
1.6125,0.3875,33.46658475,12.0
1.3,0.325,20.354941,10.0
1.525,0.375,35.096681,11.0
1.4625,0.3875,29.993771,11.0
1.25,0.3125,16.93882625,11.0
1.675,0.45,47.18774275,11.0
1.45,0.35,29.0582375,9.0
1.5625,0.4125,40.1145425,9.0
1.45,0.3625,27.0737725,8.0
0.925,0.2,5.443104,5.0
1.625,0.375,32.95629375,11.0
1.4,0.4,24.39474475,9.0
1.675,0.475,41.48949325,10.0
1.1625,0.3125,15.74814725,8.0
1.325,0.3375,20.3265915,9.0
1.2875,0.3875,20.7234845,12.0
1.25,0.3375,24.777463,9.0
1.125,0.2875,14.17475,8.0
1.575,0.375,33.55163325,19.0
0.85,0.2625,5.6982495,5.0
1.475,0.375,29.0582375,10.0
1.2625,0.3125,19.66037825,11.0
1.5625,0.375,31.19862475,11.0
1.55,0.4125,34.68561325,12.0
0.7375,0.1875,3.01922175,5.0
1.475,0.4,31.28367325,14.0
1.2625,0.3,15.35125425,9.0
0.875,0.225,6.10931725,6.0
1.525,0.4625,38.42774725,13.0
1.375,0.3875,25.52872475,13.0
1.5875,0.4125,35.4652245,11.0
1.1625,0.2875,14.81261375,12.0
1.4,0.375,25.72717125,13.0
0.575,0.1375,1.57339725,5.0
0.3125,0.0875,0.69456275,3.0
1.175,0.3125,12.2753335,8.0
1.525,0.4375,35.81959325,10.0
0.9375,0.225,7.66853975,6.0
1.3125,0.375,22.1976585,11.0
1.4375,0.3875,28.02348075,10.0
0.925,0.225,6.70465675,6.0
1.5,0.4125,35.777069,11.0
1.45,0.3875,28.689694,10.0
1.5,0.4125,30.74503275,11.0
1.575,0.4,33.55163325,11.0
1.35,0.3625,23.7285315,9.0
1.4375,0.3875,26.54930675,11.0
1.55,0.4125,31.70891575,11.0
1.55,0.3875,34.699788,11.0
1.5875,0.4375,39.745999,13.0
1.4,0.325,22.38193025,10.0
1.5,0.45,32.4601775,11.0
1.5875,0.4375,35.76289425,9.0
1.3375,0.375,26.46425825,10.0
1.0625,0.2625,9.4970825,7.0
1.6125,0.4375,41.8722115,13.0
1.1625,0.275,13.154168,9.0
1.225,0.325,21.035329,7.0
1.4,0.35,23.7285315,13.0
1.625,0.4375,34.7848365,13.0
1.3,0.4,24.73493875,11.0
1.575,0.375,33.12639075,9.0
1.2125,0.325,16.9246515,15.0
0.6875,0.1875,3.1467945,5.0
1.6625,0.4375,42.354153,21.0
1.475,0.3625,33.46658475,9.0
1.625,0.5125,37.42134,11.0
1.25,0.3,16.40018575,8.0
1.4625,0.4,24.7491135,13.0
0.975,0.2375,7.10154975,10.0
0.75,0.2125,4.37999775,6.0
1.0875,0.2875,11.41067375,7.0
1.5625,0.4125,32.36095425,8.0
1.475,0.4125,29.49765475,13.0
1.5875,0.4,29.596878,10.0
1.5375,0.4625,31.42542075,10.0
1.3625,0.35,18.4555245,8.0
1.5375,0.4375,30.8726055,10.0
0.7,0.15,3.6003865,7.0
0.7375,0.2,3.6003865,6.0
0.9625,0.2375,7.58349125,8.0
1.6125,0.475,43.828327,12.0
1.4375,0.3625,26.08154,10.0
1.2125,0.3125,15.94659375,9.0
1.4125,0.4125,31.19862475,9.0
1.4375,0.375,26.09571475,9.0
1.125,0.35,14.55746825,7.0
1.55,0.45,27.91008275,9.0
1.325,0.3375,20.53921275,10.0
1.3125,0.3125,15.932419,8.0
1.45,0.3625,24.720764,13.0
0.9625,0.25,8.50485,7.0
1.025,0.3,9.19941275,7.0
1.2125,0.325,23.0481435,16.0
1.5,0.4125,29.1149365,15.0
1.5625,0.45,33.29648775,10.0
1.5625,0.4125,31.34037225,11.0
0.85,0.2,5.10291,7.0
1.1875,0.2875,11.7650425,8.0
1.3,0.3,18.71067,10.0
1.1375,0.3125,13.947954,7.0
1.4625,0.375,28.462898,9.0
1.0375,0.2875,10.87203325,9.0
1.0875,0.3,11.6516445,8.0
1.325,0.3875,20.97863,10.0
1.5125,0.35,30.1355185,10.0
1.3125,0.3125,20.921931,8.0
1.425,0.325,21.72989175,8.0
0.4875,0.0625,0.97805775,5.0
1.6,0.45,37.1094955,20.0
1.7,0.5125,43.21881275,18.0
1.1,0.3125,10.50348975,9.0
0.9875,0.275,8.20718025,6.0
0.9375,0.225,6.30776375,6.0
1.1625,0.2625,13.70698325,12.0
1.5,0.375,32.16250775,11.0
1.625,0.425,43.02036625,12.0
0.7375,0.225,3.64291075,7.0
1.3125,0.375,16.91047675,8.0
1.5625,0.4625,34.23202125,11.0
1.5625,0.4125,34.68561325,11.0
1.0875,0.2875,10.50348975,9.0
1.425,0.375,21.8007655,9.0
1.65,0.475,38.08755325,17.0
1.2125,0.2625,15.35125425,9.0
1.5625,0.4375,36.55668025,22.0
1.325,0.3625,23.48756075,8.0
1.4875,0.4125,28.27862625,10.0
0.7875,0.2375,3.96893,5.0
0.6125,0.1125,1.304077,4.0
1.175,0.3,15.03940975,8.0
1.625,0.525,42.807745,11.0
1.6,0.3875,28.07124825,11.0
1.325,0.35,20.97863,11.0
1.175,0.25,12.82814875,9.0
1.5625,0.375,32.5168765,11.0
1.2375,0.3125,22.01338675,8.0
1.5375,0.4125,33.6508565,17.0
0.925,0.2125,5.59902625,7.0
0.875,0.225,5.68407475,6.0
1.6375,0.5,39.63163475,11.0
1.1375,0.2375,12.60135275,7.0
1.425,0.45,30.957654,12.0
0.9625,0.2125,8.8733935,7.0
1.175,0.2875,13.4093135,8.0
1.4,0.4375,29.426781,9.0
0.7375,0.1875,3.6003865,6.0
1.5625,0.475,38.158427,16.0
1.575,0.4625,37.98833,11.0
1.4625,0.4125,28.0943545,11.0
1.225,0.3125,12.99824575,8.0
1.4625,0.375,26.40755925,10.0
1.6125,0.45,42.2124055,13.0
0.525,0.1125,0.89300925,4.0
1.5375,0.4125,28.973189,9.0
0.9375,0.225,6.61960825,6.0
1.45,0.375,24.720764,9.0
1.375,0.375,20.468339,9.0
1.55,0.45,37.137845,10.0
1.425,0.3625,24.42309425,10.0
1.4,0.425,25.69882175,12.0
1.375,0.3625,25.51455,12.0
0.75,0.15,3.572037,6.0
0.9375,0.225,6.30776375,7.0
1.425,0.35,23.57260925,9.0
1.7,0.45,42.184056,12.0
1.2625,0.375,19.901349,10.0
1.475,0.3875,27.68328675,9.0
1.0625,0.3,10.27669375,8.0
1.4625,0.325,24.47979325,11.0
1.5125,0.3875,31.99241075,10.0
1.55,0.4125,27.62658775,15.0
1.3625,0.3125,19.43358225,9.0
1.0125,0.225,10.886208,7.0
1.25,0.35,15.83319575,10.0
1.7375,0.5,48.26502375,9.0
1.2625,0.3125,17.0380495,8.0
1.5125,0.4625,25.44367625,10.0
1.5625,0.475,36.38658325,11.0
0.7,0.175,2.3530085,5.0
1.475,0.375,28.61882025,10.0
0.775,0.175,3.13261975,6.0
0.7875,0.225,4.12485225,6.0
0.8125,0.1125,4.309124,5.0
1.3875,0.325,24.36639525,8.0
1.8375,0.55,49.34230475,13.0
1.55,0.4125,27.20134525,12.0
1.4125,0.4,22.15513425,10.0
1.6625,0.4125,38.6403685,12.0
1.525,0.5125,31.2694985,20.0
0.95,0.25,8.63242275,11.0
1.5125,0.3875,28.066005,10.0
0.6875,0.175,2.608154,6.0
1.1625,0.3125,15.74814725,9.0
1.6,0.4375,35.833768,12.0
0.9,0.2,6.13766675,8.0
1.575,0.4,34.9549335,10.0
1.3125,0.3125,18.38465075,10.0
1.6125,0.425,34.529691,12.0
1.45,0.375,27.0170735,10.0
1.2875,0.3125,17.70426275,8.0
0.6375,0.1225,2.3530085,5.0
1.4125,0.4,28.76056775,16.0
1.5375,0.4625,29.18581025,14.0
1.3,0.35,24.73493875,9.0
1.1,0.35,13.08329425,8.0
1.3,0.3375,16.37183625,7.0
0.675,0.1625,2.0695135,6.0
0.8625,0.25,5.556502,7.0
1.6375,0.4375,38.8104655,10.0
1.1,0.325,13.50853675,14.0
1.0,0.225,9.8372765,8.0
1.3875,0.3125,21.829115,8.0
1.0,0.25,9.695529,6.0
0.4,0.025,0.5953395,4.0
1.3125,0.3875,20.638436,9.0
1.5875,0.45,40.41221225,10.0
1.375,0.3625,20.184844,10.0
1.4875,0.375,32.205032,11.0
1.5125,0.4375,33.0271675,10.0
1.5,0.4375,34.6147395,10.0
0.8125,0.1875,4.09650275,8.0
1.5,0.3875,32.1199835,10.0
0.625,0.15,2.36718325,3.0
1.6375,0.4625,36.457457,11.0
1.0125,0.225,9.4970825,8.0
1.375,0.35,23.586784,12.0
1.725,0.4625,45.71356875,11.0
1.125,0.25,9.298636,8.0
1.625,0.4,39.7743485,9.0
1.6125,0.375,35.777069,11.0
1.575,0.4625,31.581343,22.0
1.3,0.35,19.85882475,6.0
0.7875,0.175,3.16096925,6.0
1.3125,0.3,18.24290325,9.0
1.575,0.45,36.68289275,10.0
1.25,0.3125,18.6256215,8.0
0.95,0.2,8.3064035,9.0
1.3625,0.375,21.1203775,13.0
1.3625,0.3125,26.2799865,11.0
1.3625,0.375,24.8058125,10.0
0.8875,0.2125,6.98815175,6.0
0.7375,0.1375,2.99087225,6.0
1.375,0.375,27.93843225,9.0
0.8375,0.2125,5.88252125,6.0
0.8875,0.2125,5.03203625,7.0
1.1125,0.275,12.7856245,8.0
1.525,0.45,36.61337925,9.0
1.3,0.3,18.597272,12.0
1.075,0.25,10.30504325,7.0
1.575,0.4375,38.03085425,10.0
1.0125,0.2875,8.901743,6.0
1.6625,0.4125,36.3724085,11.0
1.325,0.35,23.40251225,10.0
1.0875,0.275,11.169703,7.0
1.375,0.35,24.834162,9.0
1.3,0.375,20.921931,13.0
1.3375,0.325,21.6873675,8.0
1.45,0.4125,33.3673615,13.0
1.25,0.375,20.14231975,8.0
1.5875,0.4625,38.00250475,12.0
1.425,0.425,26.32251075,21.0
1.55,0.4,34.416293,11.0
1.625,0.425,34.79901125,10.0
1.075,0.2625,9.73805325,6.0
1.0625,0.25,10.33339275,6.0
1.6375,0.475,38.9805625,11.0
1.075,0.2875,14.4865945,9.0
1.425,0.425,26.6768795,9.0
1.5375,0.3875,36.7126025,13.0
1.55,0.3875,29.95124675,11.0
1.5125,0.45,30.94347925,16.0
1.3,0.3,18.01610725,9.0
1.1125,0.275,11.41067375,10.0
1.0125,0.275,7.93786,13.0
0.525,0.125,1.31825175,5.0
0.9875,0.2375,7.144074,7.0
1.4125,0.4,25.16018125,12.0
1.4875,0.3875,27.612413,10.0
1.475,0.375,24.8058125,13.0
1.225,0.325,15.932419,8.0
1.35,0.325,21.772416,9.0
1.275,0.3125,19.80212575,9.0
1.6625,0.4125,36.78347625,10.0
1.525,0.3875,31.411246,11.0
0.9625,0.225,6.1518415,7.0
1.1875,0.275,13.494362,8.0
1.4375,0.3875,26.2232875,8.0
1.55,0.4375,32.16250775,10.0
1.35,0.35,21.035329,10.0
1.325,0.325,24.0687255,13.0
1.0625,0.2375,9.25611175,8.0
1.375,0.35,20.25571775,9.0
1.35,0.3625,21.999212,10.0
1.525,0.425,32.72949775,12.0
1.5875,0.3875,33.26813825,13.0
1.15,0.275,12.927372,8.0
1.3375,0.375,22.92057075,9.0
1.2375,0.3375,17.349894,8.0
1.4375,0.4,33.40988575,11.0
1.3625,0.35,20.36911575,12.0
1.5,0.4,34.5013415,11.0
1.5875,0.4125,38.00250475,10.0
0.925,0.2125,5.79747275,10.0
1.6625,0.4625,37.194544,11.0
1.4625,0.425,25.7696955,11.0
1.2375,0.3125,15.66309875,8.0
1.175,0.35,14.81261375,10.0
1.575,0.375,35.25260325,12.0
1.3125,0.3125,22.566202,10.0
1.5,0.4625,32.89959475,17.0
1.1625,0.3,13.53688625,8.0
1.25,0.3375,14.61416725,12.0
1.8,0.45,51.24172125,9.0
1.5,0.4625,36.627554,14.0
1.5625,0.4375,36.7126025,11.0
1.5875,0.3875,36.55668025,10.0
1.425,0.425,22.66542525,10.0
1.625,0.375,35.3518265,9.0
1.425,0.4125,31.127751,13.0
0.45,0.0625,0.89300925,5.0
1.25,0.35,21.9708625,13.0
1.6125,0.45,34.6147395,9.0
1.5875,0.4125,36.230661,19.0
0.925,0.2125,7.04485075,6.0
1.1625,0.325,15.83319575,8.0
1.4625,0.4125,31.6096925,14.0
1.5125,0.4125,31.18445,11.0
1.2625,0.3,16.2442635,8.0
1.4625,0.3625,26.0531905,10.0
1.2875,0.3,17.95940825,8.0
1.0,0.2125,7.95203475,15.0
1.55,0.4375,38.03085425,18.0
1.35,0.45,21.1203775,8.0
1.475,0.375,26.308336,10.0
1.4375,0.4,28.87396575,10.0
1.125,0.3,11.80756675,9.0
0.6375,0.175,2.608154,4.0
1.075,0.25,10.33339275,6.0
0.5375,0.15,0.89300925,5.0
1.1,0.25,10.4609655,8.0
1.1375,0.3,13.664459,8.0
1.5375,0.4125,29.1716355,11.0
1.1,0.2625,11.80756675,8.0
0.9,0.2125,5.556502,6.0
1.25,0.3125,16.23008875,8.0
1.2375,0.2625,14.2030995,9.0
1.3,0.3375,16.839603,11.0
0.675,0.1875,2.721552,6.0
1.4875,0.4,29.7386255,12.0
1.775,0.45,47.18774275,11.0
1.3375,0.3625,20.25571775,9.0
1.5125,0.4,31.127751,9.0
1.5875,0.4,39.19318375,11.0
1.475,0.375,30.43318825,9.0
1.6875,0.45,47.18774275,11.0
1.5375,0.4875,37.15201975,20.0
1.0375,0.2875,10.44679075,9.0
1.4125,0.35,27.0170735,9.0
0.65,0.15,2.8066005,4.0
1.425,0.4375,27.158821,16.0
1.25,0.3,16.896302,8.0
1.2625,0.3125,16.0174675,10.0
1.6125,0.4625,43.3463855,10.0
1.15,0.3,13.39513875,10.0
1.4875,0.35,27.555714,10.0
0.4375,0.1125,0.66621325,4.0
1.45,0.375,24.99008425,10.0
1.45,0.4125,28.67551925,18.0
1.6,0.4125,39.2073585,10.0
0.9125,0.25,6.30776375,7.0
0.875,0.2375,6.0384435,8.0
0.95,0.275,6.08096775,11.0
1.7375,0.475,51.992983,17.0
1.45,0.425,24.62154075,8.0
1.55,0.35,27.0170735,11.0
1.775,0.4625,49.26502375,13.0
1.35,0.3625,20.22736825,9.0
1.5875,0.425,38.82464025,10.0
1.375,0.3875,21.1203775,10.0
0.95,0.225,6.577084,6.0
1.6625,0.4,38.00250475,16.0
1.5625,0.4125,34.5013415,10.0
1.325,0.325,21.47474625,9.0
0.4375,0.125,0.8788345,4.0
0.9,0.1875,5.556502,6.0
1.55,0.425,33.962701,20.0
1.575,0.425,34.99745775,19.0
1.85,0.5125,57.7479315,11.0
1.4875,0.425,31.127751,12.0
1.525,0.375,33.962701,18.0
1.3875,0.4,27.755914,11.0
1.6375,0.4875,37.74735925,10.0
1.6125,0.45,37.1094955,9.0
1.6,0.4125,34.99745775,11.0
1.4125,0.3625,24.153774,8.0
1.125,0.3375,14.92601175,12.0
1.525,0.45,30.107169,9.0
1.425,0.275,22.5378525,9.0
1.3,0.3625,21.885814,13.0
1.5,0.4,27.9242575,12.0
1.375,0.375,23.40251225,10.0
1.6625,0.4375,46.13881125,10.0
1.525,0.375,30.94347925,11.0
1.425,0.3875,26.2799865,12.0
1.4,0.375,22.75047375,10.0
1.2875,0.3,16.71203025,9.0
1.15,0.3125,13.53688625,10.0
0.875,0.225,4.20990075,6.0
1.65,0.475,38.03085425,13.0
0.9,0.25,6.8889285,6.0
1.3125,0.325,17.463292,10.0
1.5,0.45,31.39707125,10.0
0.475,0.125,0.89300925,4.0
1.6125,0.45,38.11590275,17.0
1.1375,0.3,13.53688625,9.0
1.3375,0.3625,22.89222125,9.0
1.6375,0.5,36.230661,14.0
1.55,0.425,30.8726055,8.0
1.525,0.475,36.27318525,17.0
1.575,0.3625,26.2232875,10.0
1.6,0.45,42.354153,10.0
1.45,0.45,27.68328675,8.0
1.3375,0.3125,17.19397175,10.0
1.775,0.4375,52.7017205,11.0
0.9375,0.2375,6.50621025,6.0
1.775,0.4875,53.4388075,14.0
1.225,0.375,17.50581625,16.0
1.4375,0.3625,22.4811535,15.0
1.3875,0.3625,26.32251075,11.0
1.7125,0.4875,43.318036,9.0
1.4125,0.3875,24.1821235,10.0
1.1875,0.275,13.834556,8.0
1.525,0.425,29.596878,9.0
1.625,0.45,36.3157095,11.0
1.5625,0.4125,31.808139,15.0
1.5625,0.475,33.46658475,12.0
1.475,0.3625,28.64716975,10.0
1.0875,0.275,9.6671795,8.0
1.4125,0.3625,26.6201805,10.0
1.425,0.425,22.509503,9.0
0.875,0.225,5.88252125,7.0
1.25,0.325,16.839603,11.0
1.275,0.325,23.54425975,16.0
1.425,0.375,22.38193025,11.0
1.175,0.325,14.81261375,9.0
1.5625,0.3625,30.1922175,10.0
1.2625,0.375,18.21455375,9.0
1.1,0.3125,16.9246515,9.0
0.975,0.2,6.19436575,6.0
0.6375,0.125,2.83495,7.0
0.4,0.0625,0.510291,4.0
1.4375,0.3625,30.8159065,10.0
1.1625,0.2875,13.1825175,9.0
1.5625,0.3875,27.555714,9.0
1.55,0.375,32.4601775,9.0
1.5,0.4,34.62891425,9.0
1.5125,0.3875,33.622507,9.0
0.925,0.275,6.8889285,7.0
1.675,0.4375,39.98696975,10.0
1.2,0.3125,14.81261375,8.0
1.3125,0.3875,20.93610575,11.0
1.475,0.4,30.8726055,14.0
1.2,0.3625,21.035329,9.0
1.25,0.275,15.4504775,8.0
1.3,0.35,19.17843675,9.0
1.575,0.4375,34.5580405,20.0
1.2,0.3125,16.3009625,8.0
1.7375,0.4625,52.29065275,10.0
1.575,0.3625,31.808139,19.0
1.6,0.4375,36.61337925,17.0
1.6,0.4375,32.89959475,11.0
1.575,0.45,31.3261975,15.0
1.575,0.45,33.5941575,19.0
1.075,0.3,11.2547515,7.0
1.1125,0.2625,12.71475075,9.0
1.3,0.3125,18.6256215,9.0
1.45,0.375,25.8263945,9.0
1.1,0.275,11.89261525,7.0
1.65,0.4,34.65726375,11.0
1.55,0.475,45.3592,16.0
1.25,0.3125,16.76872925,9.0
1.4375,0.3375,24.79163775,10.0
1.3875,0.3125,21.829115,7.0
1.45,0.3625,23.79940525,10.0
1.275,0.2875,15.025235,7.0
0.925,0.25,6.406987,7.0
1.575,0.4,35.81959325,12.0
1.425,0.375,24.777463,8.0
1.25,0.3375,16.386011,8.0
1.7125,0.45,46.67745175,8.0
1.5625,0.4625,40.5681345,12.0
1.375,0.35,23.643483,9.0
1.575,0.375,32.16250775,10.0
1.1625,0.3125,16.76872925,9.0
0.9125,0.2,5.31553125,8.0
1.45,0.3625,23.85610425,10.0
1.375,0.375,24.720764,19.0
1.4375,0.3625,24.99008425,17.0
0.95,0.225,8.32057825,10.0
1.625,0.4375,45.68521925,11.0
0.975,0.225,8.8166945,7.0
1.525,0.4375,36.627554,10.0
1.2125,0.35,17.7184375,8.0
1.2125,0.325,15.3370795,8.0
1.8625,0.5625,71.0154975,15.0
1.6375,0.4375,40.38386275,10.0
1.5,0.4,27.08794725,9.0
1.125,0.3,11.509897,17.0
0.9375,0.225,6.95980225,10.0
1.3875,0.3375,28.462898,9.0
1.0375,0.25,8.17883075,7.0
1.8,0.5,53.580555,11.0
1.5375,0.4125,35.210079,11.0
1.3875,0.3375,23.43086175,9.0
1.6875,0.5125,44.9906565,15.0
1.45,0.375,26.69105425,8.0
1.3375,0.3125,18.10115575,8.0
0.925,0.2,6.70465675,7.0
1.525,0.4375,32.31843,10.0
1.5,0.4125,37.9032815,12.0
1.8625,0.4875,55.35239875,11.0
1.325,0.3375,17.293195,14.0
0.625,0.175,3.005047,5.0
1.6125,0.4375,47.18774275,13.0
1.0375,0.2375,8.17883075,8.0
1.3,0.35,17.08057375,8.0
1.0625,0.3125,10.44679075,8.0
1.625,0.4375,45.68521925,10.0
0.9625,0.2125,6.56290925,7.0
1.6375,0.5,38.8104655,14.0
1.575,0.4625,36.230661,10.0
1.325,0.325,20.3265915,14.0
1.125,0.3125,15.43630275,9.0
1.5,0.425,37.7331845,10.0
1.55,0.4,31.9498865,11.0
1.0125,0.225,8.674947,8.0
0.8375,0.2375,5.71242425,6.0
1.6125,0.425,41.23434775,8.0
1.3,0.3,16.68368075,10.0
1.625,0.4125,36.85435,11.0
1.1625,0.275,13.437663,8.0
1.4125,0.4,26.2232875,13.0
1.475,0.3625,27.08794725,9.0
1.3375,0.35,21.0069795,9.0
1.3,0.3125,15.8473705,8.0
1.775,0.4375,44.22522,10.0
1.575,0.375,33.38153625,11.0
1.55,0.5125,36.95357325,15.0
1.025,0.2375,8.9300925,8.0
1.4625,0.4125,29.44095575,10.0
1.225,0.35,18.27125275,9.0
1.2625,0.2875,15.74814725,7.0
1.2125,0.35,16.51358375,8.0
1.375,0.3875,21.24795025,12.0
1.3125,0.325,18.38465075,9.0
1.65,0.4,41.39027,10.0
0.875,0.2125,5.556502,6.0
0.8,0.1875,4.80524025,6.0
1.2625,0.325,18.83824275,9.0
1.3125,0.2875,18.86659225,8.0
1.525,0.3875,35.59279725,13.0
0.925,0.225,6.577084,7.0
1.575,0.4125,33.12639075,11.0
1.625,0.4125,35.777069,11.0
1.675,0.45,47.95317925,11.0
1.4875,0.4125,33.43823525,10.0
0.925,0.25,7.98038425,14.0
1.1375,0.3125,11.49572225,13.0
0.3875,0.075,0.8221355,5.0
1.0,0.25,10.6877615,8.0
1.425,0.4,24.47979325,12.0
0.7,0.1625,3.005047,5.0
1.6125,0.45,36.967748,12.0
0.7375,0.15,2.67902775,6.0
1.475,0.4125,26.308336,11.0
1.5625,0.4625,37.591437,14.0
1.6375,0.5,35.4652245,18.0
1.5,0.4,30.57493575,9.0
1.025,0.2375,8.63242275,7.0
1.2625,0.4,23.700182,17.0
1.5625,0.4375,28.16522825,12.0
1.25,0.3125,15.83319575,9.0
1.3125,0.45,22.169309,11.0
0.975,0.25,7.52679225,5.0
1.425,0.4625,31.59551775,11.0
1.375,0.3375,23.7852305,11.0
1.0,0.2375,9.25611175,7.0
1.125,0.2875,12.47378,10.0
1.45,0.4125,32.0065855,10.0
1.375,0.3375,20.638436,15.0
1.3125,0.3375,18.58309725,9.0
1.4625,0.4125,26.2232875,10.0
0.925,0.2375,6.93145275,7.0
1.475,0.35,24.38057,12.0
1.0875,0.25,9.4970825,9.0
0.9875,0.25,9.185238,9.0
1.5125,0.3875,30.1922175,13.0
1.375,0.3375,23.94115275,8.0
1.575,0.375,33.46658475,12.0
1.4,0.4125,22.5378525,14.0
0.9875,0.2375,9.63883,7.0
1.375,0.3375,19.050864,8.0
1.325,0.3125,18.4555245,9.0
1.7125,0.5125,45.71356875,12.0
1.3875,0.3875,24.8058125,10.0
1.625,0.425,39.3774555,14.0
1.5,0.4125,29.7386255,19.0
1.375,0.35,23.09066775,8.0
1.5,0.375,26.97454925,11.0
1.625,0.475,39.2640575,13.0
1.475,0.3875,24.73493875,12.0
1.425,0.375,26.2232875,9.0
1.6125,0.4875,38.51279575,17.0
1.2125,0.325,14.6566915,10.0
0.925,0.225,7.9095105,6.0
1.675,0.4125,45.68521925,10.0
1.625,0.4375,36.95357325,12.0
1.575,0.375,32.034935,10.0
1.2875,0.3375,20.3265915,9.0
1.675,0.4,48.477645,11.0
1.625,0.475,46.45065575,11.0
1.5375,0.4625,32.6302745,18.0
1.7,0.475,47.003471,22.0
1.3125,0.325,17.973583,11.0
1.2875,0.3,18.313777,9.0
0.95,0.2,6.56290925,6.0
1.1,0.2875,13.551061,7.0
1.575,0.4375,34.8415355,11.0
0.675,0.15,2.438057,5.0
1.6125,0.4625,35.62114675,14.0
0.9625,0.2125,7.58349125,6.0
1.1,0.2875,13.8062065,11.0
1.55,0.4125,32.4601775,11.0
1.3625,0.3625,23.00561925,9.0
1.575,0.4125,31.2694985,10.0
1.225,0.3375,16.51358375,9.0
0.5875,0.1375,1.82854275,6.0
1.5,0.3875,32.715323,12.0
1.3375,0.35,19.74542675,10.0
1.0125,0.2625,8.958442,7.0
1.55,0.3875,34.65726375,9.0
1.5125,0.425,32.33260475,10.0
1.2375,0.325,18.01610725,8.0
1.4875,0.4125,37.03862175,10.0
1.5,0.4875,31.6096925,17.0
1.0375,0.2625,10.262519,7.0
1.0625,0.2625,10.3475675,7.0
1.5375,0.475,38.6403685,13.0
1.1875,0.35,14.67086625,16.0
1.2875,0.3375,20.19901875,10.0
1.9125,0.7,62.652395,11.0
1.25,0.3125,17.4916415,8.0
1.5625,0.35,34.0477495,8.0
1.625,0.4375,37.7331845,13.0
1.6125,0.4375,36.32988425,12.0
1.0625,0.225,8.618248,7.0
1.325,0.325,22.89222125,9.0
1.5,0.3,29.95124675,10.0
1.5125,0.4375,31.2127995,10.0
0.9625,0.25,7.75358825,7.0
1.45,0.375,29.937072,18.0
1.7875,0.45,41.7588135,9.0
1.3625,0.4125,24.040376,11.0
1.3125,0.375,25.3728025,12.0
1.425,0.4125,25.58542375,12.0
1.325,0.4,28.066005,18.0
1.5875,0.4625,38.08755325,9.0
1.475,0.3625,21.659018,8.0
1.3625,0.3625,20.19901875,12.0
1.725,0.4375,44.21104525,13.0
1.5125,0.375,28.76056775,9.0
0.85,0.2,5.71242425,7.0
1.65,0.475,51.24172125,18.0
1.375,0.3625,25.7696955,12.0
1.175,0.325,14.81261375,7.0
1.5,0.4125,26.818627,9.0
1.4625,0.375,27.6974615,10.0
1.6,0.425,36.7693015,14.0
1.325,0.35,19.97222275,13.0
1.525,0.4,35.81959325,8.0
1.425,0.4625,29.0582375,18.0
0.3875,0.0625,0.510291,3.0
1.5625,0.4375,34.9549335,14.0
1.65,0.4625,44.9906565,13.0
1.2625,0.2875,16.9813505,8.0
1.8125,0.5375,62.652395,13.0
1.5625,0.4375,36.457457,14.0
1.4,0.35,20.96445525,9.0
1.5625,0.4,33.8776525,13.0
0.875,0.2125,5.5281525,6.0
1.5625,0.4375,35.50774875,17.0
1.6625,0.475,44.4236665,13.0
1.2,0.3,15.762322,7.0
1.5,0.375,31.127751,13.0
1.525,0.4125,29.66775175,15.0
1.3375,0.2875,24.1821235,13.0
1.475,0.3875,26.308336,11.0
0.8625,0.3,6.95980225,19.0
0.9625,0.25,7.257472,10.0
1.475,0.425,26.2232875,14.0
0.6375,0.125,3.3168915,5.0
0.9625,0.25,8.8733935,18.0
1.7,0.5,42.354153,10.0
1.375,0.4,28.64716975,11.0
1.2,0.3,14.968536,8.0
1.6125,0.5125,42.354153,13.0
0.7,0.1625,3.6003865,5.0
1.5375,0.375,29.44095575,17.0
0.7375,0.175,3.24601775,6.0
1.0375,0.3,12.34620725,7.0
1.2,0.3,15.8473705,7.0
1.0125,0.225,9.93649975,8.0
1.1,0.3125,10.7444605,13.0
1.3,0.3,16.839603,9.0
1.55,0.35,34.06192425,10.0
1.3125,0.3375,18.597272,12.0
1.0,0.2625,8.901743,6.0
1.6,0.4375,46.45065575,16.0
1.6125,0.4,33.46658475,9.0
1.175,0.2875,14.75591475,8.0
1.1,0.2875,11.07047975,8.0
1.425,0.3625,25.92561775,10.0
1.3625,0.375,27.9242575,13.0
1.475,0.35,26.29416125,11.0
1.1,0.2625,10.6310625,7.0
1.6125,0.4375,37.74735925,17.0
0.9375,0.225,5.45727875,6.0
0.9875,0.2375,7.8528115,7.0
1.2625,0.3625,22.01338675,19.0
1.525,0.4125,32.6302745,7.0
0.475,0.1375,0.89300925,4.0
1.6875,0.5,44.04094825,11.0
1.25,0.35,13.551061,11.0
1.6875,0.4375,41.4753185,13.0
1.5125,0.3875,30.05047,12.0
1.4,0.3875,27.51318975,15.0
0.9125,0.225,6.53455975,7.0
1.5625,0.4125,30.09299425,12.0
0.45,0.1125,0.75126175,5.0
1.4375,0.375,31.581343,13.0
0.95,0.2125,6.7188315,7.0
1.5125,0.35,26.1098895,11.0
1.1,0.2875,12.076887,10.0
1.1875,0.275,11.7083435,8.0
1.5125,0.4125,35.25260325,12.0
1.4,0.4125,25.7129965,15.0
1.425,0.3625,26.12406425,9.0
0.8625,0.225,6.066793,5.0
1.375,0.4125,25.33027825,14.0
1.3125,0.3,19.74542675,8.0
1.45,0.375,24.437269,11.0
1.45,0.3875,28.2644515,9.0
1.5875,0.4375,37.32211675,19.0
1.3875,0.35,25.61377325,11.0
1.0375,0.2625,10.4609655,12.0
1.375,0.4,22.5378525,10.0
1.5,0.4125,29.95124675,9.0
1.425,0.3875,24.42309425,8.0
0.75,0.2125,3.7137845,13.0
0.5,0.1125,0.89300925,4.0
1.5625,0.4,32.13415825,11.0
1.6125,0.4375,40.9083285,10.0
1.575,0.425,34.529691,13.0
1.4875,0.4,27.740952,13.0
1.125,0.3375,15.932419,13.0
1.3875,0.3625,26.988724,10.0
0.7,0.2,3.07592075,6.0
1.5875,0.4375,38.9238635,10.0
1.575,0.4125,30.390664,10.0
1.175,0.2875,15.2236815,8.0
0.4875,0.1125,0.9355335,3.0
1.5375,0.3875,30.40483875,10.0
1.5875,0.45,39.7743485,10.0
0.575,0.15,1.80019325,4.0
1.4875,0.3875,33.26813825,10.0
1.6,0.4125,32.6302745,11.0
1.4625,0.375,24.73493875,9.0
1.4125,0.325,20.96445525,8.0
1.175,0.2625,12.984071,7.0
1.1375,0.275,14.04717725,7.0
1.6375,0.3875,36.55668025,9.0
1.2,0.2875,15.03940975,8.0
1.55,0.3875,32.72949775,12.0
1.5875,0.375,35.5630875,12.0
1.4,0.4375,31.1561005,15.0
1.5,0.375,31.808139,11.0
1.5875,0.4125,32.0065855,11.0
1.475,0.375,26.591831,9.0
1.575,0.4375,35.62114675,10.0
0.6,0.1625,2.28213475,6.0
1.2125,0.3125,15.71979775,9.0
0.875,0.225,5.10291,10.0
1.45,0.4125,28.67551925,10.0
1.6125,0.4375,34.45881725,12.0
1.3,0.3625,23.79940525,10.0
1.2125,0.325,17.50581625,8.0
1.6375,0.4375,40.653183,10.0
1.6875,0.4375,41.8722115,9.0
1.3625,0.35,32.0065855,9.0
1.6125,0.425,39.8877465,20.0
1.6125,0.4125,37.0527965,9.0
0.9125,0.225,6.39281225,6.0
1.575,0.4375,34.529691,10.0
0.55,0.125,1.3891255,6.0
1.125,0.2625,12.813974,10.0
1.4,0.3875,25.58542375,14.0
1.2,0.35,14.69921575,8.0
1.3125,0.3125,16.896302,8.0
1.8,0.4375,43.828327,13.0
1.3,0.425,23.51591025,12.0
1.5875,0.375,34.06192425,8.0
1.575,0.4375,34.06192425,11.0
1.5,0.4125,33.8776525,16.0
1.375,0.375,23.88445375,9.0
0.875,0.225,4.97533725,7.0
1.2625,0.3125,17.70426275,8.0
1.425,0.4625,27.25804425,10.0
1.2625,0.3125,14.55746825,8.0
1.1125,0.325,12.09106175,21.0
1.325,0.35,20.0997955,9.0
0.5125,0.0875,1.077281,6.0
1.65,0.4875,45.8978405,10.0
1.525,0.425,35.25260325,27.0
0.625,0.15,2.16873675,3.0
1.25,0.4125,18.75319425,13.0
1.5875,0.4875,38.55532,20.0
0.9125,0.2125,6.19436575,6.0
1.4375,0.3625,26.03901575,12.0
1.5625,0.4,30.900955,10.0
1.4,0.3875,22.5378525,8.0
1.025,0.2625,10.02154825,10.0
1.3375,0.3125,23.09066775,8.0
1.3375,0.3875,20.638436,12.0
1.4,0.3625,20.41164,11.0
1.3,0.3375,21.44639675,8.0
1.1625,0.2625,12.54465375,7.0
1.45,0.35,23.8986285,10.0
1.7,0.5,50.53298375,18.0
1.525,0.3875,31.127751,11.0
1.1375,0.3375,16.782904,14.0
1.325,0.375,24.5790165,11.0
1.5375,0.375,29.256684,11.0
1.075,0.3,11.169703,7.0
1.6375,0.475,38.00250475,12.0
1.4375,0.4125,27.045423,18.0
1.525,0.3875,31.70891575,14.0
1.3,0.3125,22.80717275,10.0
1.375,0.35,18.597272,9.0
1.3875,0.3375,22.2543575,9.0
1.525,0.375,32.0065855,9.0
0.5875,0.125,1.88524175,5.0
1.3125,0.3125,18.27125275,9.0
1.5,0.3875,31.2694985,9.0
1.6625,0.3875,42.807745,11.0
1.45,0.375,30.4190135,13.0
0.8375,0.2,5.10291,6.0
0.925,0.2375,6.95980225,6.0
1.275,0.3,15.8473705,8.0
1.4375,0.375,22.055911,9.0
1.6625,0.4875,40.241543,13.0
1.025,0.25,10.27669375,7.0
1.1125,0.275,12.417081,8.0
1.3125,0.375,23.71435675,16.0
1.45,0.3625,31.1561005,14.0
1.3125,0.3125,16.896302,8.0
1.5375,0.4,35.19590425,11.0
0.6375,0.175,2.31048425,3.0
1.15,0.275,14.07552675,8.0
1.5,0.4,31.28367325,13.0
1.45,0.3375,24.45144375,8.0
1.75,0.475,44.4803655,10.0
0.9875,0.25,7.98038425,7.0
1.3125,0.3125,14.38737125,10.0
0.825,0.1875,4.49339575,5.0
0.7125,0.1875,3.30271675,5.0
0.5125,0.1125,1.304077,5.0
1.4,0.3625,25.0326085,17.0
0.9,0.2375,6.633783,7.0
1.5625,0.4125,30.1922175,10.0
1.4375,0.45,27.34309275,12.0
1.5375,0.375,32.16250775,13.0
1.6375,0.475,38.9805625,16.0
1.6,0.4125,37.9032815,9.0
1.075,0.275,11.89261525,9.0
1.6125,0.4625,39.6399745,18.0
1.6375,0.45,40.83745475,11.0
1.05,0.2625,9.25611175,9.0
1.5,0.425,31.808139,12.0
1.3,0.375,21.6873675,9.0
1.45,0.3125,26.40755925,12.0
1.5625,0.4375,34.65726375,10.0
1.4875,0.3875,29.95124675,10.0
1.525,0.4125,29.18581025,9.0
0.95,0.2375,7.9095105,7.0
1.4125,0.3875,27.1304715,11.0
1.0375,0.2375,9.19941275,7.0
1.3,0.2875,16.31513725,9.0
1.225,0.3125,15.35125425,8.0
1.375,0.375,22.49532825,8.0
1.1125,0.25,11.509897,9.0
1.6375,0.425,36.35823375,13.0
1.5625,0.4125,37.74735925,11.0
1.325,0.325,19.901349,8.0
1.225,0.3125,20.87940675,8.0
1.3125,0.375,17.08057375,10.0
1.45,0.3875,22.77882325,12.0
1.4375,0.4,34.79901125,17.0
1.5125,0.4,32.88542,10.0
1.6125,0.5,42.2124055,18.0
1.375,0.3375,22.11261,12.0
1.3,0.375,18.824068,11.0
0.95,0.225,7.95203475,6.0
1.1875,0.3125,15.09610875,9.0
1.575,0.375,33.0271675,8.0
1.0375,0.2625,10.886208,8.0
1.4125,0.375,23.45921125,13.0
1.5375,0.4875,30.03629525,23.0
1.25,0.35,15.66309875,9.0
1.5125,0.3625,28.0943545,10.0
1.6875,0.475,45.7277435,15.0
1.75,0.4625,49.34230475,11.0
1.5375,0.4,30.03629525,9.0
1.575,0.375,33.89182725,8.0
1.3125,0.325,21.44639675,21.0
1.275,0.325,18.75319425,9.0
1.2375,0.3625,16.726205,10.0
1.5625,0.4125,31.70891575,11.0
0.6875,0.175,2.2963095,4.0
1.6125,0.425,36.61337925,11.0
1.4625,0.375,27.25804425,9.0
0.9875,0.25,7.9662095,6.0
1.2,0.3125,14.004653,14.0
1.575,0.425,32.6869735,9.0
1.525,0.4125,32.95629375,13.0
1.125,0.25,12.813974,7.0
0.6375,0.1625,2.45223175,5.0
1.6125,0.425,38.34269875,13.0
1.175,0.2625,12.813974,7.0
0.95,0.2375,9.525432,6.0
1.675,0.4625,45.982889,13.0
1.25,0.325,16.31513725,8.0
1.7875,0.5125,53.29706,16.0
0.875,0.225,5.00368675,6.0
0.6,0.125,1.814368,6.0
1.5375,0.4625,29.80949925,11.0
1.3,0.35,17.70426275,9.0
1.0,0.225,8.5331995,7.0
1.7875,0.5,53.070264,10.0
1.125,0.3,10.44679075,8.0
1.1875,0.275,13.210867,15.0
1.325,0.4125,25.060958,8.0
1.45,0.4,29.66775175,10.0
1.5125,0.3875,34.5580405,12.0
1.5,0.4,28.27862625,12.0
1.6875,0.4875,44.43784125,13.0
1.1875,0.3,12.99824575,8.0
1.175,0.325,14.07552675,7.0
1.1,0.3125,14.69921575,8.0
1.3125,0.325,17.30736975,9.0
1.375,0.375,23.88445375,8.0
1.5375,0.4,29.44095575,13.0
1.0375,0.2875,9.63883,12.0
1.175,0.2625,15.4504775,9.0
1.4625,0.3875,28.02348075,17.0
1.5,0.3875,28.17299575,9.0
1.8,0.5125,45.25997675,14.0
1.7625,0.4,49.54075125,18.0
1.375,0.35,23.99785175,10.0
1.4875,0.3875,29.95124675,9.0
1.3625,0.3625,21.87163925,8.0
1.5375,0.4625,34.529691,25.0
1.5375,0.425,32.034935,11.0
0.9875,0.2375,7.49844275,6.0
0.625,0.15,1.190679,5.0
0.95,0.225,6.81805475,7.0
1.0125,0.25,10.716111,7.0
0.7,0.1875,3.231843,6.0
1.45,0.375,28.02348075,9.0
1.425,0.3875,29.937072,22.0
1.3875,0.325,21.1203775,11.0
0.9125,0.225,6.53455975,6.0
1.6375,0.425,40.66735775,11.0
1.425,0.3875,26.52095725,12.0
1.125,0.25,10.5176645,8.0
1.175,0.2625,13.664459,8.0
0.575,0.15,1.45999925,4.0
1.425,0.4,28.98736375,12.0
1.0875,0.3,15.43630275,7.0
1.3625,0.4375,26.365035,14.0
1.675,0.3875,43.6298805,10.0
1.5625,0.4125,36.95357325,9.0
1.0125,0.25,9.19941275,8.0
1.1,0.2625,12.48795475,8.0
1.475,0.4125,26.2232875,9.0
1.1,0.2625,9.19941275,7.0
1.3125,0.35,22.5378525,16.0
1.425,0.3625,33.0271675,10.0
1.525,0.425,31.127751,13.0
0.6125,0.2,2.0128145,4.0
1.5125,0.425,26.7902775,10.0
1.625,0.4375,40.83745475,15.0
1.1625,0.325,14.81261375,10.0
1.5625,0.425,36.35823375,10.0
1.6125,0.4,32.81454625,9.0
1.45,0.375,25.69882175,9.0
1.425,0.4125,30.0221205,11.0
1.5875,0.4375,34.5013415,15.0
1.4,0.3625,24.67823975,9.0
1.6,0.4625,44.91978275,11.0
1.45,0.3875,28.44872325,12.0
1.4125,0.3625,26.69105425,8.0
1.775,0.4625,51.27007075,10.0
1.4875,0.4125,28.64716975,11.0
1.2375,0.3,19.57532975,8.0
1.4625,0.4625,34.189497,10.0
0.675,0.1625,2.721552,5.0
1.175,0.2875,14.67086625,11.0
1.7125,0.475,49.90929475,12.0
1.25,0.35,20.79435825,9.0
1.575,0.375,34.6147395,9.0
1.5,0.4125,27.79668475,8.0
1.6,0.4875,43.1762885,11.0
1.5875,0.475,38.4702715,11.0
1.0875,0.2625,11.43902325,6.0
1.375,0.3875,24.323871,14.0
1.3,0.3125,14.8267885,9.0
1.075,0.2625,10.41844125,7.0
1.5875,0.375,36.1867765,11.0
1.275,0.375,21.21960075,12.0
1.6375,0.5125,49.34230475,15.0
1.6,0.425,38.51279575,9.0
0.725,0.2,3.24601775,6.0
1.7125,0.4875,45.20327775,10.0
1.3125,0.4,26.251637,9.0
1.6375,0.5,44.338618,10.0
0.9625,0.225,7.75358825,6.0
1.4875,0.3,25.4295015,9.0
0.575,0.125,1.814368,6.0
1.1125,0.3,11.94931425,7.0
1.525,0.3875,30.80173175,9.0
1.525,0.325,25.33027825,10.0
0.775,0.225,4.12485225,7.0
1.3,0.3,21.829115,9.0
1.6,0.4125,38.34269875,13.0
1.5625,0.475,32.19085725,11.0
1.35,0.325,23.09066775,14.0
1.45,0.3875,27.1871705,9.0
1.6125,0.5375,35.81959325,21.0
1.5125,0.425,33.26813825,11.0
1.6375,0.375,36.61337925,9.0
0.8125,0.1875,4.40834725,7.0
1.5,0.45,35.76289425,17.0
1.575,0.45,36.61337925,10.0
1.3,0.3,16.45688475,8.0
1.1375,0.3125,12.71475075,8.0
1.6,0.4125,37.194544,12.0
1.5625,0.4,31.62386725,11.0
1.25,0.3,15.5071765,9.0
1.675,0.525,46.096287,11.0
1.3125,0.3875,23.99785175,10.0
1.375,0.4,22.792998,10.0
1.5625,0.4125,34.246196,10.0
1.225,0.3375,14.1464005,9.0
1.5125,0.4625,33.57998275,11.0
1.5375,0.4125,27.0170735,10.0
1.575,0.4375,38.68289275,18.0
1.6125,0.4,38.96638775,11.0
1.6125,0.4,29.0015385,10.0
0.95,0.2375,8.901743,6.0
0.9375,0.225,6.747181,7.0
0.8875,0.2375,5.10291,6.0
1.5,0.425,28.973189,14.0
1.1125,0.3125,15.5071765,7.0
0.8,0.2,4.97533725,4.0
1.175,0.275,11.6516445,7.0
1.275,0.3125,16.40018575,9.0
1.5,0.4125,32.601925,11.0
1.425,0.375,32.10580875,10.0
1.65,0.5,45.2741515,21.0
1.1875,0.3125,13.62193475,8.0
1.3375,0.3625,22.77882325,11.0
1.4,0.4,29.1149365,12.0
1.625,0.45,41.31939625,12.0
1.25,0.3125,15.5071765,8.0
1.45,0.3875,31.581343,9.0
1.1,0.275,10.44679075,9.0
1.175,0.325,15.09610875,8.0
1.425,0.3125,25.684647,14.0
1.7375,0.5,50.81647875,13.0
0.7375,0.1625,3.628736,5.0
1.6625,0.4375,41.91473575,11.0
1.525,0.4125,26.365035,8.0
1.6,0.425,36.457457,10.0
1.4375,0.4,24.6357155,12.0
1.6375,0.3875,35.6920205,12.0
1.2,0.35,15.43630275,9.0
1.3,0.3375,16.17338975,8.0
1.625,0.4125,35.4652245,10.0
1.3375,0.35,18.824068,9.0
0.7,0.2,3.01922175,6.0
1.275,0.3,18.27125275,10.0
1.4,0.4125,29.72445075,11.0
1.325,0.325,20.36911575,9.0
1.25,0.375,16.40018575,12.0
1.45,0.4125,24.73493875,10.0
1.4375,0.4,28.76056775,16.0
0.925,0.2375,6.30776375,6.0
1.025,0.275,10.33339275,8.0
1.3875,0.3625,23.0481435,10.0
1.625,0.4125,35.777069,18.0
1.0875,0.275,11.169703,7.0
1.5625,0.45,30.674159,8.0
0.875,0.1875,5.34388075,11.0
1.1375,0.2875,13.664459,9.0
1.1875,0.3,16.386011,13.0
0.7875,0.175,4.592619,6.0
1.45,0.375,25.7129965,10.0
1.4125,0.425,26.2232875,11.0
1.125,0.3,11.6516445,9.0
1.35,0.35,21.47474625,9.0
1.5,0.4,27.839209,12.0
0.9,0.225,6.13766675,6.0
1.4625,0.425,32.034935,13.0
1.5875,0.4375,36.4291075,11.0
1.55,0.375,37.194544,13.0
1.2,0.3125,14.798439,10.0
1.475,0.425,30.85843075,13.0
0.7875,0.2,3.798833,6.0
1.625,0.5,42.55123925,19.0
1.4125,0.3375,23.40251225,9.0
0.925,0.2125,7.654365,7.0
1.1,0.3,12.7856245,8.0
1.375,0.35,23.700182,11.0
1.175,0.3,15.195332,8.0
1.1,0.275,12.65805175,7.0
1.4625,0.4,31.56716825,13.0
1.525,0.45,31.6096925,10.0
1.5875,0.4375,36.457457,11.0
1.5875,0.45,35.096681,11.0
1.5,0.45,36.570855,10.0
0.725,0.175,3.38776525,6.0
0.6125,0.1375,2.0695135,5.0
1.5,0.375,30.51823675,15.0
1.4875,0.375,31.581343,10.0
1.1125,0.2875,14.92601175,8.0
1.5125,0.375,31.127751,11.0
1.3125,0.3375,20.184844,11.0
1.6,0.4125,39.02308675,12.0
1.375,0.4,29.9654215,14.0
1.5625,0.375,30.277266,9.0
1.5625,0.475,36.570855,13.0
1.5,0.425,29.44095575,10.0
1.4625,0.35,29.937072,11.0
0.925,0.2375,6.95980225,7.0
1.0375,0.2375,9.1001895,7.0
1.525,0.4,31.638042,9.0
1.5125,0.4125,29.9654215,10.0
1.4375,0.3625,22.169309,10.0
1.5375,0.4,33.1972645,10.0
1.4375,0.4,23.71435675,13.0
1.275,0.425,21.27629975,13.0
1.6125,0.4375,33.40988575,10.0
1.4,0.4375,27.08794725,17.0
1.375,0.35,27.499015,23.0
1.6125,0.475,38.42774725,12.0
1.3125,0.325,20.3265915,8.0
1.4,0.35,24.84833675,10.0
1.4625,0.3625,26.705229,9.0
1.6875,0.4625,38.96638775,12.0
1.575,0.4375,36.003865,11.0
1.4375,0.375,22.736299,9.0
1.3125,0.4,18.75319425,16.0
1.5875,0.575,40.83745475,18.0
1.5125,0.375,32.16250775,9.0
1.225,0.3125,16.7120303,8.0
1.425,0.375,26.46425825,9.0
1.7375,0.4375,44.55123925,11.0
1.5,0.475,31.127751,11.0
1.6375,0.475,42.99201675,10.0
1.425,0.375,22.52367775,10.0
1.4375,0.325,27.8108595,8.0
1.8625,0.55,58.75433875,11.0
0.525,0.1,1.13398,3.0
1.65,0.4375,40.24211525,13.0
0.575,0.1,1.43164975,5.0
1.5375,0.3875,29.8520235,9.0
1.4375,0.375,26.26581175,11.0
1.4125,0.3875,26.2799865,14.0
1.5625,0.4375,36.27318525,11.0
1.7375,0.5375,58.75433875,10.0
1.4375,0.3625,24.777463,8.0
1.3125,0.375,24.323871,8.0
1.3125,0.3125,18.46969925,7.0
1.5,0.375,32.44600275,11.0
0.8625,0.225,6.27941425,6.0
1.525,0.375,30.1922175,15.0
1.675,0.4875,41.730464,11.0
1.5,0.4125,28.2077525,11.0
1.65,0.4,40.19901875,15.0
1.4125,0.3125,18.597272,8.0
1.0375,0.25,9.93649975,8.0
1.6875,0.4375,49.781722,16.0
1.175,0.35,16.499409,13.0
0.925,0.2125,6.6054335,6.0
1.575,0.3625,31.18445,14.0
1.575,0.4125,37.42134,11.0
1.5,0.3875,30.94347925,11.0
0.9,0.0,5.06038575,5.0
1.125,0.3,13.494362,8.0
1.5125,0.4125,31.9498865,21.0
1.125,0.275,12.2753335,8.0
1.45,0.3875,27.6974615,10.0
1.175,0.325,13.154168,13.0
1.6125,0.475,41.80133775,11.0
1.575,0.425,31.1561005,14.0
1.4375,0.3625,24.56484175,11.0
1.1875,0.35,17.05222425,8.0
1.425,0.3875,25.1460065,19.0
1.2625,0.3375,16.40018575,10.0
1.175,0.3125,16.42853525,8.0
1.575,0.4,31.56716825,7.0
1.075,0.2625,10.07824725,9.0
0.8125,0.225,5.3013565,6.0
0.9375,0.2375,7.21494775,8.0
0.7375,0.1625,3.515338,6.0
1.6125,0.4375,37.74735925,11.0
1.4875,0.3625,28.7180435,11.0
1.375,0.3125,22.01338675,7.0
1.1875,0.2875,13.59358525,10.0
1.525,0.4,27.9242575,12.0
1.3625,0.4125,21.659018,10.0
1.075,0.25,9.28446125,6.0
1.5875,0.3625,30.94347925,12.0
1.0375,0.2375,9.07184,7.0
1.2625,0.3125,16.51358375,9.0
1.2,0.325,15.06775925,9.0
1.5375,0.3375,24.6357155,9.0
1.225,0.3,16.14504025,9.0
0.9375,0.2625,7.144074,7.0
1.6625,0.4375,40.9650275,12.0
1.575,0.4375,36.81182575,17.0
1.325,0.35,19.66037825,10.0
0.9625,0.2375,6.1518415,7.0
1.25,0.3125,16.0741665,10.0
1.35,0.35,19.447757,12.0
0.5375,0.1375,1.0489315,5.0
1.2125,0.3,14.8834875,8.0
1.5,0.3875,30.674159,17.0
1.4625,0.375,28.292801,11.0
0.95,0.2625,8.674947,8.0
1.4375,0.325,30.03629525,10.0
1.6875,0.4875,45.99706375,13.0
1.675,0.5,41.4753185,15.0
1.3,0.325,21.6873675,8.0
1.0375,0.25,10.41844125,7.0
1.4375,0.3625,24.73493875,12.0
1.7625,0.475,49.32813,17.0
1.5125,0.3875,31.53881875,10.0
1.475,0.4375,29.8520235,16.0
1.325,0.3625,20.41164,9.0
1.225,0.325,17.2081465,8.0
1.4125,0.4625,26.20911275,11.0
1.1625,0.25,12.65805175,7.0
1.375,0.375,22.736299,9.0
0.5375,0.175,1.304077,7.0
1.375,0.3375,27.20134525,9.0
1.15,0.325,13.39513875,8.0
1.5,0.3625,25.92561775,8.0
0.825,0.1875,3.912231,12.0
1.1,0.3,11.5382465,8.0
1.5,0.375,29.48348,11.0
1.125,0.3,12.813974,9.0
1.625,0.425,36.4291075,12.0
1.1125,0.3,11.3398,7.0
1.0375,0.25,9.36950975,6.0
1.3125,0.4125,22.5378525,16.0
1.4625,0.3375,28.64716975,9.0
1.45,0.35,25.3728025,13.0
1.4125,0.35,25.0326085,10.0
1.3,0.4,18.71067,9.0
1.2375,0.275,16.40018575,7.0
1.5125,0.4,31.808139,10.0
1.3125,0.2875,15.66309875,8.0
1.45,0.4125,24.11124975,9.0
1.35,0.35,21.92833825,9.0
1.325,0.35,17.33571925,9.0
0.8625,0.225,5.85417175,6.0
1.5125,0.425,30.1355185,9.0
1.225,0.375,18.6256215,9.0
1.6,0.4125,32.72949775,9.0
0.4875,0.1125,0.97805775,4.0
1.1625,0.2625,12.2753335,7.0
1.8,0.4875,49.32813,12.0
1.125,0.275,12.5021295,8.0
1.3625,0.3625,22.89222125,8.0
1.4125,0.375,24.73493875,10.0
1.675,0.45,44.55123925,15.0
1.5125,0.4125,30.4190135,10.0
1.075,0.3,13.08329425,8.0
1.3625,0.3375,27.499015,10.0
1.25,0.3375,16.386011,8.0
1.625,0.4375,36.10308825,16.0
1.45,0.35,28.2644515,11.0
1.4625,0.4125,31.65221675,11.0
1.4,0.4125,22.6512505,9.0
1.5,0.3625,26.80445225,10.0
1.5125,0.375,30.504062,7.0
1.55,0.4,31.1561005,9.0
0.9375,0.2375,7.44174375,6.0
1.7625,0.4375,59.53395,12.0
0.95,0.2375,8.674947,6.0
0.5875,0.1375,1.6726205,4.0
1.625,0.475,41.00755175,13.0
1.0625,0.2875,9.99319875,7.0
1.5,0.3625,28.3778495,11.0
1.3,0.3,18.313777,10.0
0.6875,0.175,2.3530085,7.0
1.0,0.225,8.17883075,7.0
1.5,0.4,28.76056775,19.0
1.3125,0.425,27.555714,18.0
1.1625,0.35,13.36678925,7.0
1.45,0.3875,22.226008,11.0
0.4375,0.1125,0.83631025,5.0
1.7125,0.4375,48.477645,22.0
1.6375,0.4625,36.38658325,18.0
1.3625,0.3625,18.01610725,8.0
1.6625,0.45,40.78075575,11.0
1.1125,0.25,10.716111,7.0
1.7375,0.4375,49.90929475,10.0
1.225,0.35,17.463292,9.0
1.425,0.375,26.12406425,8.0
1.175,0.3125,16.9813505,7.0
0.95,0.2125,6.80388,6.0
0.8,0.1875,4.082328,7.0
1.575,0.4125,31.19862475,12.0
1.4375,0.3625,27.895908,11.0
1.4375,0.35,26.40755925,8.0
1.25,0.3125,16.51358375,9.0
1.525,0.375,27.22969475,9.0
0.875,0.2375,5.3013565,12.0
1.4875,0.425,26.08154,11.0
1.475,0.4,30.844256,10.0
1.5125,0.45,31.31202275,9.0
1.525,0.4125,27.17299575,11.0
1.2625,0.3125,17.349894,9.0
1.475,0.4,28.36367475,14.0
1.6375,0.45,33.3106625,11.0
1.0875,0.275,12.927372,8.0
1.6625,0.4375,42.82191975,13.0
1.25,0.3125,15.43630275,10.0
1.0875,0.25,10.0073735,10.0
1.5125,0.45,29.97959625,14.0
1.0375,0.2875,10.02154825,7.0
1.2375,0.325,15.12445825,8.0
1.1625,0.275,12.14776075,8.0
1.5625,0.35,32.19085725,10.0
1.3625,0.375,24.153774,9.0
1.3125,0.325,22.736299,11.0
1.4,0.4125,24.22464775,9.0
1.5125,0.425,32.33260475,8.0
1.5125,0.4125,32.07745925,13.0
0.875,0.225,7.257472,7.0
1.1125,0.3875,13.33843975,12.0
1.275,0.35,19.901349,14.0
1.175,0.2875,13.11164375,8.0
1.425,0.3375,24.8058125,11.0
1.5125,0.45,30.1922175,9.0
1.3,0.325,17.293195,8.0
1.425,0.4,30.37648925,10.0
1.5625,0.4125,36.86852475,13.0
1.4625,0.35,24.6924145,9.0
1.3625,0.325,24.5790165,11.0
1.3,0.3125,20.14231975,13.0
1.0625,0.2625,10.3475675,7.0
1.325,0.3,22.736299,9.0
1.5125,0.3875,32.13415825,10.0
1.325,0.3875,22.12678475,16.0
1.625,0.4,42.410852,15.0
1.025,0.25,9.07184,7.0
1.575,0.4375,37.77570875,10.0
1.4125,0.375,24.323871,21.0
1.0125,0.2375,9.63883,6.0
1.6375,0.4625,38.782116,10.0
1.8125,0.5375,49.45570275,15.0
1.0,0.225,7.93786,6.0
1.55,0.475,31.127751,17.0
1.125,0.2875,12.587178,6.0
1.4125,0.4,30.5891105,10.0
0.9625,0.25,7.257472,6.0
1.35,0.3375,22.5945515,9.0
0.9,0.2125,5.443104,6.0
1.2625,0.325,19.731252,9.0
1.575,0.4375,39.7743485,19.0
0.875,0.225,5.5848515,6.0
1.625,0.4375,38.20095125,12.0
1.625,0.5,44.55123925,16.0
1.55,0.35,33.40988575,10.0
0.925,0.2125,7.9095105,6.0
1.8,0.5,55.735117,25.0
1.625,0.4875,39.179009,16.0
1.4125,0.425,29.95124675,8.0
1.55,0.4125,33.29648775,11.0
1.65,0.5375,48.7327905,19.0
0.3875,0.0625,0.49611625,5.0
1.4,0.3875,26.988724,10.0
1.575,0.4,37.98833,12.0
1.6125,0.5,40.653183,9.0
1.3,0.3,15.83319575,8.0
1.5,0.375,28.2077525,12.0
1.4375,0.3875,26.1665885,10.0
1.3125,0.35,24.16794875,10.0
1.325,0.3375,21.8574645,10.0
1.3125,0.35,24.76328825,10.0
1.5,0.475,31.34037225,9.0
1.275,0.3125,14.3731965,8.0
0.6125,0.1625,1.82854275,6.0
1.125,0.275,11.77921725,8.0
1.1625,0.275,14.004653,10.0
1.6,0.4125,32.6869735,9.0
1.175,0.3125,13.8062065,8.0
1.1875,0.325,15.35125425,7.0
1.3,0.3125,23.51591025,10.0
1.675,0.5125,45.23162725,16.0
1.5375,0.4375,37.32211675,13.0
1.5625,0.4,32.375129,9.0
1.475,0.3875,30.900955,9.0
1.7375,0.4375,47.18774275,12.0
1.425,0.4,32.13415825,10.0
1.1875,0.3125,15.5071765,12.0
1.0875,0.25,12.6722265,7.0
1.425,0.375,25.4295015,9.0
1.6125,0.4125,33.40988575,12.0
1.65,0.4375,45.8978405,18.0
1.7,0.4875,49.68249875,11.0
1.55,0.4375,33.8776525,13.0
1.45,0.3375,27.99513125,8.0
0.675,0.175,2.83495,4.0
0.9875,0.2375,6.80388,9.0
0.9125,0.275,5.556502,7.0
0.7875,0.1625,3.515338,6.0
1.475,0.35,24.437269,10.0
0.85,0.225,5.00368675,11.0
1.125,0.275,10.95708175,8.0
1.5625,0.4,34.79901125,9.0
1.7875,0.475,47.89648025,17.0
1.5625,0.4125,38.90968875,12.0
1.425,0.35,21.72989175,9.0
0.9625,0.275,11.6516445,6.0
1.45,0.425,27.9242575,11.0
1.5625,0.4625,44.69298675,14.0
1.7625,0.475,43.6865795,10.0
1.6875,0.45,38.00250475,11.0
1.6875,0.4375,44.21104525,11.0
1.2375,0.3375,16.45688475,9.0
1.5875,0.475,42.2691045,11.0
1.6125,0.4375,34.6147395,11.0
1.575,0.4125,35.3518265,14.0
1.1875,0.3125,18.540573,9.0
1.5625,0.4375,36.61337925,12.0
1.25,0.3125,14.5432935,9.0
1.2625,0.35,21.885814,15.0
0.9125,0.25,6.8322295,10.0
1.65,0.4125,40.596484,19.0
1.2125,0.375,16.7545545,13.0
1.1375,0.2625,14.9968855,9.0
1.8,0.4875,46.379782,11.0
1.0125,0.2375,8.9867915,8.0
1.5,0.3625,28.90231525,12.0
0.6125,0.1625,1.8994165,5.0
1.55,0.4,33.6508565,17.0
1.0625,0.2625,9.19941275,13.0
1.4375,0.375,28.81726675,9.0
1.4875,0.4375,31.581343,13.0
0.825,0.1875,5.5281525,8.0
1.025,0.225,8.5331995,7.0
0.6125,0.175,2.26796,6.0
1.1875,0.3125,15.43630275,9.0
1.375,0.35,24.73493875,9.0
1.575,0.4375,35.50774875,11.0
1.275,0.35,19.57532975,9.0
1.625,0.475,39.405805,13.0
1.5375,0.4125,32.41765325,10.0
1.35,0.35,21.58814425,9.0
0.7875,0.175,3.6003865,6.0
1.6375,0.3875,38.93803825,14.0
1.25,0.3375,16.896302,12.0
1.2125,0.3125,15.74814725,9.0
0.4,0.0625,0.5953395,4.0
1.4125,0.3875,25.72717125,12.0
1.3625,0.375,26.0531905,8.0
1.3125,0.3125,17.349894,9.0
1.3,0.3125,16.0741665,9.0
1.4875,0.375,29.10076175,16.0
0.9375,0.225,7.55514175,8.0
0.3875,0.075,0.5386405,4.0
1.3,0.35,17.76096175,10.0
1.6375,0.4375,36.32988425,11.0
1.4125,0.3375,19.7737763,9.0
1.5125,0.3875,27.1304715,10.0
1.2125,0.3,16.2442635,9.0
1.0875,0.275,9.1001895,13.0
1.3,0.325,19.107563,8.0
1.175,0.2625,12.51630425,7.0
1.4125,0.425,28.7180435,14.0
1.0625,0.275,9.63883,7.0
1.175,0.25,13.42348825,8.0
1.6125,0.4625,33.57998275,10.0
1.4375,0.325,22.169309,11.0
1.0,0.2875,7.6260155,7.0
1.2625,0.35,17.463292,15.0
1.25,0.325,17.10892325,10.0
1.025,0.275,10.2341695,6.0
0.875,0.225,5.613201,10.0
1.6875,0.45,48.5277575,11.0
1.575,0.5125,32.10580875,13.0
0.5875,0.1625,1.60174675,5.0
0.9,0.225,5.5281525,6.0
1.775,0.4875,56.9541455,12.0
1.025,0.25,9.19941275,6.0
1.6125,0.5,41.39027,11.0
0.7,0.2375,3.72795925,6.0
1.4375,0.35,24.08290025,9.0
1.7375,0.5,47.27279125,11.0
1.475,0.4125,26.7902775,14.0
1.6375,0.475,40.5681345,11.0
0.6875,0.2,2.7499015,5.0
1.6125,0.425,39.2073585,20.0
1.175,0.2875,12.587178,9.0
1.55,0.4,31.51046925,10.0
1.1,0.3,12.47378,7.0
1.6875,0.5125,45.756093,12.0
1.575,0.4375,36.230661,16.0
1.7625,0.475,52.673371,10.0
1.175,0.2875,13.31009025,7.0
1.175,0.275,15.74814725,8.0
1.375,0.375,24.79163775,9.0
1.5375,0.4125,35.28095275,13.0
0.7875,0.1875,3.515338,8.0
1.575,0.375,34.416293,10.0
1.5875,0.45,38.76794125,11.0
1.3375,0.35,20.921931,10.0
1.575,0.4375,37.32211675,13.0
0.5375,0.1375,1.190679,5.0
1.5625,0.4125,35.62114675,10.0
1.4,0.3375,27.45649075,11.0
0.5875,0.125,1.80019325,4.0
1.4875,0.3875,27.68328675,10.0
1.5375,0.3875,29.1149365,15.0
1.4375,0.4125,24.84833675,9.0
0.9125,0.225,6.08096775,6.0
1.6,0.4375,34.9549335,11.0
1.4875,0.3875,27.499015,12.0
1.475,0.4125,33.26813825,15.0
1.3625,0.375,23.6151335,8.0
0.7,0.15,2.721552,5.0
1.3,0.3125,17.0380495,8.0
1.4375,0.375,22.5378525,12.0
1.575,0.4375,33.92017675,9.0
0.875,0.1875,5.3013565,7.0
0.8875,0.2125,7.92368525,7.0
1.225,0.35,14.81261375,24.0
0.9,0.2875,6.7188315,10.0
1.425,0.3875,27.669112,10.0
0.9125,0.2,6.0951425,6.0
1.5125,0.4125,34.359594,11.0
1.1625,0.3,13.99047825,6.0
1.5625,0.45,35.777069,14.0
1.5,0.4,29.9654215,9.0
1.225,0.3,15.87572,8.0
1.175,0.3,16.42853525,6.0
1.2,0.2875,17.84601025,7.0
1.3125,0.3375,18.83824275,8.0
1.5375,0.4375,29.97959625,16.0
1.3125,0.3,19.71707725,8.0
1.425,0.425,28.5479465,9.0
1.15,0.3125,11.77921725,8.0
1.4,0.375,26.7335785,19.0
1.15,0.3,11.169703,8.0
1.4625,0.375,21.36134825,8.0
1.725,0.4875,43.2329875,11.0
1.1,0.325,14.5999925,9.0
1.4125,0.425,27.5273645,10.0
0.8125,0.225,4.80524025,6.0
1.4375,0.35,24.87668625,8.0
0.85,0.2125,5.386405,5.0
1.4125,0.3875,24.6357155,8.0
1.025,0.2375,9.45455825,8.0
1.4875,0.4,36.514156,10.0
1.2125,0.35,14.50076925,8.0
1.0125,0.225,9.82310175,7.0
0.8,0.1625,3.01922175,6.0
1.5625,0.45,37.77570875,11.0
1.5625,0.425,39.405805,11.0
0.725,0.1875,3.6003865,5.0
1.4375,0.3875,26.20911275,9.0
1.2875,0.325,18.6256215,8.0
1.1125,0.25,10.27669375,7.0
1.3125,0.375,22.8213475,8.0
1.125,0.3125,11.80756675,7.0
1.575,0.425,33.89182725,10.0
1.45,0.3625,23.51591025,14.0
1.1625,0.3125,14.78426425,8.0
1.125,0.3,12.74310025,12.0
1.4375,0.375,24.5790165,10.0
1.3125,0.375,26.2799865,12.0
1.3,0.35,17.0097,8.0
1.2625,0.3125,24.9192105,10.0
1.5625,0.425,38.22930075,10.0
1.575,0.425,32.19085725,8.0
1.375,0.3375,24.5790165,9.0
1.575,0.4125,30.0221205,9.0
1.6125,0.4,32.205032,11.0
1.575,0.3875,32.89959475,11.0
0.8375,0.175,4.69184225,6.0
1.2875,0.325,19.80212575,8.0
1.3125,0.3375,23.88445375,8.0
1.2,0.3125,15.71979775,8.0
1.5875,0.4625,38.612019,11.0
1.275,0.3,20.3265915,8.0
0.7,0.2,3.04757125,5.0
1.525,0.4,29.1149365,9.0
1.675,0.4375,38.8671645,18.0
1.025,0.225,8.4198015,7.0
1.4375,0.5125,32.2900805,18.0
1.4125,0.425,23.09066775,10.0
1.4125,0.3875,30.03629525,15.0
1.55,0.45,35.22425375,12.0
1.2,0.3125,17.463292,8.0
1.5,0.4125,28.066005,12.0
1.2625,0.3375,24.323871,8.0
1.0375,0.2625,9.07184,7.0
0.875,0.225,5.57067675,10.0
1.5875,0.475,38.215126,11.0
1.1,0.3,12.3320325,14.0
1.6375,0.45,46.67745175,11.0
0.8375,0.2125,4.422522,7.0
1.3,0.35,21.72989175,12.0
1.5625,0.3875,38.5269705,10.0
1.0125,0.2625,9.128539,10.0
1.5375,0.425,36.55668025,16.0
1.6,0.475,42.82191975,9.0
1.1875,0.2875,13.90542975,7.0
1.4625,0.375,26.818627,8.0
1.525,0.3875,34.06192425,12.0
1.25,0.3375,18.58309725,8.0
1.4375,0.35,27.78251,8.0
1.0875,0.275,10.886208,8.0
1.3625,0.4,20.41164,6.0
1.5625,0.3875,35.02580725,9.0
1.3125,0.4125,20.638436,14.0
1.1375,0.35,15.7906715,9.0
1.575,0.45,36.61337925,10.0
1.6,0.45,43.02036625,13.0
1.125,0.2625,10.3475675,7.0
1.5625,0.4,39.2073585,10.0
1.325,0.3375,22.0275615,13.0
1.4375,0.3875,24.59319125,13.0
1.4125,0.3625,22.4811535,7.0
1.6,0.4,33.29648775,10.0
1.375,0.35,22.97726975,10.0
1.4375,0.375,24.79163775,9.0
1.4375,0.4125,24.11124975,12.0
1.7375,0.5,49.32813,11.0
1.6875,0.475,38.20095125,11.0
1.125,0.2875,12.47378,17.0
1.4875,0.425,27.22969475,14.0
1.25,0.2875,15.195332,8.0
1.55,0.45,32.0065855,11.0
1.2875,0.3125,18.10115575,8.0
0.5875,0.1375,1.8994165,6.0
1.1875,0.2875,13.53688625,8.0
1.2125,0.35,15.8473705,7.0
1.0875,0.3125,8.50485,8.0
1.325,0.35,19.3060095,15.0
1.625,0.4125,37.98833,20.0
1.7375,0.475,50.81647875,10.0
1.0875,0.2375,8.618248,7.0
0.5625,0.1125,1.45999925,5.0
1.5,0.4875,37.0527965,16.0
1.325,0.3125,18.75319425,8.0
1.6375,0.5375,44.91978275,13.0
1.4125,0.4625,27.20134525,8.0
1.5625,0.4125,34.03357475,11.0
1.5625,0.4,35.19590425,9.0
1.0,0.275,8.97261675,7.0
1.6375,0.475,45.5576465,11.0
1.675,0.475,43.02036625,15.0
1.475,0.4,31.18445,19.0
1.15,0.3,14.61416725,7.0
1.1125,0.3,10.41844125,8.0
1.5625,0.4,28.64716975,9.0
1.3375,0.375,19.83047525,13.0
1.175,0.3125,17.02387475,8.0
1.5625,0.4375,38.952213,11.0
1.45,0.325,23.28911425,11.0
1.1625,0.3125,15.83319575,9.0
1.625,0.5,40.7382315,11.0
1.475,0.3625,25.741346,13.0
1.6625,0.4875,39.745999,15.0
0.9375,0.25,5.79747275,9.0
1.2875,0.325,19.1926115,9.0
1.1125,0.325,11.89261525,8.0
0.9125,0.25,6.30776375,6.0
1.1875,0.275,13.380964,10.0
1.3125,0.3625,21.9708625,13.0
1.3625,0.375,23.26076475,14.0
1.4,0.3,24.720764,11.0
1.45,0.375,23.85610425,14.0
1.2125,0.3375,16.85377775,15.0
1.6125,0.45,43.02036625,10.0
0.6875,0.175,2.721552,5.0
1.45,0.3625,26.988724,9.0
1.15,0.2625,10.44679075,8.0
1.0375,0.2625,9.19941275,7.0
1.6625,0.4375,41.4186195,11.0
1.15,0.2375,12.43125575,8.0
1.5,0.4125,32.375129,10.0
1.025,0.2375,7.49844275,7.0
1.525,0.4125,32.034935,9.0
0.95,0.2625,7.6827145,8.0
1.575,0.4125,37.1094955,8.0
1.575,0.4625,35.42270025,10.0
0.7875,0.1875,3.6003865,6.0
1.4,0.3375,22.566202,8.0
1.65,0.4625,38.838815,12.0
1.45,0.425,28.973189,12.0
1.55,0.4125,30.674159,11.0
1.5875,0.3875,36.096681,10.0
1.5125,0.4125,33.6508565,20.0
1.175,0.3125,14.07552675,8.0
1.6,0.4,38.782116,9.0
1.45,0.375,29.540179,10.0
1.55,0.45,36.78347625,9.0
1.55,0.375,26.08154,10.0
1.525,0.375,29.6819265,10.0
1.1125,0.2625,11.169703,9.0
1.3875,0.325,23.91280325,8.0
1.775,0.5375,61.6034635,22.0
1.7,0.4375,49.0871593,11.0
1.3125,0.3625,17.53416575,10.0
1.55,0.4,29.63940225,10.0
1.6,0.425,37.71900975,10.0
1.5,0.3875,30.71668325,10.0
1.55,0.45,37.6197865,11.0
0.9,0.225,6.577084,5.0
0.9375,0.25,7.49844275,7.0
1.4375,0.325,24.8058125,8.0
1.5,0.4625,32.4601775,11.0
1.475,0.375,30.730858,10.0
1.625,0.4875,40.78075575,11.0
1.475,0.3625,24.097075,9.0
1.475,0.4375,31.19862475,10.0
1.075,0.275,11.38232425,6.0
0.925,0.225,5.386405,6.0
1.6,0.3875,31.1561005,10.0
0.725,0.1875,2.96252275,3.0
0.8625,0.2375,6.95980225,7.0
1.1875,0.325,14.571643,10.0
0.875,0.2,5.03203625,6.0
1.6,0.425,41.4753185,12.0
1.7375,0.4625,47.513762,10.0
1.4875,0.4,26.1098895,12.0
1.5625,0.4,34.359594,9.0
1.675,0.4125,38.7537665,14.0
1.225,0.35,16.839603,8.0
1.05,0.2625,10.33339275,8.0
1.6625,0.4125,37.364641,10.0
1.75,0.5,44.21104525,12.0
1.4625,0.4125,28.519597,14.0
1.5625,0.4625,38.22930075,12.0
0.9,0.2125,5.443104,6.0
1.6625,0.3875,35.93299125,10.0
0.6625,0.15,2.438057,5.0
1.1875,0.3,16.40018575,7.0
1.4875,0.4125,30.1355185,10.0
1.575,0.425,33.8776525,11.0
1.475,0.3625,26.6201805,8.0
1.5125,0.375,32.601925,9.0
1.575,0.475,38.11590275,10.0
0.6875,0.2125,3.24601775,4.0
1.7625,0.4625,49.32813,10.0
1.55,0.475,36.627554,12.0
1.1,0.25,11.15552825,7.0
1.25,0.35,17.56251525,8.0
0.85,0.225,6.25106475,7.0
1.375,0.4,21.885814,11.0
1.1125,0.25,11.8217415,7.0
1.375,0.3625,23.85610425,13.0
0.9,0.2125,5.556502,9.0
1.375,0.375,22.963095,8.0
0.5,0.1625,1.09145575,5.0
0.6375,0.1375,1.82854275,8.0
1.3,0.3125,19.57532975,8.0
0.7,0.1875,3.30271675,5.0
1.575,0.4,34.5580405,10.0
1.4,0.375,24.67823975,8.0
1.25,0.3875,19.85882475,13.0
1.4375,0.3875,27.08794725,10.0
1.375,0.325,22.2543575,9.0
1.5375,0.3875,28.87396575,10.0
1.5125,0.4625,31.694741,10.0
1.375,0.375,23.71435675,9.0
1.4,0.4125,23.88445375,12.0
1.25,0.3,14.16057525,8.0
0.7,0.2125,3.3168915,4.0
0.95,0.2125,6.7188315,6.0
1.35,0.4,24.9192105,10.0
1.15,0.275,12.74310025,7.0
1.5375,0.375,36.72677725,11.0
1.8,0.5125,49.32813,10.0
1.1,0.2625,12.417081,12.0
1.2625,0.375,20.00057225,8.0
0.9,0.225,6.59125875,6.0
1.475,0.4,30.51823675,16.0
1.5,0.375,33.6508565,11.0
1.6375,0.4,37.7331845,12.0
1.1,0.2875,11.8217415,7.0
1.5625,0.4125,35.777069,9.0
1.4875,0.475,29.44095575,17.0
1.1125,0.325,13.721158,21.0
0.6875,0.0,2.2396105,4.0
1.4125,0.375,26.64853,9.0
1.0625,0.275,10.9145575,7.0
1.475,0.375,28.91649,9.0
1.1625,0.3,15.025235,8.0
1.1375,0.3,10.41844125,7.0
1.4125,0.3625,21.5172705,10.0
1.5,0.375,31.6096925,9.0
1.55,0.3625,31.3828965,11.0
1.4,0.4125,25.98231675,10.0
0.725,0.15,2.83495,5.0
0.75,0.0,3.6003865,5.0
1.1125,0.325,11.6516445,9.0
1.375,0.3375,22.0275615,9.0
1.05,0.25,8.71747125,7.0
1.3375,0.3375,23.88445375,8.0
1.3125,0.3,18.71067,9.0
1.25,0.3375,15.5071765,9.0
1.3,0.3,19.8163005,8.0
0.7625,0.2125,5.10291,6.0
1.4,0.4125,23.7285315,12.0
1.45,0.3875,26.32251075,10.0
1.725,0.45,44.55123925,15.0
1.6,0.4625,40.9650275,11.0
1.4125,0.4,25.16018125,10.0
1.2,0.3125,16.82542825,11.0
1.675,0.4875,45.5988105,14.0
1.5875,0.4,36.38658325,11.0
1.2125,0.3,16.34348675,7.0
1.4375,0.3875,28.3778495,11.0
1.55,0.4375,31.2694985,11.0
1.3,0.3875,19.7596015,12.0
1.675,0.45,44.22522,11.0
1.2125,0.35,16.9813505,8.0
1.4125,0.3625,29.199985,8.0
1.2,0.3125,16.40018575,8.0
1.325,0.375,23.870279,11.0
1.3375,0.325,20.97863,9.0
1.1375,0.25,12.54465375,7.0
1.5375,0.4,38.82464025,10.0
1.5,0.4375,36.69842775,10.0
1.4375,0.4,27.20134525,10.0
0.9125,0.2125,6.10931725,6.0
1.3,0.35,17.61921425,8.0
1.6125,0.4,34.189497,12.0
1.25,0.35,16.91047675,9.0
0.75,0.2125,3.92640575,5.0
1.2875,0.35,24.097075,14.0
1.675,0.4625,42.127357,20.0
1.3125,0.3125,17.463292,13.0
1.375,0.3,18.313777,8.0
1.2875,0.35,21.58814425,8.0
1.3375,0.35,19.17843675,10.0
1.4875,0.3875,27.839209,12.0
1.625,0.425,32.205032,10.0
1.5625,0.425,36.740952,11.0
1.725,0.5125,51.5110415,16.0
1.575,0.4,35.3518265,10.0
1.4125,0.3875,30.1922175,11.0
1.7375,0.4625,51.5110415,10.0
1.375,0.3375,20.19901875,8.0
1.5875,0.45,32.5168765,9.0
1.5125,0.375,31.808139,11.0
1.425,0.4,24.67823975,10.0
1.4875,0.4375,27.9242575,13.0
1.525,0.425,30.1922175,12.0
0.925,0.2375,6.87475375,6.0
0.9375,0.225,6.0951425,6.0
1.3375,0.325,22.8213475,8.0
1.4875,0.375,31.1561005,15.0
1.0875,0.3125,12.88484775,13.0
1.25,0.3625,18.1153305,10.0
1.225,0.3125,15.49300175,8.0
1.3375,0.3375,21.8007655,9.0
1.2625,0.35,18.370476,10.0
0.7375,0.1875,4.20990075,7.0
1.5625,0.4,32.89959475,9.0
1.25,0.3,20.97863,9.0
1.575,0.425,35.25260325,12.0
0.5875,0.1375,1.71514475,4.0
1.1375,0.325,12.7289255,8.0
1.55,0.4125,31.808139,12.0
1.3875,0.35,21.1203775,9.0
1.025,0.2375,9.36950975,7.0
1.0125,0.225,8.17883075,7.0
1.5625,0.4625,34.8415355,16.0
1.2375,0.3,15.932419,8.0
1.1875,0.3,12.74310025,7.0
1.375,0.4125,25.92561775,10.0
1.65,0.4,34.99745775,19.0
1.2125,0.2625,14.571643,13.0
1.4125,0.375,22.2543575,12.0
1.425,0.4,31.18445,12.0
0.825,0.1875,4.80524025,6.0
1.1375,0.275,16.31513725,7.0
1.675,0.4875,45.7277435,11.0
1.6375,0.3875,35.6920205,11.0
1.2625,0.3375,18.24290325,8.0
0.95,0.2375,7.2858215,7.0
1.5125,0.3875,30.43318825,11.0
1.3875,0.375,21.885814,11.0
0.6125,0.15,1.54504775,5.0
0.925,0.225,6.7188315,8.0
1.0875,0.3125,11.89261525,10.0
1.475,0.3375,26.365035,11.0
1.4875,0.4,31.51046925,13.0
1.35,0.3875,28.02348075,12.0
1.5125,0.3875,31.808139,11.0
0.4875,0.1,1.94194075,5.0
0.475,0.1125,0.66621325,3.0
1.575,0.45,30.71668325,11.0
0.925,0.2125,6.95980225,6.0
1.8,0.5375,58.7685135,16.0
1.675,0.425,45.7277435,10.0
1.6125,0.4375,50.7739545,16.0
1.3625,0.375,22.97726975,13.0
1.6375,0.425,40.86580425,11.0
1.1125,0.2875,12.587178,12.0
1.2125,0.3,19.6462035,10.0
0.7125,0.2125,2.721552,1.0
0.6625,0.2375,2.9199985,6.0
1.5,0.4375,29.97959625,14.0
1.0125,0.275,9.96484925,8.0
0.85,0.225,5.5281525,7.0
1.5125,0.375,32.13415825,8.0
0.6875,0.2125,3.515338,5.0
1.1,0.2625,10.41844125,7.0
1.5,0.4,29.10076175,14.0
1.4,0.425,27.1304715,11.0
1.5,0.3625,29.1716355,10.0
1.0375,0.25,10.44679075,7.0
1.4,0.4,25.231055,9.0
1.375,0.375,20.87940675,10.0
1.7125,0.4125,42.807745,10.0
1.575,0.4375,31.19862475,11.0
1.3125,0.4625,27.555714,16.0
1.5375,0.5125,35.36600125,10.0
1.4,0.3875,26.64853,9.0
1.3875,0.325,22.75047375,10.0
0.825,0.1875,5.06038575,6.0
1.35,0.325,22.92057075,8.0
1.1625,0.2625,14.3731965,13.0
1.3125,0.325,18.24290325,8.0
1.075,0.3125,9.45455825,13.0
1.4375,0.3625,26.26581175,8.0
1.575,0.4125,37.40716525,10.0
1.4875,0.4625,34.5580405,10.0
1.5875,0.4375,36.4291075,17.0
1.425,0.3875,25.44367625,10.0
1.375,0.325,18.597272,9.0
1.3375,0.3625,23.00561925,10.0
1.525,0.375,32.772022,9.0
1.675,0.45,39.9444455,10.0
1.3125,0.3125,17.84601025,7.0
1.325,0.3125,22.8213475,9.0
1.375,0.3875,22.169309,10.0
1.8125,0.5375,60.214338,12.0
1.4,0.35,26.12406425,8.0
1.175,0.3375,16.76872925,12.0
1.5875,0.45,41.8863863,11.0
1.15,0.2375,14.9968855,7.0
1.3625,0.3625,23.91280325,8.0
1.475,0.5125,37.6197865,20.0
1.4375,0.3,22.11261,9.0
1.025,0.2625,10.87203325,7.0
1.6,0.4375,38.55532,18.0
1.4125,0.4125,23.6718325,13.0
1.475,0.375,30.4190135,11.0
1.4375,0.4,34.6714385,10.0
1.4125,0.3375,24.16794875,14.0
1.5125,0.4125,29.48348,12.0
1.175,0.3125,15.365429,8.0
1.25,0.2625,16.5277585,8.0
0.625,0.1625,2.16873675,6.0
1.1625,0.2625,9.19941275,7.0
0.7125,0.15,2.48058125,5.0
0.725,0.175,3.572037,6.0
1.1625,0.275,14.81261375,8.0
1.625,0.3875,34.302895,11.0
1.6125,0.425,39.972795,11.0
1.4375,0.3875,27.555714,10.0
1.5625,0.4,37.74735925,9.0
1.375,0.3125,19.74542675,9.0
1.6125,0.4375,31.59551775,15.0
1.575,0.4875,37.704835,27.0
1.55,0.475,44.97648175,13.0
1.325,0.375,23.28911425,10.0
1.5625,0.475,36.5425055,10.0
1.7125,0.4125,39.215126,13.0
1.4375,0.4,25.0326085,12.0
1.4875,0.3625,33.40988575,12.0
1.3125,0.3,16.9813505,9.0
1.6375,0.3875,36.55668025,10.0
1.25,0.3125,18.3421265,9.0
1.2625,0.35,16.25843825,11.0
1.175,0.25,14.571643,9.0
1.375,0.3625,23.79940525,10.0
1.1875,0.2875,14.571643,8.0
1.55,0.3625,34.5013415,12.0
1.2375,0.325,18.27125275,8.0
1.075,0.2375,10.5176645,7.0
1.225,0.3125,17.4916415,10.0
1.4125,0.4,25.1460065,13.0
1.5625,0.45,35.3518265,21.0
1.3375,0.3625,22.792998,9.0
1.3875,0.4125,24.7491135,15.0
1.1375,0.275,12.09106175,12.0
1.4875,0.4,32.205032,11.0
1.575,0.35,28.98736375,9.0
1.1125,0.2875,11.94931425,8.0
1.675,0.5125,46.67745175,10.0
1.4375,0.3375,23.79940525,11.0
1.3,0.3,17.84601025,8.0
1.4,0.4,27.839209,10.0
1.525,0.4375,30.51823675,12.0
1.325,0.375,26.71940375,13.0
1.075,0.2875,10.33339275,8.0
1.5375,0.4,26.94619975,8.0
0.4875,0.1,1.09145575,4.0
1.2625,0.3125,18.27125275,10.0
1.4,0.35,28.7747425,10.0
1.6,0.45,38.22930075,10.0
1.4125,0.3875,25.52872475,13.0
1.6125,0.475,37.42134,12.0
1.5625,0.4375,37.15201975,13.0
1.3,0.35,18.6256215,14.0
0.9125,0.2,6.33611325,5.0
1.425,0.375,24.7491135,12.0
1.075,0.225,10.33339275,6.0
1.6,0.475,33.40988575,15.0
1.3375,0.425,21.87163925,10.0
1.5625,0.375,35.0116325,10.0
1.4875,0.375,25.35862775,11.0
1.4,0.3625,23.85610425,11.0
1.6125,0.475,40.12871725,17.0
1.7375,0.4625,49.32813,11.0
1.4125,0.325,20.41164,8.0
1.4125,0.375,22.5378525,10.0
1.625,0.4,38.725417,11.0
0.925,0.2125,6.95980225,7.0
1.7625,0.55,49.34230475,17.0
0.975,0.25,7.55514175,7.0
1.5125,0.4375,36.230661,13.0
1.6125,0.475,38.9805625,11.0
1.8,0.4625,49.99434325,11.0
1.7,0.4125,48.874538,10.0
1.4625,0.4625,29.95124675,13.0
1.5375,0.425,28.76056775,23.0
1.8375,0.5625,61.3766675,11.0
1.5,0.4375,29.313383,11.0
1.6625,0.45,33.46658475,12.0
1.2375,0.325,16.42853525,8.0
1.6125,0.475,43.02036625,14.0
1.1875,0.3125,14.571643,8.0
1.575,0.4125,35.02580725,9.0
1.6,0.4375,36.1456125,12.0
1.6875,0.4125,44.38114225,11.0
0.725,0.175,3.16096925,5.0
1.4,0.425,24.67823975,9.0
1.5875,0.4375,39.2073585,10.0
1.225,0.3125,18.58309725,10.0
1.1375,0.3125,18.71067,9.0
1.2125,0.3625,19.9863975,12.0
1.5375,0.375,31.6096925,9.0
0.7875,0.1875,4.2807745,6.0
0.9875,0.2375,6.50621025,7.0
1.725,0.4875,43.2896865,11.0
1.05,0.275,8.40562675,10.0
1.65,0.5,43.02036625,10.0
1.4375,0.3875,27.0737725,11.0
1.3125,0.3625,16.68368075,9.0
1.6125,0.475,39.179009,11.0
1.55,0.4,34.23202125,15.0
1.4125,0.375,22.8213475,9.0
1.3,0.3125,18.71067,9.0
1.6375,0.4,36.570855,14.0
1.8,0.475,54.7428845,14.0
1.6375,0.4625,38.82464025,13.0
0.825,0.2125,4.6209685,7.0
1.0125,0.225,9.8372765,7.0
1.0,0.2375,9.19941275,7.0
1.25,0.3375,16.85377775,9.0
1.5125,0.4,34.8415355,18.0
1.6,0.4125,35.19590425,18.0
1.5375,0.4375,31.581343,9.0
1.35,0.3875,23.6151335,15.0
1.6,0.4125,26.01066625,9.0
1.475,0.4,31.19862475,10.0
0.9125,0.2125,6.10931725,12.0
0.925,0.225,6.64795775,10.0
1.5875,0.4375,35.22425375,15.0
0.725,0.1625,2.76407625,7.0
1.375,0.3875,22.66542525,13.0
1.5,0.4,29.9654215,11.0
1.75,0.4875,51.95045875,29.0
1.2,0.3375,17.56251525,16.0
1.2625,0.3125,19.37688325,9.0
1.6875,0.5125,48.94541175,16.0
0.775,0.1625,3.67126025,7.0
1.0,0.225,7.49844275,7.0
1.6625,0.4125,38.71124225,11.0
1.7125,0.5125,50.81647875,11.0
1.075,0.2375,9.128539,8.0
1.5,0.4375,32.89959475,9.0
1.4375,0.425,28.98736375,9.0
1.375,0.4,21.55979475,13.0
1.575,0.425,36.0322145,10.0
1.15,0.3125,12.757275,8.0
1.5875,0.4125,38.612019,11.0
0.925,0.225,6.39281225,7.0
0.35,0.0875,0.41106775,3.0
1.575,0.3875,31.18445,9.0
1.3625,0.325,24.6357155,13.0
1.4375,0.4,27.612413,19.0
0.6875,0.1875,3.6570855,5.0
0.95,0.2,7.95203475,6.0
1.775,0.5,48.94541175,9.0
1.475,0.425,34.68561325,10.0
1.0375,0.25,10.98543125,7.0
1.2125,0.325,13.73533275,9.0
1.6,0.4125,33.46658475,10.0
0.5,0.0625,0.510291,4.0
1.725,0.475,46.05376275,12.0
1.6,0.5,43.02036625,15.0
0.8625,0.175,3.742134,6.0
1.4125,0.3625,25.0326085,8.0
1.5625,0.4125,32.33260475,9.0
1.25,0.3375,18.75319425,8.0
1.625,0.45,38.5836695,10.0
1.7,0.525,50.53298375,19.0
1.475,0.3875,27.45649075,8.0
1.325,0.3625,17.56251525,8.0
1.475,0.3875,27.442316,12.0
1.55,0.3875,34.60056475,9.0
1.3125,0.35,14.78426425,11.0
1.3875,0.4125,29.0582375,9.0
1.3625,0.375,24.08290025,8.0
1.425,0.3875,24.13959925,9.0
1.475,0.3125,26.26581175,14.0
1.3875,0.35,20.19901875,11.0
1.4875,0.3875,31.70891575,10.0
1.2,0.275,16.40018575,8.0
0.6875,0.2,3.4302895,5.0
1.3125,0.3125,18.10115575,19.0
1.45,0.3125,24.11124975,9.0
1.2125,0.3375,14.75591475,14.0
1.875,0.55,53.14113775,12.0
1.4375,0.325,23.88445375,9.0
1.4375,0.475,39.2640575,20.0
1.725,0.475,55.46579675,12.0
0.9,0.225,6.13766675,9.0
1.0,0.2875,9.4970825,9.0
1.5125,0.3625,28.19357775,8.0
0.825,0.1875,4.6209685,6.0
1.525,0.425,29.72445075,9.0
1.4125,0.3375,24.8058125,9.0
1.6875,0.4875,44.9906565,12.0
1.375,0.35,22.4244545,10.0
1.3125,0.3375,17.0380495,8.0
0.775,0.1875,4.23825025,5.0
0.4125,0.0375,0.66621325,4.0
1.3375,0.3375,22.01338675,8.0
1.175,0.25,12.6722265,7.0
1.45,0.3875,27.68328675,11.0
1.4375,0.35,24.67823975,9.0
1.5625,0.4125,38.08755325,10.0
1.1,0.25,12.68640125,7.0
1.225,0.3625,17.4349425,9.0
1.5,0.375,29.41260625,11.0
1.5375,0.4375,32.95629375,11.0
1.5875,0.4625,39.87357175,10.0
1.25,0.3125,14.004653,8.0
1.5375,0.5,32.41765325,16.0
1.525,0.375,31.18445,11.0
1.3625,0.3375,21.035329,14.0
1.5375,0.4375,33.57998275,12.0
1.4125,0.3625,22.89222125,10.0
1.275,0.3125,16.31513725,11.0
0.75,0.225,3.6003865,7.0
1.55,0.425,32.6869735,9.0
1.4625,0.3875,26.01066625,10.0
1.4,0.3375,23.43086175,10.0
1.2875,0.3375,19.06503875,8.0
1.675,0.475,39.27823225,12.0
1.5625,0.475,37.777069,18.0
1.5375,0.4125,31.53881875,8.0
1.4,0.4,26.64853,10.0
1.0875,0.2875,10.3475675,9.0
1.6,0.4875,42.410852,19.0
1.0375,0.2,8.40562675,7.0
1.6125,0.3875,37.98833,18.0
1.625,0.4875,42.48172575,11.0
1.4,0.4125,30.83008125,17.0
1.4375,0.4,27.839209,9.0
1.4625,0.3625,26.988724,10.0
0.925,0.225,6.87475375,8.0
1.6125,0.425,44.15434625,10.0
1.175,0.375,14.571643,13.0
1.25,0.3125,16.159215,8.0
1.6125,0.425,33.46658475,11.0
0.9125,0.2375,5.556502,7.0
1.6375,0.45,40.83745475,10.0
1.1,0.3,12.37455675,7.0
1.425,0.325,25.95396725,8.0
1.4375,0.3625,22.92057075,12.0
1.45,0.3125,25.741346,9.0
1.475,0.35,28.292801,10.0
1.4625,0.4875,31.4395955,20.0
1.5,0.375,31.79396425,11.0
1.3,0.3375,15.74814725,9.0
1.5375,0.45,35.62114675,15.0
1.525,0.4125,33.962701,9.0
1.6375,0.375,36.55668025,9.0
1.2125,0.3125,15.195332,9.0
1.4,0.4875,28.02348075,16.0
1.8125,0.5,53.4388075,17.0
1.45,0.4625,27.1304715,16.0
1.325,0.325,16.85377775,9.0
1.5875,0.425,33.52328375,10.0
1.8,0.525,50.6605565,15.0
1.35,0.375,23.45921125,8.0
1.3125,0.375,23.586784,8.0
1.075,0.25,11.509897,9.0
1.575,0.425,37.137845,11.0
1.2625,0.3125,15.66309875,9.0
0.875,0.2375,5.6699,7.0
0.9625,0.2,6.13766675,9.0
1.1875,0.275,12.48795475,7.0
1.375,0.35,24.720764,10.0
1.6375,0.4375,38.71124225,10.0
0.825,0.2125,5.5848515,6.0
1.15,0.3,13.90542975,9.0
1.5125,0.4375,33.40988575,15.0
0.9625,0.225,7.2858215,7.0
1.1,0.2625,11.94931425,8.0
1.6375,0.4375,35.3518265,11.0
1.625,0.475,38.215126,11.0
0.7375,0.1875,3.86970675,6.0
1.425,0.375,23.8986285,15.0
1.3375,0.3,18.27125275,9.0
1.3,0.3375,20.41164,10.0
1.4375,0.4125,24.777463,11.0
1.65,0.4875,45.23162725,13.0
1.3625,0.3875,24.8058125,10.0
1.5875,0.4,35.81959325,11.0
1.625,0.4,35.02580725,12.0
1.2875,0.35,20.3265915,13.0
1.8375,0.5125,58.6551155,10.0
0.9,0.2375,6.64795775,6.0
1.375,0.4,22.792998,10.0
1.4,0.4,24.5790165,10.0
0.925,0.225,6.30776375,6.0
1.525,0.425,32.715323,11.0
1.0125,0.225,8.51902475,8.0
1.525,0.4625,32.16250775,10.0
1.2625,0.3,16.1308655,13.0
1.475,0.3375,35.72037,17.0
1.5875,0.4375,38.55532,12.0
1.2,0.2625,14.004653,10.0
0.525,0.1125,1.34660125,4.0
1.6125,0.425,38.03085425,9.0
1.6625,0.4875,47.58463575,11.0
1.2875,0.3125,17.67591325,13.0
1.4375,0.35,27.895908,10.0
1.4875,0.3875,34.06192425,11.0
1.025,0.225,9.51125725,6.0
1.2875,0.3375,21.432222,8.0
1.25,0.2625,13.53688625,9.0
1.45,0.4875,28.76056775,17.0
0.8625,0.1875,4.6209685,8.0
1.425,0.375,24.323871,11.0
1.075,0.2875,10.44679075,8.0
1.4125,0.3875,27.839209,10.0
1.45,0.3875,28.81726675,9.0
1.4875,0.4125,29.97959625,10.0
1.225,0.3,13.39513875,10.0
1.4875,0.4125,34.37376875,15.0
1.5625,0.4375,36.570855,10.0
1.6375,0.3875,41.560367,9.0
1.5625,0.3625,32.6302745,10.0
1.5875,0.4375,40.78075575,15.0
1.875,0.5375,62.3972495,12.0
1.4125,0.375,30.8726055,10.0
1.5625,0.4625,34.8415355,18.0
1.725,0.45,46.379782,11.0
1.1875,0.3,16.9813505,10.0
1.525,0.6625,38.65454325,19.0
1.325,0.425,22.75047375,9.0
1.575,0.475,40.1145425,19.0
0.775,0.1875,3.6003865,3.0
1.625,0.4375,38.9805625,13.0
1.1875,0.3,14.1464005,8.0
1.375,0.3125,18.72484475,8.0
1.6625,0.4875,52.900167,11.0
1.3,0.35,22.1976585,10.0
1.25,0.3375,20.14231975,13.0
1.1,0.325,13.53688625,9.0
1.45,0.375,31.90736225,11.0
1.5875,0.425,31.00017825,10.0
1.0,0.2625,9.8939755,7.0
1.275,0.2875,14.81261375,8.0
1.0125,0.225,8.561549,7.0
1.25,0.3875,18.14368,11.0
0.75,0.2,3.55786225,7.0
1.25,0.3625,16.82542825,9.0
0.3375,0.0625,0.41106775,3.0
1.6625,0.45,39.745999,16.0
1.45,0.4,25.16018125,10.0
0.95,0.2375,7.087375,10.0
1.5625,0.425,32.034935,11.0
1.45,0.35,22.11261,9.0
1.5,0.3875,30.277266,9.0
1.7375,0.45,45.529297,9.0
1.3,0.3125,16.42853525,10.0
0.6375,0.15,2.50893075,6.0
1.5,0.35,31.18445,11.0
1.6375,0.3875,36.55668025,10.0
1.3625,0.3875,23.700182,10.0
1.675,0.425,44.9906565,20.0
1.675,0.475,44.22522,10.0
1.6125,0.45,43.488133,12.0
1.5875,0.4875,36.627554,11.0
1.525,0.425,40.78075575,10.0
1.475,0.4,25.58542375,9.0
1.1875,0.2875,14.118051,9.0
1.5875,0.4,32.4601775,10.0
1.4,0.375,24.84833675,12.0
0.5875,0.1125,1.1623295,6.0
1.3375,0.35,20.638436,8.0
1.275,0.325,16.40018575,9.0
1.475,0.4,29.8520235,9.0
1.4125,0.45,24.73493875,13.0
1.5375,0.3875,32.0065855,9.0
1.2375,0.4,14.18892475,14.0
0.9875,0.225,7.087375,8.0
1.375,0.375,20.638436,9.0
1.4,0.4,25.51455,10.0
1.525,0.3875,31.127751,11.0
1.625,0.4125,36.3157095,10.0
1.3625,0.3125,22.12678475,12.0
0.9,0.25,6.123492,8.0
1.475,0.3875,27.1304715,13.0
1.25,0.35,17.84601025,9.0
0.875,0.225,5.8116475,7.0
1.5,0.4125,32.16250775,15.0
1.55,0.4125,32.89959475,14.0
1.5875,0.4,38.55532,18.0
1.6,0.375,36.35823375,13.0
1.5,0.3875,37.1094955,9.0
0.5,0.125,0.92135875,4.0
1.6125,0.4375,44.22522,10.0
1.625,0.5125,47.740558,13.0
0.75,0.175,3.64291075,8.0
1.45,0.375,24.73493875,10.0
1.125,0.2625,13.437663,9.0
1.5625,0.4125,30.80173175,12.0
1.5,0.4125,28.81726675,12.0
1.1875,0.2625,14.571643,7.0
1.3125,0.4,24.5790165,12.0
1.075,0.2625,9.59630575,7.0
1.1375,0.325,14.61416725,8.0
1.525,0.4125,30.1922175,9.0
1.475,0.375,30.34813975,10.0
1.5125,0.3625,27.68328675,9.0
1.3125,0.375,19.57532975,13.0
0.775,0.2125,3.6003865,8.0
1.3,0.3625,18.27125275,12.0
1.3125,0.3625,23.51591025,10.0
1.6125,0.4125,37.74735925,9.0
0.8125,0.15,4.082328,5.0
1.175,0.3625,13.99047825,11.0
1.225,0.3375,17.8885345,11.0
1.7375,0.5125,49.32813,14.0
1.725,0.4625,39.972795,9.0
1.475,0.4125,30.8726055,13.0
0.6875,0.1625,2.608154,5.0
1.05,0.2625,11.850091,8.0
1.6,0.4625,38.838815,14.0
0.875,0.225,6.350288,8.0
1.3625,0.35,23.88445375,13.0
1.55,0.4125,35.36600125,11.0
1.575,0.425,34.5013415,14.0
0.8875,0.225,6.23689,7.0
1.05,0.2875,11.77921725,9.0
1.35,0.3875,23.43086175,9.0
1.4375,0.3875,31.62386725,13.0
1.5375,0.3625,27.21552,10.0
1.525,0.3875,31.62386725,9.0
1.15,0.3,13.36678925,9.0
1.1625,0.325,15.66309875,8.0
1.1875,0.325,12.7289255,10.0
1.35,0.4,32.33260475,15.0
1.4625,0.4,27.93843225,11.0
1.5625,0.4375,32.95629375,10.0
1.55,0.4125,37.03862175,9.0
1.4375,0.35,24.437269,9.0
1.5125,0.3875,31.18445,11.0
1.025,0.25,9.1001895,7.0
1.3125,0.3375,22.92057075,8.0
1.25,0.3375,16.65533125,9.0
1.525,0.45,28.05183025,12.0
1.4,0.3625,24.720764,9.0
1.0625,0.275,9.99319875,12.0
1.475,0.4125,33.112216,10.0
1.675,0.4125,44.4803655,13.0
1.6125,0.475,39.22153325,11.0
1.375,0.375,26.12406425,8.0
1.2375,0.4125,27.68328675,13.0
1.375,0.3875,27.68328675,15.0
1.7375,0.5125,51.27007075,17.0
1.2875,0.3,20.22736825,9.0
1.4625,0.4125,34.60056475,9.0
1.075,0.275,10.41844125,7.0
1.375,0.3625,23.79940525,8.0
1.3,0.3625,20.99280475,8.0
1.475,0.35,28.64716975,11.0
1.375,0.375,26.18076325,13.0
0.4625,0.1,0.75126175,3.0
1.25,0.3,18.313777,8.0
1.575,0.375,29.1149365,10.0
1.425,0.35,26.03901575,9.0
1.4875,0.375,27.71163625,9.0
0.8875,0.225,4.762716,7.0
1.0875,0.2875,11.49572225,7.0
1.3875,0.35,23.0481435,8.0
1.525,0.3875,29.823674,10.0
1.65,0.4375,41.31939625,18.0
1.2125,0.4,16.42853525,10.0
1.3375,0.3625,20.184844,10.0
1.2625,0.325,21.55979475,17.0
0.9625,0.2125,7.58349125,9.0
1.1375,0.3125,12.7289255,6.0
1.5875,0.4625,34.58639,10.0
1.1,0.275,12.7856245,8.0
0.9875,0.2375,4.86193925,11.0
1.5625,0.375,32.0065855,11.0
1.5875,0.3875,36.55668025,13.0
1.675,0.45,42.67784575,12.0
1.4375,0.3625,22.0275615,9.0
1.5,0.4125,30.674159,8.0
1.6875,0.4,41.730464,11.0
1.3125,0.3625,19.43358225,13.0
0.9625,0.225,6.8322295,6.0
1.325,0.4125,20.1564945,9.0
1.25,0.3,18.824068,8.0
1.325,0.325,20.19901875,9.0
1.175,0.2625,12.60135275,8.0
1.4875,0.4125,34.5013415,10.0
1.4375,0.35,27.839209,16.0
1.5125,0.3875,31.9498865,9.0
1.5,0.325,30.1922175,9.0
1.575,0.375,30.51823675,9.0
1.5125,0.4,31.127751,14.0
1.4125,0.3625,23.71435675,11.0
1.1875,0.3,15.3937785,8.0
0.9375,0.2375,6.13766675,7.0
1.5,0.375,26.01066625,10.0
1.325,0.35,18.24290325,9.0
0.9125,0.2375,6.0384435,7.0
1.675,0.475,45.7277435,14.0
1.6125,0.475,39.19318375,11.0
0.9375,0.2125,6.180191,6.0
1.8,0.5375,55.8201655,16.0
0.8875,0.225,5.59902625,6.0
1.3375,0.3625,22.80717275,17.0
1.3,0.35,20.241543,11.0
1.675,0.475,38.42774725,10.0
1.45,0.4125,32.16250775,9.0
1.4125,0.4125,27.895908,9.0
0.975,0.2375,7.144074,8.0
0.8,0.1875,4.20990075,6.0
1.225,0.3,17.179797,9.0
1.8125,0.4875,55.5366705,15.0
1.0125,0.25,10.27669375,7.0
1.55,0.4375,29.8520235,12.0
1.2125,0.3125,16.51358375,9.0
1.2625,0.35,19.57532975,12.0
1.0,0.25,7.9662095,8.0
1.3125,0.3375,20.87940675,10.0
1.8,0.5125,54.5727875,20.0
1.4375,0.3625,24.664065,11.0
0.9,0.2375,5.8683465,6.0
1.45,0.3625,26.3366855,9.0
1.3375,0.3875,28.7180435,14.0
1.3125,0.35,16.40018575,9.0
0.925,0.2375,4.876114,7.0
1.45,0.4,23.79940525,12.0
1.0,0.2125,8.845044,7.0
1.2625,0.3125,16.782904,8.0
1.65,0.4375,42.410852,20.0
1.125,0.2625,12.14776075,8.0
0.9375,0.2125,6.7188315,5.0
1.2625,0.375,18.4555245,16.0
1.3375,0.3375,20.87940675,10.0
0.4625,0.1,0.907184,5.0
1.55,0.4375,34.6147395,12.0
1.2875,0.35,19.80212575,9.0
0.7625,0.1875,4.3941725,6.0
1.6,0.4125,39.81687275,11.0
1.6125,0.5375,42.51007525,19.0
0.4375,0.1375,0.89300925,4.0
1.5125,0.4125,28.02348075,9.0
1.45,0.3125,25.1460065,12.0
1.3125,0.375,22.92057075,13.0
1.0375,0.25,9.02931575,8.0
1.375,0.425,26.12406425,13.0
0.875,0.225,5.1312595,7.0
1.4875,0.35,27.39979175,8.0
1.5,0.375,31.2694985,12.0
1.625,0.4,36.457457,11.0
1.75,0.4125,46.096287,12.0
0.5625,0.1375,1.74349425,4.0
1.1625,0.2875,16.896302,7.0
0.8875,0.2375,6.577084,8.0
1.2125,0.275,13.5794105,7.0
1.175,0.3,12.2753335,8.0
1.5,0.425,33.12639075,10.0
1.175,0.2625,12.48795475,8.0
1.4875,0.4125,32.21920675,10.0
1.5,0.45,27.99513125,10.0
1.5,0.4375,31.2694985,15.0
1.425,0.325,22.41027975,9.0
1.1875,0.3125,12.60135275,8.0
0.775,0.225,4.2807745,7.0
1.4625,0.375,27.76833525,9.0
0.9875,0.2625,7.087375,9.0
1.5,0.4,31.62386725,12.0
1.4375,0.4,25.2594045,10.0
1.5875,0.375,35.76289425,8.0
1.4,0.35,28.803092,10.0
1.225,0.3,14.38737125,8.0
0.925,0.225,7.2858215,6.0
0.4625,0.0,2.1262125,3.0
1.5625,0.4,31.70891575,13.0
1.3125,0.425,21.9708625,8.0
1.125,0.2625,12.587178,7.0
1.475,0.3375,27.62658775,13.0
0.675,0.1625,2.8632995,5.0
1.6375,0.375,38.9805625,11.0
0.9625,0.25,6.53455975,7.0
1.475,0.375,27.499015,9.0
1.3125,0.3125,23.71435675,10.0
1.4875,0.4,29.5118295,10.0
1.3,0.375,22.01338675,11.0
1.7125,0.5,50.53298375,11.0
1.25,0.3125,18.01610725,12.0
1.5125,0.4,32.16250775,10.0
1.3125,0.325,16.45688475,10.0
1.3125,0.375,24.73493875,21.0
1.35,0.375,23.6151335,15.0
0.725,0.1875,3.515338,8.0
0.9875,0.25,8.77417025,7.0
1.6875,0.4,46.096287,11.0
1.6125,0.4125,32.601925,9.0
1.3125,0.3375,15.6205745,12.0
1.5125,0.35,28.8881405,9.0
1.5625,0.4375,32.10580875,10.0
1.5,0.4625,27.28639375,11.0
1.7,0.4875,50.56133325,14.0
1.4875,0.475,31.9498865,13.0
1.3,0.3875,22.66542525,10.0
1.4125,0.375,29.9654215,9.0
1.5125,0.4375,31.638042,12.0
1.05,0.25,10.7444605,7.0
1.45,0.425,28.22192725,11.0
1.6125,0.475,39.19318375,12.0
1.525,0.475,32.7436725,18.0
1.4875,0.375,32.16250775,12.0
1.525,0.4125,31.51046925,10.0
1.675,0.475,40.83745475,19.0
1.725,0.45,42.2124055,12.0
1.35,0.3375,17.73261225,8.0
1.25,0.3,15.74814725,6.0
1.6375,0.4375,40.83745475,19.0
1.375,0.35,27.499015,17.0
0.6375,0.1625,2.0695135,6.0
1.3,0.3375,20.3265915,8.0
1.5875,0.4875,45.529297,13.0
1.6375,0.5,40.44056175,20.0
1.3875,0.35,21.38969775,8.0
1.025,0.25,10.375917,13.0
1.7375,0.5,49.32813,13.0
1.0125,0.2625,8.40562675,7.0
1.5625,0.4375,35.50774875,11.0
1.2125,0.3125,16.386011,9.0
1.2,0.2875,14.5432935,9.0
1.65,0.425,45.529297,13.0
1.3625,0.35,22.169309,10.0
1.1,0.3125,14.69921575,8.0
0.875,0.225,5.1312595,7.0
1.5,0.4125,31.3261975,11.0
1.3125,0.3375,18.540573,10.0
1.1125,0.325,13.99047825,9.0
1.4375,0.375,24.777463,10.0
1.25,0.3375,19.06503875,9.0
1.425,0.3125,25.33027825,10.0
1.35,0.375,22.92057075,18.0
0.575,0.1375,1.8994165,5.0
1.4875,0.4,31.127751,12.0
0.4,0.0875,0.5953395,1.0
1.3625,0.45,20.53921275,10.0
1.075,0.25,12.88484775,7.0
1.3125,0.3625,21.87163925,10.0
1.3,0.375,20.638436,10.0
1.4375,0.35,24.607366,9.0
1.525,0.35,29.21415975,10.0
1.15,0.25,9.752228,7.0
0.9125,0.1875,6.30776375,7.0
1.4625,0.375,24.7491135,11.0
1.4625,0.3375,22.15513425,11.0
1.3,0.3875,18.1153305,10.0
1.175,0.3125,13.097469,7.0
1.7,0.45,48.26502375,12.0
1.5875,0.4125,37.6197865,9.0
1.1875,0.3125,14.571643,7.0
1.625,0.375,40.5681345,9.0
1.0625,0.25,10.95708175,9.0
1.5875,0.425,38.20095125,9.0
1.4625,0.3875,27.839209,11.0
0.875,0.2,5.88252125,6.0
1.525,0.375,34.189497,8.0
1.0375,0.275,8.50485,7.0
1.2875,0.3125,17.08057375,8.0
1.6,0.4375,35.0116325,20.0
1.6125,0.425,37.32211675,9.0
1.0,0.2125,10.432616,7.0
1.1875,0.2875,16.71203025,7.0
1.3,0.375,28.7180435,10.0
1.2875,0.3,15.88989475,9.0
1.0,0.2375,8.06543275,8.0
1.075,0.3,10.33339275,6.0
1.35,0.35,20.0997955,8.0
0.9625,0.2375,7.144074,7.0
1.65,0.425,40.993377,13.0
1.725,0.45,52.34735175,10.0
1.2,0.275,16.839603,8.0
1.4875,0.35,32.41765325,8.0
1.1625,0.3125,13.22504175,9.0
1.475,0.3625,30.8159065,9.0
1.5625,0.4125,35.0116325,10.0
1.0625,0.275,10.41844125,6.0
1.55,0.4125,34.60056475,11.0
1.3125,0.35,18.5122235,9.0
1.5,0.375,29.937072,11.0
1.6875,0.4875,45.2741515,9.0
1.6,0.375,40.44056175,8.0
1.7,0.525,44.4803655,12.0
0.85,0.1875,5.3013565,3.0
1.7125,0.4375,50.3770615,13.0
1.45,0.35,27.08794725,10.0
1.3125,0.375,26.12406425,9.0
1.6375,0.4,36.4291075,9.0
1.4375,0.3875,25.741346,10.0
1.525,0.4125,30.14969325,12.0
1.475,0.3875,31.34037225,11.0
0.925,0.225,6.066793,7.0
0.9125,0.2125,5.5848515,6.0
1.575,0.3625,30.0221205,9.0
1.325,0.3625,22.0275615,10.0
1.3625,0.35,23.09066775,10.0
1.5875,0.3875,37.0527965,10.0
1.75,0.5,48.5059945,16.0
1.45,0.3875,28.689694,10.0
0.7125,0.2125,3.01922175,7.0
1.3125,0.3,22.41027975,8.0
1.475,0.4125,26.23746225,11.0
1.4875,0.3875,26.26581175,10.0
1.3125,0.375,19.901349,8.0
1.1125,0.3125,10.375917,10.0
1.625,0.4375,38.90968875,10.0
1.0875,0.275,10.716111,7.0
1.2625,0.25,17.2648455,8.0
1.4625,0.4625,31.127751,11.0
1.4375,0.3,21.58814425,10.0
1.2625,0.4,29.937072,9.0
1.3,0.3375,16.9246515,8.0
1.0,0.2625,9.39785925,7.0
1.475,0.3625,28.22192725,14.0
1.0875,0.275,12.3320325,11.0
1.0,0.225,8.32057825,6.0
1.6125,0.4625,36.117263,8.0
1.675,0.4,36.0889135,19.0
1.05,0.275,10.3475675,7.0
1.6125,0.475,35.50774875,10.0
1.025,0.225,8.618248,7.0
1.4625,0.3875,24.79163775,8.0
1.1875,0.3,13.8062065,15.0
0.675,0.125,3.061746,5.0
1.2375,0.3375,18.9091165,10.0
1.3125,0.3625,23.85610425,15.0
1.525,0.4125,31.48211975,17.0
1.725,0.4875,49.781722,16.0
1.2375,0.3125,16.386011,9.0
1.4875,0.4375,28.76056775,10.0
1.1125,0.3125,12.09106175,7.0
1.5625,0.375,28.42037375,8.0
1.1,0.2625,10.30504325,7.0
1.5875,0.4375,32.19085725,10.0
1.475,0.4125,26.63435525,8.0
1.1625,0.2875,12.54465375,7.0
0.6375,0.2,2.2963095,5.0
1.275,0.3125,16.9246515,9.0
1.45,0.4875,28.292801,16.0
1.4375,0.375,31.19862475,11.0
0.825,0.2125,5.85417175,6.0
1.45,0.4125,26.365035,13.0
1.525,0.425,30.91512975,15.0
1.5625,0.3875,33.5374585,9.0
1.4,0.4,24.73493875,8.0
1.5,0.425,36.7693015,9.0
0.7,0.2,2.82077525,4.0
1.5125,0.4125,35.210079,21.0
1.0125,0.3,9.8372765,13.0
1.325,0.3125,18.75319425,8.0
1.125,0.275,12.99824575,10.0
1.2875,0.4125,22.169309,17.0
1.1,0.3,12.6722265,7.0
1.2125,0.3375,22.01338675,12.0
1.2625,0.3375,18.75319425,8.0
1.6125,0.4625,34.189497,11.0
1.65,0.5,43.1762885,11.0
1.4375,0.3875,24.84833675,10.0
1.5,0.4125,34.23202125,9.0
1.25,0.275,14.8834875,9.0
1.5,0.375,30.0221205,8.0
1.6,0.4375,44.94813225,14.0
1.5625,0.4,32.545226,10.0
0.6125,0.1375,1.54504775,5.0
1.2625,0.3125,18.12950525,8.0
1.6125,0.4125,35.0116325,11.0
1.2625,0.375,20.071446,10.0
1.3,0.35,20.19901875,16.0
1.5125,0.425,31.70891575,18.0
1.3625,0.4125,26.1665885,15.0
1.1125,0.275,12.3320325,6.0
1.2625,0.3125,18.27125275,7.0
0.925,0.225,5.613201,6.0
0.7875,0.2125,4.932813,7.0
1.7125,0.5375,52.219779,11.0
1.5875,0.425,36.27318525,10.0
1.3,0.35,20.79435825,11.0
1.35,0.375,22.169309,10.0
1.6625,0.4875,40.9083285,18.0
1.1375,0.3125,11.89261525,12.0
1.375,0.375,23.71435675,13.0
1.0625,0.2875,11.1413535,11.0
1.375,0.4125,21.659018,13.0
0.7,0.175,3.04757125,6.0
0.825,0.1875,3.86970675,6.0
1.45,0.375,24.70658925,8.0
0.725,0.2125,3.7704835,3.0
1.6375,0.5,39.745999,10.0
1.4875,0.3875,29.44095575,11.0
1.6,0.4,34.60056475,11.0
1.5875,0.4125,36.27318525,11.0
1.55,0.45,33.8776525,18.0
1.125,0.2875,13.154168,8.0
1.475,0.3625,29.8520235,9.0
1.3875,0.3125,20.6100865,8.0
1.6875,0.4625,41.730464,10.0
1.3875,0.375,23.5584345,9.0
1.2625,0.3125,18.29960225,8.0
1.3875,0.35,28.64716975,8.0
1.45,0.375,28.78891725,14.0
0.9875,0.2125,7.04485075,7.0
1.675,0.425,41.7588135,10.0
0.95,0.25,9.525432,7.0
1.3,0.3,23.88445375,15.0
1.65,0.575,41.95726,16.0
1.275,0.325,18.80989325,10.0
1.0625,0.2375,8.17883075,7.0
1.35,0.35,21.21960075,9.0
1.5875,0.4375,35.6920205,15.0
1.525,0.4375,36.117263,10.0
1.05,0.275,10.19164525,7.0
1.525,0.4125,32.0065855,9.0
1.5,0.3875,25.35862775,10.0
1.45,0.3625,25.7129965,12.0
1.4125,0.3625,26.01066625,9.0
0.975,0.225,9.3836845,6.0
1.425,0.4125,28.689694,14.0
1.3625,0.3375,23.00561925,15.0
1.4625,0.475,27.8675585,12.0
1.475,0.4125,30.0221205,9.0
1.0125,0.225,9.19941275,7.0
1.5625,0.425,35.833768,14.0
1.475,0.3875,32.4601775,11.0
1.2875,0.3375,16.76872925,8.0
1.15,0.35,13.664459,9.0
1.7,0.45,50.56133325,11.0
1.3125,0.375,18.5689225,19.0
0.9375,0.2,6.6054335,7.0
1.4625,0.3875,25.0326085,9.0
1.4875,0.4125,32.375129,15.0
1.4375,0.3375,23.926978,9.0
1.225,0.2875,15.1102835,8.0
1.375,0.3375,21.035329,9.0
1.225,0.3,16.839603,8.0
1.4875,0.375,32.50270175,8.0
1.5625,0.4125,30.1922175,21.0
1.375,0.3875,31.9498865,9.0
1.55,0.475,30.957654,11.0
1.3375,0.325,20.53921275,11.0
1.5,0.3625,31.18445,9.0
1.7,0.4625,45.5576465,12.0
1.45,0.3125,23.43086175,9.0
1.1,0.325,13.4660125,7.0
1.2875,0.4375,27.385617,13.0
1.4625,0.375,26.03901575,11.0
1.8,0.4875,48.26502375,12.0
1.55,0.3625,28.42037375,10.0
1.1625,0.3125,16.25843825,10.0
1.3625,0.4125,25.3728025,11.0
1.1375,0.275,12.57300325,7.0
1.525,0.425,33.52328375,12.0
1.55,0.425,33.8776525,10.0
1.4625,0.4125,27.1871705,10.0
1.6375,0.4375,38.838815,18.0
1.3875,0.3625,26.09571475,9.0
1.2125,0.3125,16.9813505,7.0
1.5875,0.4375,35.777069,9.0
1.375,0.375,21.72989175,11.0
1.25,0.375,18.75319425,8.0
0.85,0.2,5.96756975,7.0
1.425,0.3375,26.69105425,14.0
1.375,0.35,22.55202725,8.0
1.225,0.35,16.839603,12.0
0.7625,0.1875,3.67126025,6.0
1.575,0.425,33.92017675,16.0
1.3125,0.325,20.97863,9.0
1.55,0.4625,31.808139,19.0
1.5125,0.3625,27.03124825,11.0
0.725,0.2125,3.6570855,6.0
1.4875,0.425,30.03629525,11.0
1.5375,0.4,31.6096925,11.0
1.0,0.2375,7.95203475,9.0
1.5875,0.425,39.859397,12.0
1.2,0.35,17.293195,10.0
1.5,0.425,29.937072,9.0
0.825,0.225,5.783298,6.0
1.1,0.2875,11.55242125,8.0
1.325,0.375,19.6462035,13.0
0.9875,0.25,7.44174375,7.0
1.3625,0.4375,28.066005,18.0
1.5,0.375,29.27085875,9.0
0.725,0.175,2.8632995,5.0
1.3125,0.325,18.4555245,7.0
1.525,0.4125,32.16250775,10.0
1.4875,0.35,27.8675585,10.0
1.525,0.475,33.26813825,14.0
1.675,0.4375,48.20832475,13.0
1.7125,0.4375,44.395317,11.0
1.175,0.2875,11.509897,8.0
1.5875,0.4375,38.9805625,13.0
1.175,0.325,14.01882775,15.0
1.45,0.4,27.78251,13.0
1.0375,0.3125,10.4042665,8.0
1.1,0.2625,11.6516445,8.0
1.2625,0.3375,17.2648455,8.0
1.65,0.4875,38.00250475,20.0
1.725,0.425,41.23434775,12.0
1.5,0.3875,29.1716355,17.0
1.0375,0.3,10.27669375,8.0
0.9625,0.2375,8.00873375,6.0
1.4375,0.325,22.75047375,8.0
1.0375,0.2375,10.5176645,8.0
1.0375,0.25,8.5331995,6.0
1.3875,0.4125,27.6974615,17.0
1.075,0.25,10.44679075,7.0
1.4125,0.3625,24.607366,10.0
1.0125,0.225,9.07184,6.0
1.2625,0.2875,19.4761065,10.0
1.5625,0.3875,34.8415355,11.0
1.5375,0.375,31.18445,9.0
1.5125,0.425,32.375129,12.0
1.3125,0.3625,22.1409595,8.0
1.3,0.375,21.27629975,15.0
1.5625,0.4,34.3879435,9.0
1.6125,0.425,32.89959475,10.0
0.9,0.2375,6.30776375,5.0
1.6875,0.4,41.900561,16.0
1.3125,0.375,23.4450365,9.0
1.3,0.325,18.75319425,8.0
1.3125,0.3375,22.24018275,8.0
0.8875,0.2,6.95980225,8.0
1.125,0.2625,13.08329425,9.0
1.45,0.4,31.2694985,14.0
0.625,0.1875,3.33106625,6.0
1.5,0.425,32.16250775,14.0
1.3875,0.4125,27.78251,13.0
1.5625,0.4125,32.545226,10.0
1.675,0.45,45.8978405,11.0
1.5125,0.4,29.44095575,15.0
1.45,0.35,20.0430965,10.0
1.35,0.3125,20.921931,8.0
1.0875,0.275,10.41844125,7.0
1.1875,0.3,16.5277585,9.0
1.4125,0.35,25.3728025,12.0
1.2625,0.3125,17.7184375,9.0
1.6125,0.4,34.77066175,11.0
1.025,0.25,9.4970825,7.0
1.5125,0.4375,34.699788,12.0
0.9125,0.2125,5.8116475,5.0
1.425,0.4125,27.39979175,9.0
1.5625,0.45,35.62114675,9.0
1.6125,0.4375,44.395317,10.0
1.125,0.325,13.8062065,9.0
1.5125,0.425,31.99241075,14.0
0.8375,0.2375,4.819415,6.0
1.375,0.3875,22.55202725,10.0
1.525,0.4,30.51823675,10.0
1.425,0.375,27.76833525,9.0
0.9625,0.2,7.1157245,6.0
1.425,0.4375,28.8314415,10.0
1.525,0.3875,29.15746075,10.0
1.3125,0.3625,20.14231975,9.0
1.5375,0.475,38.51279575,13.0
1.5,0.5375,38.42774725,16.0
1.2,0.3125,15.2236815,8.0
1.425,0.4375,28.5479465,11.0
0.85,0.1875,5.10291,6.0
0.975,0.225,7.994559,8.0
1.2875,0.325,20.0430965,17.0
1.4875,0.3875,27.22969475,16.0
1.45,0.3375,22.52367775,15.0
1.3875,0.35,24.7491135,9.0
1.4625,0.3875,29.9087225,8.0
1.2125,0.3125,17.56251525,8.0
0.9375,0.2375,7.41339425,7.0
1.025,0.25,10.73028575,8.0
1.175,0.3125,14.2030995,9.0
1.4125,0.3375,24.2388225,11.0
1.6,0.375,32.16250775,10.0
1.4,0.3625,22.566202,12.0
1.5,0.375,31.18445,16.0
0.8125,0.2,5.5848515,7.0
1.375,0.375,25.61377325,14.0
1.3625,0.3125,20.28406725,9.0
1.275,0.3125,15.252031,10.0
0.9875,0.2125,6.98815175,8.0
1.5625,0.4,29.97959625,11.0
1.375,0.3625,22.0275615,8.0
1.2125,0.3375,15.30873,12.0
1.6375,0.4375,36.55668025,11.0
1.525,0.425,31.467945,13.0
1.4,0.4,24.6357155,10.0
0.9375,0.1875,6.13766675,5.0
1.3,0.3375,17.02387475,9.0
1.3875,0.325,19.447757,9.0
1.15,0.3,12.74310025,8.0
1.3375,0.3625,21.87163925,12.0
1.1,0.3125,11.90679,7.0
1.525,0.4,31.18445,10.0
1.475,0.4125,25.798045,9.0
1.0625,0.2625,9.4970825,7.0
1.5125,0.4125,35.93299125,11.0
0.5875,0.1375,2.99087225,5.0
1.45,0.375,34.60056475,9.0
1.425,0.3375,28.76056775,9.0
1.6,0.475,32.6869735,11.0
1.125,0.2875,12.984071,9.0
1.35,0.3375,21.659018,9.0
1.2,0.3125,16.2442635,8.0
1.4375,0.3375,21.659018,8.0
1.2375,0.325,21.659018,9.0
1.3,0.35,19.17843675,7.0
1.5625,0.375,31.70891575,10.0
1.0625,0.25,10.33339275,7.0
1.4,0.3875,24.664065,11.0
1.1,0.2625,10.41844125,7.0
1.3875,0.375,22.80717275,14.0
1.325,0.375,21.27629975,14.0
1.2,0.2875,17.50581625,9.0
1.6875,0.5,46.84754875,15.0
1.425,0.4,24.153774,10.0
0.925,0.2375,6.33611325,7.0
1.4625,0.35,23.85610425,10.0
1.35,0.3125,23.40251225,8.0
1.45,0.4375,50.632207,14.0
1.1375,0.275,12.91319725,9.0
0.9625,0.25,8.107957,8.0
1.7375,0.5375,57.606184,22.0
1.45,0.4,22.1976585,12.0
1.325,0.375,19.85882475,10.0
1.55,0.425,35.6920205,8.0
1.5,0.375,28.27862625,10.0
1.4,0.3375,25.3728025,9.0
1.525,0.35,31.808139,9.0
1.5375,0.425,31.62386725,9.0
1.5125,0.3875,32.16250775,8.0
1.5125,0.35,31.127751,9.0
1.25,0.425,24.323871,15.0
0.975,0.25,7.55514175,7.0
1.475,0.425,28.36367475,11.0
1.525,0.4125,35.25260325,12.0
1.6125,0.4,36.61337925,11.0
1.6125,0.4625,35.210079,13.0
1.4375,0.375,26.705229,10.0
1.5,0.4,26.01066625,11.0
1.4125,0.375,26.2232875,10.0
1.475,0.4125,24.73493875,9.0
0.9,0.275,7.72523875,16.0
1.775,0.4875,55.5366705,10.0
1.525,0.3875,30.43318825,9.0
1.625,0.5125,49.5265765,11.0
1.525,0.4,30.957654,19.0
0.8375,0.1875,5.3013565,5.0
1.1375,0.2625,11.77921725,8.0
1.2625,0.3125,14.81261375,15.0
1.375,0.4,24.73493875,10.0
0.5875,0.1375,1.99863975,5.0
1.55,0.375,35.096681,11.0
1.175,0.325,14.81261375,9.0
1.575,0.4125,37.32211675,11.0
1.3625,0.4,22.1409595,14.0
1.5375,0.475,29.9654215,10.0
1.175,0.325,14.81261375,8.0
1.5625,0.4,31.90736225,12.0
1.45,0.35,23.45921125,9.0
1.375,0.4125,25.7696955,18.0
1.6,0.4,31.6096925,9.0
1.525,0.425,31.99241075,17.0
1.575,0.4375,37.137845,13.0
0.9625,0.2,6.36446275,7.0
1.45,0.375,30.277266,11.0
0.8125,0.1875,5.3013565,6.0
0.7,0.2,2.73572675,7.0
1.525,0.4125,30.8726055,11.0
1.55,0.4125,30.51823675,11.0
1.525,0.4375,31.808139,9.0
1.275,0.3625,20.468339,10.0
1.5875,0.4375,38.82464025,12.0
0.6125,0.1625,2.381358,6.0
0.7,0.1625,2.8066005,5.0
1.475,0.4125,31.808139,14.0
1.55,0.3875,29.199985,14.0
1.575,0.375,34.529691,9.0
0.875,0.2,5.5848515,9.0
1.8,0.5375,56.14618475,16.0
0.8375,0.2,4.819415,6.0
1.1,0.275,12.99824575,8.0
1.625,0.4375,36.55668025,10.0
1.5875,0.425,38.22930075,11.0
1.1375,0.2625,12.60135275,8.0
1.625,0.3875,38.612019,9.0
1.2875,0.325,20.70930975,10.0
1.425,0.3875,27.99513125,10.0
1.625,0.475,39.859397,15.0
1.625,0.4125,32.95629375,12.0
1.4125,0.3625,25.51455,10.0
1.275,0.325,15.77649675,9.0
1.6125,0.4375,38.20095125,26.0
1.425,0.4875,31.808139,20.0
1.2125,0.35,19.20678625,9.0
1.4125,0.3875,27.328918,10.0
1.425,0.35,24.7491135,8.0
1.4375,0.375,24.99008425,9.0
1.4,0.4,25.51455,12.0
1.5375,0.4375,37.7331845,14.0
1.7375,0.525,42.82191975,15.0
1.425,0.425,24.59319125,9.0
0.9375,0.225,6.123492,7.0
1.35,0.35,24.22464775,14.0
1.6875,0.5,43.64405525,14.0
1.3,0.4,24.73493875,8.0
0.9,0.2125,6.95980225,7.0
1.4625,0.4,24.76328825,12.0
1.4625,0.4125,31.59551775,11.0
1.4125,0.3875,24.16794875,9.0
1.55,0.425,34.45881725,10.0
1.45,0.5,31.51046925,10.0
1.625,0.425,36.85435,11.0
1.5,0.375,30.4190135,10.0
1.575,0.4125,36.61337925,9.0
1.575,0.4,30.1922175,9.0
1.5,0.375,32.16250775,10.0
1.6375,0.475,39.349106,11.0
0.9375,0.25,8.57572375,7.0
1.525,0.3875,33.40988575,11.0
0.9375,0.2375,6.123492,7.0
0.8625,0.2375,5.10291,6.0
1.4625,0.4125,30.4190135,9.0
1.5375,0.4125,31.90736225,14.0
1.0375,0.2375,8.17883075,6.0
1.5,0.4125,30.34813975,12.0
1.3875,0.4,24.73493875,11.0
0.85,0.175,5.10291,6.0
1.425,0.425,23.79940525,9.0
1.2625,0.3125,16.9246515,11.0
1.1375,0.3125,12.68640125,14.0
1.425,0.35,24.323871,9.0
1.3625,0.4125,25.741346,14.0
1.525,0.4,29.8520235,13.0
1.4,0.3875,26.12406425,11.0
1.3375,0.3375,23.9553275,10.0
1.1625,0.2625,12.2753335,9.0
1.475,0.3125,24.22464775,9.0
0.4625,0.1,0.8221355,5.0
1.6,0.4,36.61337925,12.0
0.7,0.1375,3.13261975,6.0
1.0625,0.275,10.19164525,8.0
1.3125,0.4125,21.4038725,19.0
1.3,0.2875,17.53416575,9.0
1.3,0.325,20.97863,10.0
1.325,0.425,22.5378525,9.0
1.5625,0.4,30.09299425,9.0
1.625,0.4125,36.117263,9.0
1.2,0.3,13.53688625,10.0
1.5,0.4375,26.80445225,8.0
1.35,0.3625,23.37416275,10.0
1.3,0.35,21.58814425,8.0
1.425,0.3375,28.08017975,10.0
1.05,0.25,8.278054,6.0
1.45,0.375,24.6357155,10.0
1.1125,0.25,10.716111,7.0
1.475,0.4,28.76056775,8.0
1.2375,0.2875,13.8062065,9.0
0.975,0.2375,7.087375,8.0
1.2875,0.3875,27.499015,16.0
1.05,0.25,10.2341695,8.0
1.8,0.525,63.389482,12.0
0.975,0.25,7.75358825,6.0
1.4125,0.3625,24.323871,9.0
1.6625,0.3875,36.570855,9.0
1.4,0.3875,25.741346,9.0
0.7875,0.175,3.64291075,6.0
1.5625,0.4375,38.20095125,15.0
1.6125,0.4875,36.173962,20.0
0.45,0.1125,0.86465975,4.0
1.45,0.2875,24.6357155,8.0
1.375,0.375,23.019794,9.0
1.025,0.2875,10.77281,12.0
1.3125,0.375,17.633389,9.0
1.7,0.475,50.53298375,11.0
0.7125,0.15,2.96252275,7.0
1.55,0.3625,30.57493575,10.0
0.725,0.2,3.6003865,4.0
0.8125,0.1875,4.09650275,5.0
1.5,0.4125,32.431828,10.0
1.425,0.4375,25.51455,10.0
1.5125,0.4375,33.04134225,9.0
0.475,0.1,0.75126175,4.0
1.6125,0.4625,37.57726225,20.0
1.3875,0.3375,22.5945515,8.0
1.5125,0.425,30.43318825,11.0
1.125,0.3,13.56523575,8.0
1.375,0.325,23.54425975,9.0
1.3125,0.35,20.14231975,10.0
1.5125,0.4375,34.6147395,20.0
1.425,0.35,24.84833675,9.0
1.7,0.4375,41.7588135,12.0
1.7,0.4375,40.61065875,10.0
1.775,0.45,43.1762885,11.0
1.25,0.35,16.2442635,9.0
1.55,0.4125,30.63163475,11.0
1.1875,0.325,16.386011,10.0
1.475,0.4125,27.88173325,14.0
0.8125,0.2125,4.09650275,7.0
0.9875,0.225,7.9662095,9.0
1.375,0.35,20.638436,10.0
1.0375,0.275,10.95708175,8.0
1.2125,0.325,21.72989175,14.0
1.625,0.475,42.070658,20.0
1.7375,0.5,53.070264,10.0
1.3625,0.3,22.9914445,10.0
0.975,0.225,7.55514175,6.0
1.425,0.375,27.9809565,13.0
1.5625,0.375,33.43823525,9.0
1.175,0.3,14.458245,7.0
1.1125,0.3125,11.89261525,14.0
1.5375,0.4125,37.0527965,11.0
1.55,0.3875,37.137845,10.0
1.375,0.375,23.85610425,8.0
1.5625,0.4125,34.8415355,15.0
1.575,0.4125,40.07201825,11.0
0.9625,0.2125,7.9662095,7.0
1.0,0.25,9.63883,7.0
1.2875,0.3375,17.95940825,17.0
1.25,0.3875,20.19901875,9.0
1.175,0.3375,12.37455675,9.0
1.475,0.3625,31.70891575,9.0
1.1875,0.3375,13.13999325,16.0
0.95,0.2375,7.95203475,7.0
0.575,0.1625,1.82854275,2.0
1.5,0.4375,33.6508565,12.0
1.0375,0.2625,11.0279555,8.0
1.6,0.4625,32.89959475,11.0
0.7,0.1875,3.16096925,5.0
1.1375,0.2625,11.9351395,12.0
1.5,0.3875,26.08154,9.0
1.0625,0.2375,10.886208,8.0
1.8625,0.45,55.35239875,11.0
1.3875,0.3125,26.1665885,14.0
0.925,0.25,7.24329725,7.0
1.4125,0.325,23.700182,8.0
1.4625,0.375,27.99513125,10.0
1.5625,0.4125,32.205032,10.0
1.6125,0.55,41.48949325,15.0
0.6875,0.175,2.664853,5.0
1.6875,0.4375,42.2124055,13.0
1.175,0.275,14.07552675,8.0
1.55,0.325,28.81726675,10.0
1.125,0.3,12.0485375,10.0
1.175,0.275,13.53688625,11.0
1.2,0.325,14.81261375,8.0
1.475,0.4,29.653577,9.0
1.7375,0.5,47.95317925,11.0
1.3125,0.3875,18.370476,11.0
1.2,0.3,15.7339725,7.0
1.5125,0.375,29.540179,8.0
1.4375,0.3875,26.32251075,14.0
0.7375,0.1875,3.572037,5.0
1.4375,0.3875,20.87940675,9.0
1.85,0.5,55.961913,11.0
1.375,0.3625,22.0275615,10.0
1.425,0.375,24.62154075,8.0
1.425,0.425,26.54930675,12.0
1.575,0.4625,35.62114675,13.0
1.4625,0.425,33.38153625,10.0
1.2,0.3,13.8062065,7.0
1.3,0.3125,16.51358375,10.0
1.625,0.4625,36.570855,11.0
1.2,0.3,14.458245,9.0
1.625,0.4625,38.215126,11.0
1.1875,0.3,13.53688625,8.0
1.375,0.3125,20.184844,9.0
0.5125,0.1,1.13398,4.0
0.8125,0.1625,4.876114,5.0
0.925,0.225,6.6054335,6.0
1.325,0.3625,23.37416275,11.0
1.1,0.2875,11.60912025,14.0
1.5625,0.4,35.0116325,11.0
1.6625,0.3875,38.08755325,9.0
1.2875,0.3375,17.02387475,8.0
1.5,0.4875,34.57163325,16.0
1.3125,0.35,22.963095,10.0
1.125,0.275,13.90542975,8.0
1.1,0.35,12.94154675,14.0
1.5625,0.3875,31.638042,10.0
1.6375,0.475,38.65454325,12.0
0.925,0.2375,6.81805475,12.0
0.6875,0.175,2.99087225,6.0
0.8875,0.25,6.917278,7.0
1.3,0.275,18.72484475,9.0
1.525,0.425,31.22697425,10.0
1.5625,0.3875,30.71668325,11.0
1.5625,0.4625,36.4291075,11.0
1.7375,0.4875,47.86813075,12.0
1.3125,0.3875,20.22736825,12.0
1.3875,0.375,22.15513425,15.0
1.65,0.475,41.560367,11.0
1.4375,0.3375,24.323871,11.0
1.625,0.475,34.6147395,19.0
0.825,0.2,5.0745605,6.0
1.625,0.4625,37.42134,9.0
1.575,0.375,32.95629375,10.0
1.7125,0.425,48.5059945,11.0
1.4125,0.325,26.09571475,9.0
1.525,0.375,24.81998725,8.0
1.3,0.3375,15.4504775,9.0
1.15,0.3625,12.47378,10.0
1.4375,0.375,31.6096925,9.0
0.9625,0.225,7.44174375,8.0
1.55,0.5,34.06192425,13.0
0.7,0.175,3.24601775,5.0
0.825,0.2125,5.2446575,5.0
1.4875,0.375,32.13415825,10.0
1.5,0.325,26.988724,11.0
1.4375,0.3375,27.4139665,11.0
1.35,0.3875,19.83047525,10.0
1.3375,0.3375,22.75047375,19.0
1.1875,0.25,15.83319575,7.0
1.475,0.375,27.1871705,11.0
1.5375,0.4375,36.3724085,17.0
1.6625,0.375,39.41997975,13.0
1.4625,0.35,27.839209,9.0
1.5,0.425,32.33260475,7.0
1.525,0.4125,28.4912475,11.0
1.625,0.5,39.8877465,10.0
1.5,0.4,33.8776525,10.0
1.45,0.4125,26.308336,9.0
0.5875,0.1375,2.0128145,5.0
0.6375,0.15,2.0695135,5.0
1.5875,0.4,36.85435,10.0
1.075,0.2625,10.21999475,9.0
1.425,0.325,23.586784,15.0
1.4375,0.3625,22.75047375,9.0
0.925,0.25,7.10154975,6.0
1.3125,0.3,15.43630275,8.0
1.3,0.3125,19.37688325,8.0
1.55,0.3875,30.03629525,9.0
1.125,0.3125,13.56523575,8.0
1.375,0.325,19.57532975,11.0
1.5125,0.4375,33.72173025,14.0
1.45,0.4125,25.69882175,11.0
1.0375,0.225,8.901743,7.0
1.1625,0.2625,12.09106175,8.0
1.1,0.3125,11.80756675,9.0
1.45,0.375,27.839209,9.0
0.725,0.15,3.5436875,5.0
1.525,0.375,29.256684,8.0
0.825,0.225,5.556502,5.0
0.9,0.2375,6.47786075,7.0
1.4875,0.4125,32.205032,10.0
1.65,0.4875,47.86813075,12.0
1.0,0.275,9.07184,7.0
1.225,0.325,16.40018575,14.0
1.3625,0.375,23.11901725,15.0
1.1375,0.275,12.984071,9.0
1.5125,0.4125,31.2694985,15.0
1.4,0.3625,24.6357155,10.0
0.875,0.2125,5.556502,7.0
1.125,0.3,11.5949455,9.0
1.6375,0.4375,38.90968875,9.0
0.9125,0.2125,6.180191,6.0
1.5625,0.375,36.1456125,9.0
1.65,0.475,43.6298805,19.0
1.225,0.3125,17.90270925,7.0
1.175,0.3125,15.49300175,9.0
1.125,0.3,16.3576615,8.0
0.675,0.125,2.8632995,3.0
1.8,0.5375,60.6962795,17.0
1.2875,0.3625,19.43358225,10.0
1.45,0.375,25.52872475,9.0
0.9,0.2125,6.05261825,7.0
1.55,0.3875,29.0582375,12.0
0.875,0.225,5.556502,5.0
1.6125,0.4625,37.0527965,10.0
1.375,0.3875,24.5790165,18.0
1.3125,0.35,20.97863,11.0
1.525,0.425,32.6869735,11.0
1.1,0.275,12.74310025,10.0
1.425,0.3625,21.4605715,9.0
0.6375,0.1375,3.4302895,5.0
1.5,0.4125,29.993771,15.0
1.375,0.325,18.55474775,11.0
1.6625,0.475,47.513762,10.0
1.1625,0.25,15.195332,7.0
1.55,0.4,34.23202125,10.0
1.25,0.3,21.8007655,8.0
1.425,0.3625,23.48756075,10.0
1.5625,0.4375,39.76017375,10.0
1.3625,0.425,22.5378525,11.0
1.4,0.35,26.138239,9.0
1.4875,0.4125,34.6147395,10.0
1.85,0.5375,70.96638775,14.0
1.4,0.4,26.705229,9.0
1.425,0.375,24.7491135,10.0
1.575,0.375,30.63163475,16.0
1.2125,0.2875,15.71979775,10.0
1.55,0.375,31.79396425,10.0
1.0125,0.2625,9.355335,8.0
1.3125,0.35,18.01610725,8.0
1.0375,0.25,10.3475675,7.0
1.35,0.35,22.52367775,8.0
1.35,0.325,18.5689225,10.0
0.6875,0.1625,2.0695135,10.0
1.0125,0.25,10.95708175,7.0
1.5,0.4125,31.99241075,11.0
1.45,0.4125,32.6302745,9.0
1.575,0.375,36.3157095,9.0
1.2625,0.2625,15.66309875,8.0
1.0375,0.25,10.149121,7.0
1.4125,0.375,25.27357925,11.0
1.525,0.4,29.937072,10.0
1.7875,0.475,50.8306535,12.0
0.8,0.2375,4.80524025,5.0
0.825,0.225,6.577084,7.0
1.5,0.375,32.13415825,13.0
1.5375,0.3875,29.72445075,11.0
1.3375,0.2875,26.46425825,9.0
1.6625,0.475,40.83745475,15.0
0.8125,0.2125,4.932813,5.0
1.4,0.4,26.01066625,14.0
1.2625,0.3125,17.4349425,9.0
1.5875,0.4375,33.26813825,12.0
1.1375,0.25,10.30504325,7.0
1.225,0.3125,17.860185,14.0
1.225,0.3375,17.463292,8.0
1.15,0.275,11.89261525,9.0
0.7125,0.175,3.16096925,5.0
0.9125,0.225,6.13766675,6.0
1.0875,0.2625,11.09882925,7.0
1.625,0.4,36.570855,13.0
1.25,0.35,17.7184375,12.0
0.8,0.1875,4.72019175,7.0
1.6125,0.4625,36.95357325,20.0
1.25,0.375,20.25571775,8.0
1.45,0.3125,28.7747425,8.0
0.65,0.1625,2.438057,8.0
1.325,0.3625,23.65765775,10.0
1.475,0.4125,27.69610125,9.0
1.3125,0.4,20.0430965,10.0
1.175,0.35,14.44407025,8.0
1.6125,0.4125,29.3417325,11.0
1.425,0.3875,23.88756825,9.0
0.925,0.2625,6.53455975,6.0
1.5875,0.4875,35.3518265,13.0
1.4125,0.3125,23.40251225,11.0
1.4875,0.425,33.38153625,14.0
1.4875,0.375,30.4190135,11.0
1.5125,0.4625,32.95629375,11.0
1.0875,0.3,11.7083435,7.0
1.675,0.475,45.68521925,10.0
1.3125,0.325,20.36911575,9.0
1.4875,0.3625,25.92561775,8.0
1.35,0.35,24.73493875,14.0
0.9375,0.2875,7.9095105,7.0
1.525,0.4,34.23202125,10.0
1.45,0.4125,24.6924145,12.0
1.225,0.3,15.2236815,8.0
0.9375,0.225,7.52679225,7.0
1.775,0.4875,47.18774275,11.0
1.1,0.2625,10.7444605,7.0
1.5,0.425,30.6458095,9.0
1.15,0.275,11.60912025,7.0
1.375,0.3625,26.2799865,8.0
1.5125,0.4,31.127751,9.0
1.475,0.3625,24.153774,19.0
1.3625,0.2625,19.80212575,8.0
1.525,0.475,38.328524,16.0
1.4,0.4,26.7335785,13.0
1.75,0.5,49.85259575,20.0
0.9,0.2,6.7755305,6.0
1.45,0.4,31.75144,13.0
1.3625,0.375,22.75047375,10.0
1.225,0.3125,14.2030995,9.0
1.175,0.3,12.51630425,10.0
1.55,0.425,28.973189,9.0
1.4875,0.3625,28.02348075,10.0
0.9125,0.2,6.2652395,6.0
0.4,0.1,0.66621325,4.0
0.9,0.225,4.6209685,7.0
0.7375,0.1875,3.64291075,5.0
1.1,0.2875,10.77281,7.0
1.2,0.2625,15.66309875,8.0
1.4375,0.375,31.22697425,10.0
1.4875,0.4,30.51823675,9.0
1.05,0.25,9.19941275,7.0
1.475,0.3625,24.73493875,12.0
0.675,0.175,2.31048425,5.0
1.7,0.5125,45.7277435,13.0
1.2875,0.3375,19.17843675,10.0
1.45,0.35,27.895908,10.0
1.4625,0.3375,23.0481435,9.0
1.375,0.4125,25.8830935,11.0
1.575,0.4125,33.92017675,8.0
0.9125,0.2125,6.30776375,9.0
0.775,0.2125,3.6003865,8.0
1.375,0.3125,16.896302,8.0
1.5,0.4375,32.431828,13.0
1.425,0.375,26.09571475,11.0
1.5875,0.5,39.405805,14.0
1.05,0.2875,10.9712565,7.0
1.375,0.35,20.31241675,10.0
0.9,0.2375,5.65572525,8.0
1.3125,0.4,27.499015,9.0
0.9,0.25,6.30776375,7.0
1.75,0.475,49.90929475,12.0
1.325,0.3375,17.33571925,10.0
1.25,0.35,20.48251375,10.0
1.5375,0.4,31.51046925,13.0
1.6125,0.425,37.42134,12.0
1.4375,0.375,26.2799865,10.0
1.2375,0.3625,17.4916415,9.0
1.4375,0.375,25.95396725,9.0
1.725,0.5125,50.70308075,13.0
0.8375,0.225,5.03203625,10.0
1.55,0.425,44.80638475,11.0
0.8875,0.2125,5.6415505,8.0
1.125,0.2875,11.9351395,8.0
0.7375,0.175,2.721552,6.0
1.4375,0.375,26.46425825,9.0
1.275,0.2875,17.7184375,7.0
1.2625,0.3125,17.95940825,9.0
1.3125,0.35,17.84601025,9.0
1.6125,0.4,37.1094955,8.0
1.475,0.35,28.19357775,8.0
1.6125,0.4,31.70891575,11.0
1.4625,0.375,27.148821,14.0
0.8875,0.225,5.06038575,7.0
0.8875,0.225,8.561549,7.0
1.4375,0.3625,24.323871,9.0
1.3875,0.325,20.14231975,8.0
1.4,0.3375,28.22192725,15.0
1.5375,0.475,37.32211675,11.0
1.025,0.2625,10.44679075,5.0
1.225,0.325,15.8473705,8.0
1.5375,0.4375,29.9654215,10.0
1.05,0.2875,12.68640125,9.0
1.5875,0.4125,35.81959325,10.0
1.3875,0.25,19.74542675,9.0
1.325,0.325,20.468339,13.0
1.6625,0.425,42.410852,10.0
1.0125,0.25,8.51902475,7.0
0.725,0.2,3.41611475,6.0
1.5625,0.4125,31.9498865,18.0
1.2375,0.3125,13.39513875,9.0
1.6625,0.4125,38.51279575,8.0
1.45,0.3875,26.10571925,12.0
1.3,0.3,17.36406875,9.0
1.65,0.4125,36.55668025,10.0
1.575,0.375,32.16250775,8.0
1.6125,0.475,39.81687275,9.0
1.5625,0.4375,37.137845,19.0
1.2125,0.3625,19.06503875,10.0
1.5625,0.45,38.93803825,10.0
1.25,0.3,14.07552675,9.0
1.4125,0.3625,24.8058125,8.0
1.75,0.45,53.68600725,11.0
1.6,0.4125,41.80133775,10.0
0.875,0.225,3.64291075,5.0
1.3,0.3,16.85377775,8.0
1.4375,0.4125,22.29688175,9.0
1.375,0.3875,23.81358,15.0
1.5625,0.4625,27.499015,12.0
1.55,0.4,35.6920205,11.0
0.925,0.25,7.087375,6.0
1.0375,0.2375,8.17883075,7.0
1.675,0.4875,44.80638475,11.0
1.275,0.3625,17.916884,8.0
1.2,0.3125,16.91047675,10.0
1.45,0.3625,26.29416125,10.0
1.125,0.2625,11.66581925,9.0
1.6,0.5,39.349106,15.0
1.3125,0.3375,18.24290325,10.0
1.0875,0.2625,12.190285,6.0
1.6125,0.4,31.96406125,11.0
1.3625,0.3625,32.36095425,8.0
1.1125,0.275,11.169703,7.0
1.3625,0.375,25.911443,11.0
1.475,0.375,29.21415975,9.0
1.4375,0.425,27.08794725,14.0
0.8875,0.2125,6.7188315,6.0
1.1875,0.3125,16.31513725,7.0
1.5375,0.35,30.43318825,10.0
1.1875,0.2875,13.8062065,8.0
1.3125,0.3125,18.24290325,10.0
1.45,0.35,24.323871,9.0
1.6375,0.4625,43.7999775,9.0
1.4,0.4,27.499015,15.0
0.925,0.225,5.3013565,6.0
0.75,0.2,3.55786225,5.0
1.5,0.4,30.03629525,16.0
1.1625,0.3125,13.79203175,11.0
1.125,0.2625,12.303683,7.0
1.25,0.2875,15.06775925,7.0
1.475,0.45,30.1922175,10.0
1.5625,0.4125,38.00250475,10.0
1.2875,0.3125,17.08057375,8.0
0.8375,0.225,5.10291,5.0
1.375,0.375,22.72212425,10.0
1.4625,0.4625,27.03124825,13.0
1.45,0.375,26.08154,10.0
1.2625,0.3,26.308336,8.0
1.4,0.325,23.28911425,8.0
1.7,0.475,45.7277435,12.0
1.7375,0.475,51.24172125,12.0
1.525,0.4,34.7848365,15.0
1.65,0.425,40.5836695,11.0
1.35,0.35,20.41164,10.0
1.6875,0.4375,46.776675,12.0
1.4125,0.425,26.1665885,17.0
1.25,0.3375,16.51358375,8.0
1.6375,0.45,39.405805,10.0
1.275,0.325,16.40018575,11.0
1.6125,0.4625,41.730464,12.0
1.1875,0.425,14.81261375,14.0
1.5875,0.5125,38.96638775,18.0
1.75,0.5125,41.80133775,10.0
1.325,0.4,27.78251,17.0
1.2875,0.3125,15.8473705,8.0
0.75,0.1875,3.4302895,5.0
0.8375,0.175,5.2446575,9.0
0.8125,0.2,4.706017,5.0
1.6125,0.4125,35.0116325,12.0
1.175,0.3,13.62193475,8.0
1.4,0.4375,24.76328825,12.0
0.875,0.2125,5.0745605,7.0
1.675,0.4875,45.5576465,10.0
1.525,0.3875,29.2283345,11.0
1.625,0.425,36.4291075,10.0
1.6125,0.4875,40.83745475,15.0
1.575,0.4,37.874932,11.0
0.4625,0.1125,0.907184,5.0
1.0,0.225,9.979024,7.0
0.9625,0.225,6.7755305,7.0
1.1375,0.35,15.66309875,9.0
1.425,0.425,24.56484175,15.0
1.2125,0.3125,16.85377775,10.0
1.65,0.5,44.9906565,12.0
1.35,0.35,22.75047375,10.0
1.15,0.2625,12.60135275,7.0
0.825,0.1875,4.3941725,7.0
0.975,0.2125,7.0023265,6.0
1.4125,0.3625,24.38057,9.0
1.45,0.35,26.64853,10.0
0.8375,0.2125,5.2446575,6.0
1.5125,0.3875,28.22192725,9.0
0.9625,0.3,10.73028575,6.0
1.375,0.3375,22.66542525,8.0
1.3,0.3125,16.51358375,7.0
1.2,0.275,14.004653,8.0
0.8,0.2,4.86193925,6.0
1.475,0.5,35.81959325,20.0
1.075,0.2875,10.886208,16.0
1.325,0.3375,21.885814,9.0
1.4375,0.375,27.8108595,14.0
1.425,0.3875,23.3883375,8.0
1.5875,0.45,33.6508565,18.0
1.575,0.425,36.457457,11.0
1.0,0.2875,9.185238,10.0
0.925,0.25,6.30776375,7.0
1.175,0.2625,13.99047825,9.0
1.5375,0.4375,29.1149365,10.0
1.0,0.25,9.525432,7.0
1.5875,0.3875,32.16250775,10.0
1.375,0.3625,22.58037675,11.0
1.3125,0.35,21.035329,10.0
1.5375,0.375,27.08794725,16.0
0.625,0.15,2.16873675,5.0
1.6125,0.4,34.699788,10.0
1.5625,0.4125,33.5374585,10.0
0.7875,0.225,3.64291075,6.0
0.9625,0.2125,7.9095105,6.0
1.3875,0.375,24.720764,10.0
1.0875,0.275,11.5382465,7.0
1.4875,0.375,26.26581175,8.0
1.0625,0.275,8.77417025,7.0
1.7,0.4375,42.297454,11.0
0.8,0.2,4.86193925,7.0
1.6,0.4125,34.6147395,13.0
1.5,0.3875,36.627554,16.0
0.6125,0.1625,1.80019325,5.0
1.5,0.4,31.2694985,8.0
1.25,0.3375,17.463292,8.0
0.6375,0.15,2.48058125,9.0
1.575,0.425,34.7848365,20.0
0.9375,0.2,6.13766675,6.0
1.1875,0.2625,11.5949455,7.0
1.4875,0.425,33.622507,17.0
1.525,0.475,36.95357325,20.0
1.5,0.4,29.5685285,12.0
1.5125,0.4,32.16250775,10.0
1.3,0.375,22.4244545,9.0
1.3375,0.4125,20.87940675,17.0
1.2375,0.3125,13.5794105,8.0
1.45,0.3625,26.32251075,10.0
1.075,0.275,10.886208,9.0
1.3,0.3875,21.1203775,13.0
1.425,0.4,25.41532675,12.0
1.125,0.275,10.7444605,7.0
0.925,0.275,6.8889285,7.0
0.4625,0.1,0.89300925,5.0
1.55,0.3625,29.2283345,9.0
1.475,0.3625,26.26581175,12.0
0.75,0.1875,3.92640575,5.0
1.15,0.325,14.2030995,8.0
0.675,0.15,3.005047,5.0
0.975,0.2875,8.17883075,7.0
1.4125,0.3875,29.8520235,13.0
1.1625,0.2625,13.3526145,9.0
1.375,0.325,22.2543575,9.0
1.4375,0.3375,27.76833525,9.0
1.425,0.4125,25.98231675,11.0
1.25,0.3125,15.35125425,7.0
0.9625,0.225,7.1724235,6.0
1.5,0.425,31.581343,10.0
1.2625,0.2875,14.004653,8.0
1.4625,0.35,23.57260925,10.0
0.7,0.1875,3.6003865,7.0
1.55,0.3875,35.76289425,10.0
1.5625,0.375,25.58542375,9.0
1.15,0.275,12.47378,7.0
0.85,0.225,5.54232725,8.0
1.2625,0.3,17.19397175,9.0
1.3875,0.4125,23.700182,17.0
1.55,0.4375,32.545226,10.0
0.85,0.1875,5.0745605,6.0
1.775,0.5125,50.53298375,11.0
0.5875,0.15,1.644271,6.0
1.4875,0.4125,28.519597,10.0
1.5,0.3875,31.96406125,9.0
1.575,0.4125,32.205032,11.0
0.8625,0.2,5.59902625,6.0
0.9625,0.25,8.09378225,8.0
1.5875,0.375,36.38658325,9.0
1.4875,0.4625,31.241149,10.0
1.225,0.325,17.08057375,8.0
1.225,0.3125,14.911837,8.0
1.5875,0.475,36.570855,10.0
1.3,0.375,21.27629975,10.0
1.3125,0.4,26.138239,20.0
0.9625,0.2125,6.84640425,6.0
1.225,0.3,16.669506,10.0
1.175,0.35,15.43630275,9.0
1.1,0.275,11.5382465,11.0
1.8,0.5125,58.04560125,17.0
1.25,0.3125,18.5689225,9.0
1.6,0.4,35.50774875,12.0
1.8375,0.45,58.7685135,12.0
1.5625,0.4125,34.9549335,8.0
1.3875,0.4,23.60095875,9.0
0.9375,0.35,6.93145275,7.0
1.225,0.3125,16.2442635,9.0
1.5875,0.4375,36.81182575,10.0
1.225,0.3375,16.85377775,8.0
1.5375,0.3875,36.55668025,10.0
1.25,0.3,16.62698175,9.0
1.1375,0.2625,12.94154675,7.0
1.0875,0.25,9.4970825,7.0
0.925,0.1875,7.6260155,6.0
0.7875,0.2,3.7704835,6.0
1.6,0.4125,38.51279575,11.0
1.375,0.475,22.69377475,16.0
1.35,0.325,20.41164,9.0
1.2,0.3,14.5999925,7.0
1.25,0.325,17.08057375,8.0
1.125,0.25,11.89261525,7.0
1.6125,0.4625,36.457457,12.0
1.4,0.4,26.32251075,10.0
1.45,0.375,27.5840635,9.0
1.575,0.375,35.3518265,10.0
1.6125,0.475,41.8722115,11.0
1.5125,0.425,31.62386725,12.0
1.625,0.3875,36.55668025,14.0
1.2,0.3125,16.42853525,10.0
1.5875,0.375,35.87629225,11.0
1.125,0.2625,11.8217415,7.0
1.3875,0.3625,22.29688175,15.0
1.4125,0.3375,25.741346,9.0
0.8625,0.225,5.6699,7.0
1.6375,0.4625,36.7693015,20.0
1.275,0.3625,16.40018575,8.0
1.45,0.45,29.9654215,12.0
1.525,0.3875,31.56716825,9.0
1.5375,0.3875,30.43318825,10.0
0.6375,0.175,2.664853,6.0
1.4125,0.3125,23.65765775,10.0
0.925,0.2375,6.30776375,8.0
0.9375,0.225,6.44951125,7.0
1.2875,0.3375,17.44911725,9.0
0.725,0.1875,3.27436725,5.0
1.3125,0.4125,18.46969925,10.0
0.8375,0.1875,4.8477645,6.0
0.9,0.1625,4.876114,7.0
1.025,0.25,9.298636,8.0
0.925,0.2875,7.087375,7.0
1.4375,0.375,30.957654,9.0
0.325,0.0625,0.41106775,4.0
0.6875,0.1625,2.608154,10.0
1.2125,0.375,22.566202,18.0
1.475,0.3625,26.20911275,8.0
1.6,0.4625,37.194544,9.0
1.15,0.3,13.39513875,11.0
1.5375,0.4,34.79901125,11.0
1.5875,0.3875,31.6096925,11.0
1.5,0.4125,34.77066175,13.0
0.9875,0.2375,7.93786,7.0
1.5375,0.35,29.72445075,15.0
1.625,0.425,43.6298805,9.0
0.725,0.1625,3.005047,7.0
1.5375,0.4,35.02580725,11.0
1.6375,0.4375,36.7693015,10.0
0.9,0.225,5.556502,6.0
1.6,0.4375,42.354153,19.0
1.4125,0.3625,30.74503275,10.0
1.5375,0.4125,32.2900805,10.0
1.325,0.325,19.85882475,8.0
1.8375,0.5375,59.53395,13.0
0.9125,0.2125,6.70465675,5.0
1.4375,0.375,27.08794725,14.0
1.225,0.3125,17.84601025,8.0
0.5875,0.1,1.82854275,4.0
1.5,0.4,31.6096925,17.0
1.5125,0.4375,31.6096925,14.0
1.45,0.3625,24.323871,9.0
1.525,0.4,29.9654215,8.0
1.5625,0.4125,33.40988575,16.0
1.65,0.4375,44.57182125,12.0
1.45,0.3625,26.43590875,13.0
1.5625,0.5,37.42134,17.0
0.8,0.175,4.40834725,6.0
1.2,0.3125,16.9813505,8.0
1.0375,0.2625,10.0073735,6.0
0.875,0.2125,5.5848515,7.0
0.85,0.225,5.06038575,6.0
1.3625,0.3,17.57669,8.0
1.4375,0.3625,24.73493875,8.0
1.575,0.4375,32.02076025,9.0
1.5625,0.4125,33.26813825,20.0
1.5375,0.4125,29.97959625,10.0
1.6875,0.4625,39.3774555,10.0
1.55,0.4125,33.92017675,19.0
1.7375,0.4375,51.199197,12.0
1.425,0.3625,22.4811535,12.0
1.15,0.3,12.813974,8.0
1.575,0.4375,35.67784575,9.0
0.9875,0.25,7.98038425,8.0
1.475,0.3875,26.308336,9.0
1.5625,0.3625,31.411246,10.0
1.5125,0.4,32.2900805,15.0
1.275,0.3125,17.349894,9.0
1.6125,0.4375,37.03862175,10.0
1.1,0.225,9.73805325,7.0
1.25,0.275,14.5432935,8.0
1.3875,0.3875,25.69882175,10.0
1.225,0.3375,17.70426275,8.0
1.1,0.3,13.33843975,8.0
1.4625,0.4,29.48348,13.0
0.675,0.175,2.76407625,6.0
0.925,0.2125,5.613201,6.0
0.9625,0.25,8.40562675,6.0
0.7,0.175,3.005047,1.0
1.425,0.3875,24.9192105,11.0
1.525,0.4,29.3417325,12.0
0.9875,0.225,8.0796075,9.0
1.625,0.475,37.194544,11.0
1.25,0.3125,18.69649525,9.0
1.4875,0.4,30.05047,8.0
1.575,0.4375,35.25260325,10.0
1.55,0.4375,45.88366575,15.0
0.925,0.2,6.93145275,5.0
1.55,0.3875,32.4601775,9.0
1.725,0.5125,53.070264,10.0
0.775,0.2,3.9405805,4.0
1.3125,0.325,18.75319425,8.0
1.2125,0.325,16.11669075,16.0
0.825,0.225,4.819415,6.0
1.325,0.325,21.829115,9.0
1.425,0.4,27.725811,13.0
0.6875,0.2,2.381358,5.0
1.325,0.3625,21.21960075,13.0
1.0,0.225,7.55514175,7.0
1.2875,0.3125,18.71067,8.0
1.5625,0.45,32.715323,13.0
1.5125,0.4375,29.95124675,12.0
0.5,0.1125,1.20485375,4.0
1.55,0.35,31.014353,10.0
1.3125,0.375,20.3265915,13.0
1.7125,0.4375,56.9541455,11.0
0.775,0.1875,3.3168915,7.0
1.1,0.2625,10.3475675,7.0
0.825,0.225,4.6209685,6.0
1.4125,0.35,22.736299,11.0
1.6375,0.4375,40.9083285,11.0
1.1125,0.3,11.509897,6.0
1.0125,0.275,8.15048125,7.0
1.3,0.3125,18.83824275,15.0
1.45,0.375,27.21552,11.0
1.4,0.3875,24.99008425,12.0
1.325,0.325,20.3265915,9.0
0.9375,0.25,7.10154975,15.0
1.5125,0.4125,33.46658475,24.0
1.4375,0.3875,22.792998,9.0
1.45,0.375,28.292801,10.0
0.9875,0.225,7.72523875,7.0
1.65,0.425,39.745999,12.0
1.2,0.3125,16.42853525,9.0
1.0875,0.275,9.8939755,8.0
1.5625,0.425,35.3518265,11.0
1.2625,0.325,18.46969925,10.0
0.725,0.1625,2.76407625,6.0
0.4375,0.1375,0.89300925,4.0
1.575,0.4,36.27318525,9.0
1.0125,0.275,8.15048125,10.0
1.4875,0.4625,32.33260475,10.0
0.8125,0.1875,4.422522,6.0
1.65,0.4375,36.7693015,14.0
1.425,0.4125,24.59319125,10.0
1.5625,0.425,30.43318825,8.0
1.025,0.25,9.19941275,7.0
1.45,0.375,26.26581175,8.0
1.6125,0.475,42.2124055,12.0
1.4375,0.375,29.5685285,8.0
0.8625,0.2,4.422522,6.0
1.7375,0.4875,45.529297,13.0
1.2625,0.3125,15.6205745,9.0
1.0,0.2875,8.9300925,9.0
1.5125,0.4,27.91008275,10.0
1.0625,0.25,12.757275,7.0
1.2,0.35,17.7184375,8.0
1.025,0.225,9.4970825,6.0
1.5625,0.4375,35.62114675,9.0
0.45,0.1,0.907184,5.0
1.575,0.425,34.699788,11.0
1.4125,0.4375,25.98231675,14.0
1.3,0.375,24.81998725,8.0
0.9625,0.225,6.64795775,6.0
1.3,0.3125,18.71067,9.0
1.475,0.375,28.2644515,15.0
1.45,0.35,23.85610425,9.0
1.1125,0.275,12.99824575,8.0
1.45,0.425,24.42309425,9.0
1.1625,0.3125,13.947954,7.0
1.5,0.375,29.83784875,9.0
1.1375,0.3125,15.87572,10.0
1.325,0.325,22.1976585,14.0
1.3,0.3125,20.241543,8.0
1.2,0.2875,15.80484625,9.0
1.5,0.3625,23.019794,9.0
0.85,0.225,5.613201,6.0
1.175,0.3125,15.20950675,8.0
1.4875,0.425,38.03085425,13.0
1.375,0.3625,22.75047375,8.0
1.325,0.3625,24.720764,9.0
1.7625,0.375,47.95317925,14.0
1.5125,0.3875,32.16250775,9.0
1.425,0.35,26.2799865,11.0
1.525,0.375,31.127751,9.0
1.525,0.3875,31.68056625,10.0
0.775,0.1625,4.932813,5.0
0.7375,0.175,3.572037,5.0
1.475,0.425,30.03629525,17.0
1.425,0.3875,27.78251,9.0
1.625,0.3875,32.98464325,9.0
1.625,0.475,34.8415355,11.0
1.6125,0.4625,43.95589975,11.0
0.7375,0.1875,3.64291075,5.0
0.8875,0.25,6.33611325,6.0
1.7,0.45,49.34230475,10.0
1.6125,0.4,37.42134,10.0
1.5625,0.4125,38.55532,11.0
1.2,0.3125,16.896302,8.0
1.25,0.3375,16.4143605,10.0
1.5,0.3625,24.777463,9.0
1.5875,0.3875,36.55668025,12.0
1.375,0.375,24.76328825,8.0
1.1,0.275,11.94931425,7.0
1.2,0.2875,15.6205745,9.0
1.1625,0.3,14.8267885,7.0
1.675,0.4375,44.9906565,13.0
1.4875,0.4,24.153774,16.0
1.3875,0.3625,23.94115275,8.0
1.3125,0.375,22.66542525,12.0
1.6375,0.475,42.2124055,17.0
1.15,0.35,14.855138,10.0
1.3375,0.325,20.19901875,22.0
1.5,0.4,32.375129,10.0
1.2625,0.2625,16.9246515,13.0
0.7125,0.15,2.65067825,5.0
1.475,0.4,26.63435525,11.0
1.25,0.3125,14.44407025,9.0
1.4875,0.3875,30.09299425,9.0
0.975,0.25,8.50485,7.0
1.6125,0.475,38.838815,13.0
0.6625,0.175,2.26796,5.0
1.6875,0.4375,44.43784125,10.0
0.9625,0.2625,7.0590255,11.0
1.15,0.3,13.8062065,7.0
1.55,0.425,41.503668,11.0
0.9125,0.225,5.82582225,7.0
1.4875,0.35,27.4139665,8.0
1.6875,0.4125,37.9032815,10.0
1.5875,0.4625,41.4753185,11.0
1.6125,0.4,34.31706975,12.0
1.4125,0.425,24.4656185,9.0
0.775,0.1875,3.96893,8.0
1.4875,0.4,29.9654215,11.0
1.0375,0.275,9.02931575,8.0
1.2625,0.375,19.37688325,11.0
1.6125,0.4125,39.3774555,13.0
0.8875,0.225,5.68407475,6.0
1.425,0.3875,24.99008425,15.0
1.4875,0.3875,38.00250475,15.0
1.2375,0.35,16.25843825,10.0
1.25,0.325,17.42076775,9.0
1.45,0.375,26.421734,11.0
1.0625,0.25,10.21999475,7.0
1.2375,0.325,16.51358375,9.0
1.3,0.3125,18.58309725,8.0
1.5,0.4125,29.937072,11.0
1.4625,0.3625,25.684647,13.0
0.9625,0.2125,7.49844275,7.0
1.0125,0.25,8.6465975,7.0
1.325,0.3125,18.030282,12.0
1.375,0.325,23.11901725,8.0
1.0875,0.275,9.19941275,8.0
1.0625,0.2375,8.66077225,7.0
1.1875,0.375,16.99552525,8.0
0.8375,0.225,5.74077375,7.0
1.2125,0.2875,18.4555245,8.0
1.5375,0.475,36.55668025,14.0
1.45,0.4125,26.138239,21.0
1.4375,0.4,25.2027055,11.0
1.475,0.4375,26.2232875,17.0
1.1375,0.3375,14.07552675,9.0
1.3375,0.3625,23.6151335,12.0
1.225,0.3125,16.9813505,10.0
1.45,0.375,25.117657,10.0
1.2875,0.3625,16.839603,15.0
1.375,0.4375,28.179403,19.0
1.175,0.35,12.984071,9.0
1.375,0.3125,24.664065,9.0
1.55,0.475,37.77570875,10.0
1.525,0.4,30.03629525,8.0
1.2875,0.3,18.4555245,11.0
1.0875,0.3,10.81533425,9.0
1.1375,0.3125,14.44407025,12.0
1.55,0.4125,32.5168765,15.0
1.4,0.35,25.44367625,8.0
1.25,0.3375,16.54193325,8.0
1.3375,0.35,24.323871,15.0
1.4875,0.3875,31.18445,10.0
1.2,0.3,14.5432935,8.0
1.2,0.35,14.0330025,9.0
1.175,0.3125,15.2236815,9.0
1.5375,0.45,31.99241075,17.0
1.6625,0.475,45.74191825,14.0
1.1375,0.275,12.68640125,9.0
1.5125,0.4375,32.78619675,10.0
1.45,0.4375,27.9242575,8.0
1.4375,0.3625,28.98736375,10.0
1.3125,0.3,15.91824425,9.0
1.6,0.4875,38.68289275,23.0
1.1625,0.275,12.99824575,8.0
1.425,0.4,28.0943545,10.0
1.5625,0.425,32.16250775,19.0
1.675,0.475,41.91473575,10.0
0.8875,0.2125,6.23689,7.0
1.4125,0.3875,20.638436,8.0
1.3375,0.3375,22.41027975,14.0
1.5375,0.475,29.27085875,13.0
1.5125,0.425,31.56716825,14.0
1.3,0.3125,13.04077,8.0
0.8125,0.2,4.2807745,6.0
1.4375,0.35,26.18076325,10.0
1.2875,0.325,19.4194075,14.0
1.6,0.4375,37.74735925,10.0
1.5125,0.375,28.689694,10.0
1.5,0.3875,32.034935,9.0
0.7,0.1875,3.21766825,6.0
1.425,0.3875,26.52095725,15.0
1.4,0.4125,29.1149365,20.0
1.55,0.375,32.16250775,9.0
1.3125,0.3375,21.0069795,8.0
1.6125,0.425,41.80133775,10.0
1.3375,0.4375,23.85610425,15.0
1.525,0.3875,26.705229,12.0
0.8,0.1875,4.80524025,7.0
1.55,0.4375,34.23202125,13.0
1.5375,0.375,29.01571325,10.0
1.6625,0.5,47.513762,22.0
0.425,0.125,0.66621325,5.0
1.5875,0.45,35.3518265,10.0
1.4875,0.425,31.70891575,12.0
1.5875,0.425,31.22697425,10.0
1.45,0.3375,22.80717275,9.0
1.6125,0.475,37.1094955,18.0
1.5125,0.3875,25.27357925,10.0
1.7,0.475,50.972401,11.0
0.7375,0.2375,3.55786225,6.0
1.4875,0.375,31.56716825,15.0
1.5125,0.375,32.72949775,10.0
1.2125,0.3875,18.597272,18.0
0.775,0.1875,4.2807745,7.0
1.4125,0.325,20.2698925,8.0
0.8125,0.2125,5.06038575,6.0
0.6875,0.1875,3.572037,5.0
1.1625,0.3125,11.94931425,8.0
1.475,0.4125,32.16250775,11.0
1.275,0.4,19.901349,9.0
1.3375,0.3875,22.01338675,19.0
1.225,0.3,12.2753335,10.0
1.3625,0.4,27.612413,10.0
1.2125,0.3125,15.365429,10.0
1.575,0.35,36.61337925,14.0
0.9375,0.2,6.33611325,7.0
1.5625,0.45,34.60056475,11.0
1.6,0.475,42.297454,15.0
0.9,0.2,6.13766675,6.0
1.1,0.325,11.89261525,7.0
1.4125,0.3625,25.27357925,8.0
1.6375,0.5125,49.5265765,15.0
1.1875,0.3,16.896302,9.0
1.375,0.35,18.653971,8.0
0.925,0.225,5.556502,7.0
1.575,0.425,36.570855,11.0
1.525,0.4125,31.19862475,10.0
1.45,0.325,24.1821235,10.0
0.8125,0.2125,5.06038575,6.0
0.7,0.1625,2.721552,6.0
1.1625,0.2625,12.65805175,8.0
1.2625,0.3375,17.4349425,10.0
1.4875,0.375,31.19862475,10.0
1.525,0.375,31.6096925,9.0
1.55,0.3875,38.6403685,12.0
1.55,0.4375,32.16250775,16.0
1.5125,0.4,30.900955,11.0
0.825,0.2375,6.7188315,6.0
1.0875,0.275,10.6877615,8.0
1.0875,0.3125,9.73805325,9.0
1.6125,0.425,38.782116,10.0
1.55,0.4875,39.70347475,20.0
0.875,0.2625,8.15048125,7.0
1.275,0.2625,18.5122235,8.0
1.25,0.3,15.43630275,8.0
1.625,0.5125,42.354153,15.0
1.7375,0.5375,49.2430815,11.0
0.7,0.1875,3.30271675,6.0
0.5625,0.1375,1.80019325,5.0
1.0375,0.25,8.40562675,8.0
1.125,0.2875,11.55242125,12.0
1.4,0.25,18.9091165,8.0
1.6,0.425,39.807745,11.0
1.375,0.3375,22.1976585,9.0
1.5625,0.4375,32.98464325,15.0
1.025,0.25,10.24834425,7.0
0.925,0.2625,6.08096775,6.0
1.5,0.375,32.16250775,8.0
1.6125,0.4125,38.68289275,11.0
1.2625,0.325,18.24290325,8.0
1.4375,0.3375,28.64716975,11.0
1.425,0.425,25.16018125,10.0
1.55,0.35,31.14192575,11.0
1.5125,0.5125,32.10580875,14.0
1.4125,0.4,25.4295015,9.0
1.3125,0.3125,20.97863,8.0
1.3125,0.3375,20.76600875,9.0
1.325,0.425,24.38057,21.0
1.1875,0.3125,13.210867,9.0
1.575,0.45,33.0838665,11.0
1.6125,0.4,41.97143475,13.0
1.15,0.275,11.77921725,11.0
1.4,0.325,19.97222275,8.0
1.5625,0.4125,37.0527965,11.0
1.7875,0.4375,53.6089045,10.0
1.45,0.4375,31.59551775,16.0
1.45,0.4,24.79163775,8.0
1.0375,0.25,10.886208,7.0
1.0625,0.25,10.44679075,7.0
1.15,0.275,11.15552825,7.0
1.4375,0.4,26.535132,13.0
1.45,0.375,25.58542375,9.0
1.5875,0.5125,43.1762885,17.0
1.225,0.35,19.17843675,9.0
1.6,0.425,34.58639,11.0
0.45,0.1,0.7654365,5.0
1.55,0.3875,31.51046925,10.0
1.6125,0.425,38.82464025,16.0
1.55,0.4375,36.55668025,9.0
0.95,0.25,7.9095105,6.0
1.45,0.3625,30.1922175,11.0
0.8125,0.2125,4.32329875,6.0
1.5,0.375,32.715323,11.0
1.3375,0.3375,23.51591025,11.0
0.825,0.175,4.6209685,5.0
1.825,0.5375,49.90929475,11.0
1.3375,0.325,20.70930975,8.0
1.4,0.4375,25.0326085,11.0
1.55,0.375,32.16250775,14.0
1.2875,0.3125,17.0380495,9.0
0.9125,0.2875,7.52679225,8.0
1.425,0.425,22.75047375,9.0
0.9125,0.2375,6.56290925,10.0
1.2,0.3375,17.36406875,8.0
1.45,0.3875,28.76056775,11.0
1.45,0.35,27.45649075,13.0
0.925,0.225,7.994559,6.0
1.475,0.4,25.0326085,8.0
1.0875,0.3125,11.94931425,14.0
1.525,0.375,33.18308975,9.0
1.225,0.3375,16.82542825,9.0
1.3,0.35,20.184844,11.0
1.45,0.3375,28.64716975,9.0
1.25,0.325,20.184844,13.0
1.6375,0.4625,45.2741515,13.0
1.4125,0.4,23.88445375,9.0
1.525,0.375,29.41260625,9.0
1.6,0.4125,39.56172725,12.0
0.7625,0.2,3.6003865,6.0
1.1875,0.3,14.2030995,8.0
1.425,0.4,22.75047375,13.0
1.5625,0.3875,31.14192575,11.0
1.1625,0.3,14.5999925,9.0
1.5125,0.3875,29.63940225,11.0
1.1875,0.3,15.83319575,8.0
1.225,0.35,16.386011,8.0
0.9625,0.2375,9.128539,6.0
1.125,0.3,15.3937785,8.0
1.3875,0.35,20.41164,9.0
1.25,0.3375,16.2442635,10.0
1.25,0.3,15.80484625,9.0
1.55,0.5375,36.61337925,16.0
1.1375,0.275,10.41844125,8.0
1.5375,0.3125,29.24250925,8.0
1.35,0.3375,19.06503875,9.0
0.7625,0.2125,4.49339575,7.0
1.525,0.475,40.61065875,10.0
1.3875,0.35,19.7737763,8.0
1.1875,0.35,18.5689225,7.0
1.2625,0.3125,16.102516,8.0
1.575,0.375,34.37376875,9.0
1.35,0.3125,17.70426275,11.0
1.6375,0.5,46.67745175,11.0
1.55,0.375,31.2694985,12.0
1.125,0.2625,11.77921725,7.0
1.175,0.35,13.48018725,9.0
1.525,0.3875,31.808139,11.0
0.925,0.2,6.180191,6.0
1.0875,0.275,9.25611175,7.0
1.5,0.4,26.365035,18.0
1.3875,0.4,26.18076325,8.0
1.225,0.3125,16.9813505,9.0
1.475,0.3875,27.62658775,13.0
0.5125,0.1,1.304077,3.0
1.4625,0.375,27.68328675,17.0
1.6,0.375,38.9805625,11.0
1.2375,0.325,15.57805025,10.0
1.6125,0.425,36.7693015,10.0
1.25,0.3125,16.9813505,10.0
0.9375,0.2,6.90310325,7.0
1.1,0.3,12.74310025,8.0
1.1875,0.3125,15.365429,8.0
1.325,0.325,17.08057375,9.0
0.9375,0.25,8.66077225,10.0
1.2125,0.3,17.236496,8.0
0.775,0.1875,4.3941725,7.0
0.8375,0.2375,4.819415,12.0
1.5625,0.4625,32.13415825,16.0
0.9375,0.275,6.80388,6.0
1.1125,0.2625,10.41844125,5.0
1.475,0.3875,31.22697425,11.0
1.2125,0.3,14.81261375,9.0
1.625,0.5,41.23434775,20.0
1.2625,0.3375,16.5277585,8.0
1.425,0.3875,32.10580875,9.0
1.1,0.3,12.9557215,9.0
1.5125,0.3875,32.0065855,10.0
1.6625,0.4875,37.74735925,11.0
0.4375,0.0875,0.77961125,4.0
1.15,0.25,12.9557215,9.0
0.9375,0.225,6.747181,7.0
1.2,0.3,16.45688475,7.0
1.4,0.35,23.71435675,8.0
1.375,0.35,22.5378525,10.0
1.575,0.4375,33.849303,10.0
1.1875,0.3125,15.989118,8.0
1.625,0.425,36.967748,9.0
1.425,0.35,27.65493725,9.0
1.325,0.325,18.46969925,10.0
1.25,0.2625,15.71979775,8.0
1.5125,0.425,32.6302745,14.0
1.4875,0.4125,26.308336,10.0
1.1,0.2875,12.68640125,6.0
0.675,0.15,2.438057,5.0
1.6,0.4625,39.179009,11.0
1.6125,0.4,30.51823675,9.0
0.95,0.225,7.58349125,6.0
1.1875,0.3375,16.40018575,10.0
1.775,0.4875,50.8306535,10.0
1.1,0.35,14.968536,10.0
1.475,0.4125,30.8726055,11.0
1.425,0.3875,23.870279,9.0
0.925,0.225,7.18659825,7.0
1.375,0.35,17.95940825,9.0
1.7625,0.5125,58.6551155,10.0
1.1875,0.275,12.927372,9.0
1.5,0.375,26.3366855,8.0
1.1625,0.3,14.64251675,9.0
1.5125,0.3875,29.937072,15.0
1.2125,0.3125,13.267566,9.0
1.0,0.2625,8.901743,11.0
1.275,0.375,20.22736825,9.0
1.175,0.3,15.2803805,8.0
1.3625,0.3375,19.7737763,10.0
0.525,0.1375,1.31825175,4.0
1.425,0.3875,29.937072,10.0
1.35,0.3375,22.89222125,11.0
1.1125,0.275,12.99824575,8.0
1.575,0.425,40.9083285,12.0
1.2625,0.3625,18.75319425,14.0
1.375,0.35,22.6796,8.0
1.7625,0.4625,49.90929475,11.0
1.3875,0.4625,23.983677,10.0
1.15,0.2625,12.43125575,11.0
0.9,0.2,5.06038575,7.0
1.425,0.3875,23.6151335,13.0
1.2875,0.3875,20.921931,10.0
0.9875,0.25,7.2858215,12.0
0.9875,0.25,7.10154975,8.0
1.3625,0.35,24.6924145,8.0
1.0375,0.2625,9.412034,9.0
1.0875,0.2625,11.49572225,8.0
1.7,0.4625,45.982889,14.0
1.025,0.25,10.73028575,7.0
1.55,0.4375,33.5941575,9.0
1.5875,0.4125,34.5013415,9.0
1.3875,0.2875,22.9914445,8.0
1.5375,0.4125,27.612413,9.0
0.8125,0.1875,4.819415,7.0
1.0625,0.25,9.07184,7.0
1.6375,0.4375,38.4702715,11.0
1.3,0.3375,19.80212575,12.0
1.7125,0.5125,49.34230475,11.0
1.5,0.4375,31.241149,11.0
1.0875,0.3,13.8062065,7.0
1.3125,0.4125,23.99785175,19.0
1.2625,0.3125,17.4916415,8.0
1.5125,0.4125,28.81726675,10.0
1.425,0.4,28.36367475,11.0
1.5125,0.4125,31.56716825,10.0
1.1125,0.3125,12.54465375,7.0
1.225,0.3125,16.45688475,7.0
1.4875,0.375,28.81726675,21.0
1.5,0.4375,32.10580875,9.0
0.4,0.05,0.41106775,4.0
1.3,0.3,17.95940825,12.0
1.2625,0.35,19.80212575,9.0
1.525,0.425,31.5529935,11.0
1.425,0.35,27.499015,9.0
0.475,0.125,0.89300925,4.0
1.3875,0.3625,23.3883375,9.0
1.575,0.475,34.0477495,9.0
1.075,0.2875,10.886208,7.0
0.5,0.1375,1.09145575,5.0
1.575,0.45,40.78075575,22.0
1.6,0.4125,35.5786225,10.0
0.875,0.225,6.180191,7.0
1.6625,0.425,38.5836695,11.0
0.8625,0.2,6.95980225,10.0
1.3125,0.3375,19.1359125,9.0
1.3125,0.3125,19.74542675,9.0
1.4625,0.375,26.308336,12.0
1.2,0.3,14.72756525,9.0
1.3,0.3375,17.36406875,12.0
1.2125,0.325,16.71203025,9.0
0.95,0.25,8.107957,6.0
1.325,0.325,19.80212575,9.0
1.0,0.2625,9.25611175,9.0
1.425,0.3625,24.777463,13.0
1.4875,0.3625,27.839209,9.0
1.7,0.475,50.22113925,12.0
0.6875,0.15,2.76407625,6.0
1.3875,0.375,25.3728025,11.0
1.75,0.45,51.199197,13.0
1.4,0.35,26.7902775,11.0
1.25,0.35,17.95940825,13.0
1.4375,0.3125,21.87163925,11.0
1.0625,0.3,10.2908685,6.0
0.425,0.1,0.680388,5.0
1.5625,0.4375,38.00250475,10.0
0.95,0.225,7.95203475,8.0
1.425,0.35,22.89222125,8.0
1.3,0.375,27.71163625,13.0
0.9,0.2125,5.556502,8.0
1.525,0.4,30.43318825,13.0
1.0875,0.275,8.958442,9.0
0.9125,0.2375,5.5848515,6.0
1.6,0.45,48.931237,12.0
1.425,0.3875,26.138239,11.0
0.7,0.175,2.56562975,6.0
1.7,0.425,43.98424925,11.0
1.575,0.4125,37.98833,13.0
1.4875,0.3875,28.73221825,11.0
1.2125,0.3125,14.04717725,8.0
1.5625,0.3625,33.46658475,17.0
0.45,0.1,0.86465975,4.0
0.9,0.2125,6.30776375,12.0
1.6125,0.475,41.00755175,12.0
1.3625,0.375,23.88445375,10.0
1.325,0.3125,16.5844575,9.0
1.325,0.375,25.741346,10.0
1.5375,0.4,31.51046925,14.0
1.5125,0.4125,33.46658475,11.0
1.1125,0.3,11.169703,8.0
1.2125,0.3125,16.9246515,8.0
1.725,0.5125,43.828327,9.0
0.925,0.2125,6.577084,6.0
1.2625,0.325,15.762322,12.0
0.4625,0.1,0.7654365,4.0
0.6875,0.1625,2.82077525,6.0
1.425,0.3625,26.94619975,8.0
0.75,0.1875,3.6570855,7.0
1.1125,0.3,11.43902325,7.0
1.5125,0.35,27.8675585,8.0
1.7125,0.4375,41.23434775,11.0
1.525,0.4,33.849303,10.0
1.375,0.3625,21.72989175,13.0
1.075,0.2875,10.3475675,10.0
0.9,0.225,6.180191,8.0
1.3125,0.375,22.169309,9.0
1.175,0.275,15.37960375,9.0
1.6375,0.4,37.23706825,9.0
1.0375,0.25,9.93649975,14.0
1.125,0.2875,12.700576,8.0
1.2,0.325,14.5999925,11.0
1.5,0.3125,28.64716975,9.0
1.6,0.475,38.3001745,16.0
1.0125,0.2,9.6104805,7.0
1.0875,0.2875,12.48795475,10.0
1.3625,0.4,24.96173475,10.0
1.275,0.325,16.42853525,8.0
1.225,0.3,15.762322,13.0
1.6875,0.475,54.941331,10.0
1.0,0.25,9.19941275,8.0
1.35,0.35,19.43358225,8.0
1.5125,0.4125,31.2694985,16.0
1.6125,0.4875,36.7693015,16.0
1.25,0.3,14.968536,11.0
1.2625,0.35,15.74814725,9.0
1.0375,0.2625,8.40562675,7.0
1.4125,0.4,27.5840635,9.0
1.6625,0.475,40.483086,11.0
1.6125,0.45,44.79221,11.0
1.7375,0.5375,62.652395,22.0
1.2875,0.35,17.633389,8.0
1.075,0.25,10.3475675,7.0
1.4,0.375,26.988724,19.0
1.4625,0.4,26.138239,17.0
1.0125,0.25,11.169703,7.0
1.625,0.4875,48.477645,15.0
1.6125,0.4375,38.9805625,11.0
1.6,0.375,36.7693015,9.0
1.4,0.3625,23.09066775,11.0
0.9875,0.225,7.1157245,7.0
1.625,0.4125,45.68521925,10.0
0.825,0.225,5.10291,7.0
1.2625,0.3125,16.42853525,8.0
1.375,0.325,24.79163775,14.0
0.5,0.1375,1.54504775,5.0
1.425,0.3875,29.66775175,14.0
1.1,0.3,11.89261525,14.0
1.525,0.425,28.10852925,9.0
1.625,0.4375,37.32211675,10.0
1.425,0.35,26.251637,10.0
1.525,0.4125,30.0221205,15.0
1.3625,0.3125,16.42853525,8.0
1.8125,0.625,64.33919025,11.0
1.55,0.4375,34.3312445,9.0
1.4,0.35,25.741346,9.0
0.9,0.2125,5.45727875,9.0
1.05,0.2875,10.44679075,7.0
0.7875,0.2125,3.89805625,8.0
1.025,0.225,8.618248,7.0
1.5875,0.4375,31.22697425,15.0
1.5,0.375,29.18581025,9.0
1.25,0.3125,21.1203775,10.0
0.925,0.25,8.5331995,9.0
1.125,0.325,12.68640125,7.0
1.4875,0.45,35.05415675,10.0
1.575,0.4375,35.2384285,10.0
1.1125,0.3,12.7856245,9.0
1.55,0.45,35.096681,10.0
1.5,0.4125,30.1922175,12.0
1.8,0.5125,50.6605565,13.0
1.675,0.4,40.78075575,9.0
0.5625,0.1,1.34660125,4.0
1.3,0.3125,15.195332,9.0
1.5,0.4875,29.0582375,10.0
1.4375,0.375,28.8314415,9.0
0.7375,0.2,3.67126025,6.0
1.4375,0.3125,22.12678475,10.0
1.6,0.4375,38.14425225,10.0
0.725,0.175,2.3530085,5.0
1.3,0.35,18.75319425,9.0
1.225,0.325,19.66037825,11.0
1.675,0.375,40.78075575,11.0
1.675,0.4375,41.8722115,12.0
1.45,0.3125,25.7696955,8.0
1.55,0.3875,34.529691,14.0
1.75,0.5375,49.31395525,11.0
1.4625,0.325,31.127751,9.0
1.6125,0.425,41.31939625,10.0
1.75,0.4375,51.27007075,16.0
1.4375,0.4625,25.44367625,9.0
1.5625,0.35,32.6302745,10.0
1.4125,0.375,28.64716975,15.0
0.875,0.3375,5.443104,14.0
0.9375,0.25,6.30776375,7.0
1.4375,0.4,24.5790165,10.0
1.4625,0.425,20.25571775,11.0
1.7,0.4875,47.513762,22.0
1.3125,0.3875,18.24290325,10.0
1.8,0.4625,51.766187,11.0
1.4375,0.4125,27.21552,13.0
1.2625,0.3625,22.5378525,10.0
1.3375,0.3875,22.4244545,9.0
1.375,0.3625,22.5378525,12.0
1.175,0.3,13.53688625,9.0
1.2625,0.3125,20.25571775,12.0
1.525,0.4125,30.1922175,12.0
1.3,0.3625,21.4038725,11.0
1.5875,0.5125,35.59279725,10.0
1.45,0.4,23.99785175,12.0
1.8,0.5,49.34230475,11.0
0.75,0.2,3.515338,8.0
1.425,0.3625,24.30969625,8.0
1.6375,0.5375,39.19318375,18.0
1.775,0.5,54.7428845,11.0
1.4125,0.425,31.22697425,15.0
1.1,0.275,12.34620725,10.0
1.3,0.5,23.700182,8.0
1.35,0.3375,21.41804725,10.0
1.4125,0.425,32.4601775,23.0
1.475,0.375,27.51318975,10.0
1.45,0.3875,29.49765475,10.0
1.275,0.3375,19.46193175,8.0
1.1375,0.3125,14.10387625,8.0
1.525,0.425,36.457457,12.0
1.6125,0.3875,40.7382315,19.0
1.6,0.425,38.88133925,10.0
1.125,0.3,13.0124205,8.0
1.6375,0.4375,41.91473575,9.0
1.55,0.3875,34.91240925,11.0
1.55,0.4125,33.40988575,10.0
1.7,0.4375,48.5059945,11.0
1.125,0.225,10.886208,9.0
1.425,0.4375,25.61377325,9.0
1.5875,0.4125,36.61337925,9.0
0.425,0.125,0.77961125,3.0
1.5375,0.375,30.1922175,9.0
1.3125,0.35,22.11261,15.0
1.0125,0.25,11.77921725,7.0
1.375,0.3125,22.622901,8.0
0.7,0.175,3.515338,5.0
1.4625,0.3875,34.8415355,10.0
0.8875,0.2375,6.30776375,6.0
0.675,0.1875,2.2963095,6.0
1.3125,0.3875,22.1976585,9.0
1.125,0.3375,14.69921575,7.0
1.1875,0.3,16.34348675,9.0
1.3125,0.4125,24.62154075,11.0
1.0125,0.275,9.63883,8.0
1.5375,0.375,27.59823825,13.0
0.8,0.1625,3.005047,6.0
1.475,0.3875,22.92057075,10.0
1.6875,0.4375,47.07434475,11.0
1.475,0.3625,26.988724,8.0
0.6375,0.15,2.26796,4.0
1.625,0.4625,35.3518265,14.0
1.5,0.3875,33.339012,15.0
0.9625,0.2875,6.13766675,13.0
0.725,0.175,3.27436725,5.0
1.2875,0.3125,19.17843675,7.0
1.3625,0.375,24.99008425,8.0
1.3125,0.4,21.3471735,12.0
0.525,0.0,1.304077,4.0
0.4625,0.1,0.97805775,6.0
1.225,0.2625,15.7339725,8.0
1.5875,0.4,30.03629525,11.0
1.4,0.4,27.54153925,23.0
1.3375,0.325,19.43358225,8.0
0.6875,0.1625,2.8066005,6.0
0.9625,0.2125,7.83863675,6.0
1.5875,0.475,38.20095125,11.0
1.2625,0.325,18.5689225,8.0
1.425,0.375,24.834162,9.0
1.625,0.4375,36.81182575,10.0
1.4875,0.45,32.205032,8.0
1.025,0.25,9.1001895,7.0
1.5125,0.475,35.19590425,11.0
1.2125,0.2375,14.118051,7.0
0.925,0.2125,6.80388,7.0
0.9,0.225,6.2085405,6.0
0.8125,0.2,5.1879585,7.0
1.325,0.375,26.80445225,13.0
1.6,0.4375,35.50774875,15.0
1.525,0.425,31.70891575,29.0
1.5,0.425,30.730858,18.0
1.3,0.3125,16.839603,8.0
1.1,0.2875,11.963489,8.0
1.6125,0.45,33.89182725,10.0
1.65,0.4875,47.9390045,18.0
1.4375,0.3875,27.28639375,11.0
1.1875,0.275,12.303683,7.0
1.6125,0.475,36.117263,18.0
0.6625,0.225,4.2807745,6.0
1.7375,0.4875,57.606184,9.0
1.5,0.375,27.14464625,9.0
1.25,0.3375,16.499409,7.0
1.675,0.4875,38.03085425,11.0
1.4625,0.375,27.91008275,10.0
1.45,0.3375,26.69105425,11.0
1.0,0.225,8.9300925,8.0
1.4125,0.375,25.741346,11.0
1.2,0.3625,18.0019325,16.0
0.6875,0.1625,2.7499015,7.0
1.4625,0.375,26.15241375,9.0
1.1125,0.3125,12.7856245,8.0
1.4625,0.3875,28.25027675,20.0
0.9,0.2,5.556502,7.0
0.45,0.1,0.60951425,5.0
1.475,0.4125,28.066005,13.0
1.5875,0.4125,36.92522375,11.0
0.525,0.1125,0.7654365,3.0
1.125,0.2625,11.77921725,8.0
1.1625,0.275,12.74310025,7.0
1.4125,0.3875,26.1098895,9.0
1.2125,0.3,14.81261375,8.0
1.2875,0.325,20.19901875,11.0
1.2625,0.2875,21.72989175,9.0
1.3,0.35,20.071446,12.0
1.6125,0.4375,50.22113925,18.0
0.9,0.225,5.88252125,6.0
1.1875,0.3125,14.16057525,8.0
1.6875,0.4625,47.62716,10.0
1.6,0.4,32.034935,9.0
1.15,0.325,12.48795475,9.0
0.625,0.1375,2.99087225,6.0
1.5375,0.4875,36.10308825,18.0
0.5,0.1375,1.8994165,4.0
1.5875,0.4375,39.179009,14.0
1.3125,0.325,21.13455225,9.0
1.45,0.375,24.4656185,10.0
1.5,0.3625,25.0326085,9.0
1.0125,0.225,10.19164525,7.0
1.575,0.4375,31.99241075,9.0
0.7,0.1625,2.721552,6.0
1.5875,0.425,28.689694,9.0
0.475,0.0625,0.850485,5.0
1.25,0.3125,14.64251675,8.0
1.5875,0.4125,36.3157095,8.0
1.4375,0.375,24.664065,12.0
0.9875,0.2625,8.60407325,7.0
1.5,0.375,31.808139,9.0
1.5875,0.4,34.58639,10.0
1.15,0.3,13.8062065,11.0
0.825,0.2,4.6209685,7.0
1.4125,0.35,27.08794725,10.0
1.1,0.2875,12.417081,8.0
1.45,0.4375,27.76833525,10.0
1.4,0.4375,22.1976585,8.0
1.325,0.35,23.51591025,18.0
1.35,0.4125,27.20134525,23.0
1.25,0.325,17.4916415,10.0
1.2625,0.3,17.56251525,7.0
1.7375,0.525,47.86813075,19.0
0.825,0.2,4.876114,7.0
1.5125,0.4,30.220567,11.0
1.4125,0.425,29.8520235,16.0
1.325,0.35,20.76600875,9.0
1.45,0.3125,22.736299,10.0
1.475,0.4125,27.8675585,11.0
1.5625,0.4,35.81959325,11.0
1.4875,0.3625,27.895908,11.0
1.6875,0.4125,37.77570875,10.0
1.45,0.425,34.0477495,9.0
1.4375,0.375,26.32251075,15.0
0.6375,0.175,2.041164,6.0
1.175,0.325,14.2030995,13.0
1.375,0.375,23.8986285,11.0
1.1375,0.25,14.628342,6.0
1.25,0.375,18.14368,16.0
1.125,0.3125,14.458245,15.0
1.5875,0.45,38.22930075,12.0
0.9625,0.2375,11.2547515,6.0
0.8625,0.2125,7.1157245,7.0
1.4125,0.375,24.834162,9.0
1.525,0.4125,35.5786225,9.0
1.65,0.475,41.7588135,11.0
1.5375,0.4,29.2283345,10.0
1.4125,0.45,27.895908,9.0
1.025,0.275,8.9867915,7.0
1.2125,0.3125,15.8473705,10.0
1.475,0.35,28.7180435,11.0
1.55,0.5,39.02308675,11.0
1.45,0.375,24.6357155,9.0
1.5,0.425,29.7386255,9.0
1.55,0.4,34.359594,9.0
1.4125,0.4,20.3265915,10.0
1.15,0.3375,17.50581625,17.0
1.375,0.325,21.602319,8.0
1.4375,0.4,26.54930675,16.0
1.6375,0.4625,37.5630875,9.0
1.525,0.35,29.370082,12.0
1.2125,0.3375,16.40018575,12.0
1.45,0.375,28.16522825,11.0
1.475,0.425,32.16250775,9.0
1.325,0.325,20.41164,11.0
1.3125,0.325,20.3265915,9.0
0.825,0.2375,7.49844275,10.0
1.225,0.2875,14.17475,14.0
1.525,0.3875,31.70891575,14.0
1.45,0.3875,24.607366,10.0
1.5,0.4125,31.241149,13.0
1.2125,0.325,14.8834875,8.0
1.1,0.2875,14.911837,7.0
1.4125,0.3625,24.73493875,10.0
1.525,0.3625,29.1149365,12.0
1.525,0.3625,30.5891105,11.0
1.5,0.4125,29.937072,12.0
1.55,0.475,35.777069,10.0
1.55,0.3875,29.5685285,11.0
0.8125,0.1875,4.12485225,7.0
1.625,0.4,41.34774575,12.0
1.2625,0.325,17.463292,8.0
1.4875,0.3625,26.43590875,17.0
1.025,0.25,8.66077225,7.0
1.25,0.325,16.2442635,9.0
1.5375,0.4125,31.6096925,12.0
1.3625,0.35,22.43862925,11.0
1.5875,0.425,36.85435,10.0
1.15,0.3125,12.984071,8.0
0.8875,0.2375,6.30776375,7.0
1.35,0.3125,17.463292,12.0
0.9,0.2375,6.44951125,5.0
1.5625,0.4875,33.8776525,11.0
1.2,0.275,14.81261375,7.0
1.45,0.3875,24.76328825,12.0
1.2875,0.3125,18.69649525,12.0
0.9625,0.225,6.08096775,7.0
1.4375,0.3875,27.25804425,8.0
1.45,0.375,28.7180435,10.0
1.2125,0.3125,15.09610875,11.0
1.0875,0.2625,10.886208,11.0
1.5875,0.425,32.545226,13.0
1.55,0.4375,34.3879435,15.0
1.0875,0.2875,12.34620725,10.0
0.925,0.2375,6.8322295,7.0
0.3875,0.0875,0.41106775,4.0
0.925,0.225,6.7188315,7.0
0.825,0.225,4.6209685,6.0
1.6625,0.4125,41.39027,12.0
1.6125,0.4625,35.59279725,10.0
1.4125,0.3625,22.6796,8.0
1.2875,0.3625,26.2799865,12.0
0.6,0.15,2.8632995,5.0
1.3,0.4125,20.19901875,16.0
1.4,0.375,27.8675585,8.0
1.15,0.275,13.7495075,8.0
1.575,0.375,31.411246,10.0
1.425,0.325,22.736299,10.0
0.9625,0.25,6.13766675,6.0
0.9,0.225,5.1879585,6.0
1.2875,0.3,18.07280625,9.0
1.4375,0.375,24.22464775,10.0
1.675,0.4625,43.02036625,11.0
1.5625,0.425,35.67784575,20.0
1.3125,0.3,16.7120303,9.0
1.275,0.35,14.92601175,13.0
1.325,0.375,21.0636785,9.0
1.5,0.35,34.65726375,10.0
1.2625,0.3375,18.92329125,9.0
1.325,0.35,16.23008875,9.0
0.925,0.2,6.30776375,6.0
1.3875,0.35,20.17066925,11.0
0.925,0.2125,6.180191,6.0
1.3,0.3,17.78931125,15.0
1.5875,0.375,35.98969025,12.0
0.5875,0.1,1.99863975,5.0
1.275,0.3125,18.030282,8.0
1.2625,0.325,18.71067,12.0
0.975,0.225,9.00096625,7.0
0.7375,0.175,3.38776525,5.0
0.975,0.2375,8.5898985,6.0
1.25,0.3125,15.83319575,7.0
0.925,0.225,6.10931725,9.0
1.5,0.4125,32.72949775,11.0
1.5875,0.4125,34.60056475,11.0
1.4125,0.3625,25.7129965,11.0
1.5625,0.35,36.570855,9.0
1.4875,0.3875,27.9242575,10.0
1.4375,0.3375,25.8263945,12.0
0.9,0.225,6.19436575,6.0
1.5,0.4,31.6096925,10.0
1.1625,0.3125,14.571643,6.0
1.125,0.3375,12.7856245,9.0
1.775,0.55,58.75433875,11.0
1.1,0.275,12.68640125,9.0
1.425,0.3625,27.22969475,17.0
1.6125,0.4375,35.11085575,12.0
1.375,0.375,22.169309,9.0
1.325,0.375,22.1976585,11.0
1.4,0.3875,26.71940375,9.0
1.475,0.3625,27.91008275,14.0
1.575,0.425,38.71124225,12.0
0.475,0.1125,0.89300925,4.0
0.5,0.1125,1.45999925,4.0
1.575,0.4125,30.504062,11.0
0.8875,0.25,6.44951125,8.0
0.4625,0.1,0.7654365,4.0
0.85,0.1875,4.3374735,6.0
1.6125,0.45,48.5059945,10.0
1.675,0.4625,44.38114225,9.0
1.325,0.325,20.468339,9.0
1.6125,0.425,43.885026,11.0
0.825,0.225,4.6209685,5.0
1.6375,0.45,39.745999,11.0
1.025,0.225,10.19164525,7.0
1.0125,0.225,9.51125725,7.0
1.4625,0.425,30.957654,14.0
1.2125,0.35,17.7184375,9.0
1.5625,0.4125,33.055517,10.0
1.375,0.3875,24.6924145,12.0
1.2125,0.2875,14.628342,9.0
1.4375,0.4125,27.158821,14.0
1.075,0.25,11.169703,6.0
1.6375,0.475,40.78075575,11.0
1.4,0.375,25.51455,8.0
1.575,0.3875,34.06192425,11.0
1.0875,0.275,10.75863525,8.0
1.625,0.475,35.22425375,11.0
1.5125,0.4,29.937072,12.0
0.8875,0.225,6.33611325,6.0
1.55,0.35,29.1716355,11.0
1.2,0.3625,18.824068,13.0
1.0625,0.2625,10.9145575,9.0
1.1,0.275,10.02154825,7.0
1.525,0.4,32.31843,20.0
1.1875,0.3125,14.64251675,10.0
1.775,0.5,51.80871125,11.0
1.6125,0.4125,37.43551475,9.0
0.925,0.2125,6.53455975,6.0
0.95,0.2,7.38504475,7.0
0.95,0.25,7.9662095,7.0
0.95,0.2125,7.55514175,7.0
1.45,0.4375,26.32251075,11.0
1.25,0.3125,15.83319575,8.0
1.125,0.275,12.6722265,11.0
1.9375,0.5375,72.291225,16.0
1.55,0.375,23.74270625,9.0
0.9375,0.225,7.2858215,7.0
1.2625,0.3125,15.195332,9.0
0.9375,0.2125,5.10291,13.0
1.5,0.4,29.95124675,9.0
1.4125,0.3625,24.42309425,10.0
0.775,0.1875,3.6003865,7.0
1.4,0.35,28.236102,11.0
0.75,0.225,3.92640575,7.0
1.0625,0.3,10.41844125,8.0
1.4125,0.3375,21.27629975,19.0
1.1625,0.3125,15.2236815,8.0
1.4125,0.425,25.1460065,10.0
0.675,0.1375,2.8632995,6.0
1.35,0.325,22.92057075,9.0
1.475,0.4,29.49765475,15.0
1.725,0.4375,44.04094825,10.0
0.95,0.225,7.58349125,6.0
1.5625,0.425,34.5013415,11.0
1.275,0.35,20.638436,12.0
0.8125,0.1875,4.60679375,4.0
1.6375,0.425,38.68289275,12.0
1.5875,0.425,39.81687275,10.0
0.925,0.225,7.18659825,7.0
0.925,0.2375,6.95980225,8.0
0.7875,0.125,3.98310475,6.0
1.525,0.3625,31.6096925,10.0
1.25,0.3625,16.896302,11.0
1.4875,0.4,26.63435525,9.0
1.5875,0.4375,40.9650275,10.0
1.45,0.3625,27.1304715,9.0
1.1125,0.275,12.2753335,8.0
1.5,0.475,39.41997975,12.0
1.125,0.275,13.721158,8.0
1.2875,0.3375,17.36406875,10.0
1.3,0.3,17.78931125,7.0
0.6875,0.175,2.721552,6.0
1.2875,0.3125,17.463292,8.0
1.55,0.425,34.189497,11.0
1.4625,0.3875,27.5273645,10.0
1.575,0.4375,35.98969025,13.0
1.325,0.3,16.782904,9.0
1.5625,0.45,37.137845,10.0
1.525,0.4,32.16250775,17.0
1.4125,0.4,26.01066625,9.0
1.45,0.35,28.76056775,10.0
0.8875,0.2125,6.42116175,6.0
1.05,0.25,11.226402,7.0
1.0125,0.225,9.02931575,6.0
1.3375,0.325,20.08562075,12.0
1.45,0.3625,27.00289875,10.0
0.8375,0.225,5.783298,7.0
1.5,0.4375,34.302895,10.0
1.1,0.25,10.41844125,7.0
1.425,0.35,24.99008425,9.0
1.4875,0.3875,32.13415825,10.0
1.325,0.425,23.79940525,9.0
1.1625,0.2625,14.118051,11.0
1.4125,0.4125,27.37144225,13.0
1.4625,0.5125,39.7743485,17.0
1.325,0.325,19.74542675,8.0
1.725,0.45,49.5265765,10.0
1.5,0.325,24.323871,11.0
1.7375,0.45,47.400364,12.0
0.8625,0.2125,5.1879585,6.0
1.4125,0.425,31.014353,18.0
1.5625,0.3875,36.95357325,10.0
1.4125,0.3625,24.097075,9.0
1.375,0.35,24.437269,14.0
1.175,0.3125,16.386011,7.0
1.3375,0.425,22.89222125,9.0
1.4125,0.375,29.426781,9.0
1.1625,0.375,24.777463,8.0
1.5625,0.375,35.096681,11.0
1.3125,0.3625,18.27125275,8.0
1.425,0.3625,25.86891875,8.0
1.4125,0.4,24.4656185,9.0
1.45,0.4125,26.4236665,8.0
1.475,0.3875,29.1149365,10.0
0.4,0.0625,0.5953395,6.0
1.375,0.375,35.6920205,23.0
1.6,0.475,31.87901275,11.0
1.3625,0.325,19.83047525,8.0
0.875,0.1875,6.30776375,6.0
1.4625,0.375,28.02348075,18.0
1.5,0.4,29.7386255,11.0
1.5375,0.4125,31.3828965,8.0
0.9375,0.2,6.0951425,7.0
1.575,0.3875,30.63163475,9.0
0.8375,0.225,5.1312595,7.0
0.8125,0.2375,4.252425,6.0
1.525,0.4375,29.5118295,8.0
1.5,0.3625,28.81726675,9.0
1.45,0.425,25.8830935,9.0
1.6,0.45,33.83512825,11.0
1.5,0.45,32.034935,9.0
0.875,0.225,5.03203625,7.0
1.725,0.4375,51.92986175,12.0
1.5375,0.4125,37.52056325,18.0
1.7375,0.525,51.24172125,14.0
1.375,0.3875,24.79163775,8.0
1.3,0.3375,22.7646485,11.0
1.4625,0.4625,26.2232875,11.0
0.6375,0.1625,2.608154,3.0
1.5,0.3625,27.839209,13.0
1.5,0.4375,30.94347925,16.0
1.125,0.2625,11.5949455,9.0
1.1,0.225,11.89261525,7.0
1.4125,0.4,22.5378525,11.0
1.2875,0.3125,20.638436,8.0
0.6625,0.175,2.26796,6.0
1.3125,0.3625,18.75319425,11.0
1.1625,0.3125,13.04077,9.0
1.525,0.4375,32.6869735,14.0
1.3125,0.3875,20.11397025,11.0
1.4875,0.375,29.086587,10.0
1.4375,0.3125,27.5273645,16.0
1.0,0.2625,8.1363065,7.0
0.9625,0.2375,6.30776375,6.0
1.375,0.35,22.1976585,8.0
1.2375,0.3125,16.386011,8.0
0.8375,0.2125,5.8683465,10.0
1.5,0.3875,31.581343,12.0
1.2625,0.325,18.71067,10.0
0.9625,0.2125,7.144074,6.0
1.0375,0.3375,10.98543125,9.0
1.4125,0.375,23.79940525,9.0
1.5125,0.4,35.777069,11.0
1.575,0.4375,36.35823375,10.0
0.9875,0.2375,8.901743,9.0
1.4625,0.4625,25.231055,8.0
0.75,0.225,4.6209685,6.0
1.7375,0.4125,41.448427,9.0
1.275,0.3625,16.23008875,9.0
1.6125,0.375,35.4652245,9.0
1.5,0.475,36.570855,16.0
1.225,0.3125,16.91047675,9.0
1.425,0.35,26.138239,12.0
1.2875,0.3625,18.01610725,11.0
1.625,0.45,37.137845,10.0
1.425,0.4125,28.292801,12.0
0.8125,0.2,4.94698775,7.0
1.25,0.35,21.41804725,9.0
1.25,0.3,16.839603,11.0
1.1,0.325,12.870673,7.0
1.325,0.3125,16.40018575,7.0
0.9375,0.25,7.10154975,6.0
1.125,0.225,12.09106175,8.0
1.4625,0.475,30.390664,18.0
1.3125,0.35,20.071446,9.0
1.325,0.375,18.92329125,9.0
1.55,0.3875,33.9910505,13.0
1.55,0.4375,38.55532,14.0
1.225,0.3125,15.49300175,11.0
1.55,0.4125,32.78619675,10.0
1.3,0.3125,17.67591325,9.0
1.175,0.325,13.53688625,8.0
1.575,0.375,34.62891425,9.0
1.675,0.5125,45.68521925,12.0
1.45,0.3875,25.15241375,10.0
1.3875,0.375,22.8213475,9.0
1.05,0.2375,11.736693,8.0
1.3,0.3875,22.41027975,14.0
1.175,0.325,16.42853525,16.0
1.65,0.5125,43.431434,10.0
0.8125,0.2125,4.06815325,5.0
1.5875,0.4625,38.5269705,13.0
0.6125,0.125,2.82077525,6.0
1.425,0.425,33.6508565,9.0
1.4625,0.4,30.0221205,18.0
1.2125,0.3125,18.597272,7.0
0.9625,0.225,7.21494775,6.0
1.3375,0.3625,27.385617,10.0
1.8,0.4375,49.17220775,11.0
1.7,0.4875,47.513762,14.0
1.025,0.2875,8.618248,7.0
1.3625,0.3375,22.396105,9.0
1.6375,0.4375,38.51279575,10.0
1.5875,0.4,40.07201825,8.0
1.325,0.3875,22.7646485,12.0
1.475,0.4125,30.43318825,14.0
1.5875,0.4,35.19590425,10.0
1.65,0.45,42.354153,11.0
1.575,0.375,33.55163325,10.0
1.075,0.25,11.8217415,8.0
1.575,0.4375,42.921143,20.0
1.575,0.3875,29.1149365,10.0
1.05,0.2375,10.44679075,8.0
1.3875,0.3875,27.499015,11.0
1.175,0.275,14.628342,9.0
1.525,0.4125,30.80173175,9.0
1.4375,0.4,30.900955,18.0
1.2875,0.375,22.169309,9.0
1.325,0.325,22.4244545,9.0
1.575,0.425,35.19590425,9.0
1.4,0.3625,23.94115275,18.0
1.275,0.3,20.28406725,11.0
1.35,0.2875,21.64484325,8.0
1.375,0.3625,22.5945515,12.0
1.1,0.275,11.169703,8.0
1.1,0.3125,13.08329425,12.0
1.2,0.375,16.42853525,17.0
0.9,0.25,6.2652395,7.0
1.6625,0.4625,44.55123925,12.0
1.4125,0.4,25.58542375,15.0
1.1875,0.3,15.66309875,8.0
1.525,0.3625,32.95629375,11.0
1.425,0.4,26.818627,9.0
1.325,0.325,17.0380495,12.0
1.5,0.375,29.83784875,22.0
0.725,0.175,3.005047,5.0
1.3,0.2875,16.51358375,9.0
1.3125,0.3125,16.9246515,8.0
1.2625,0.4875,24.8058125,13.0
1.2,0.2625,15.35125425,8.0
0.7,0.175,2.16873675,5.0
1.125,0.325,15.2803805,11.0
0.9125,0.2,6.19436575,7.0
1.3125,0.3125,18.597272,9.0
1.175,0.275,14.5999925,9.0
1.775,0.45,51.766187,12.0
1.6,0.4125,34.9549335,10.0
0.9,0.2125,5.71242425,5.0
1.5375,0.425,34.1611475,12.0
1.6625,0.4125,40.25629,15.0
1.275,0.4,19.17843675,8.0
1.475,0.5,37.74735925,18.0
1.5,0.4,29.937072,9.0
1.4375,0.3625,24.777463,10.0
1.4125,0.4125,24.56484175,13.0
1.6125,0.475,45.55123925,10.0
1.3875,0.325,24.9192105,10.0
1.2625,0.4125,22.6796,9.0
1.4,0.375,24.720764,10.0
1.525,0.425,29.21415975,13.0
1.1625,0.275,13.90542975,10.0
1.575,0.4375,35.19590425,17.0
0.95,0.25,6.30776375,13.0
1.4875,0.375,28.5479465,8.0
1.025,0.225,7.98038425,8.0
1.6625,0.4375,36.78347625,13.0
1.625,0.4625,39.179009,10.0
1.4875,0.375,31.18445,11.0
1.575,0.3875,37.6197865,19.0
0.8625,0.25,5.85417175,6.0
1.3875,0.3625,20.25571775,13.0
1.1,0.325,13.664459,9.0
1.4625,0.4,31.2694985,10.0
0.8,0.2125,5.1312595,6.0
1.05,0.2625,10.0640725,6.0
1.5375,0.3875,32.78619675,9.0
0.7625,0.1875,3.3168915,6.0
1.475,0.4,31.2127995,12.0
1.225,0.375,17.0097,11.0
1.4375,0.4,29.48348,10.0
1.1875,0.275,14.2030995,8.0
1.5375,0.375,30.0221205,10.0
1.3125,0.3125,18.6256215,7.0
1.1625,0.3,14.27397325,8.0
1.375,0.4,24.097075,9.0
1.775,0.4875,47.18774275,15.0
1.2125,0.3375,15.3937785,10.0
1.5875,0.4125,34.8415355,12.0
1.6,0.425,33.55163325,14.0
1.475,0.3625,29.9654215,11.0
1.2625,0.325,15.83319575,8.0
1.0,0.2375,9.39785925,7.0
1.2,0.3,13.154168,7.0
1.5875,0.3875,35.13920525,9.0
1.075,0.25,10.942907,11.0
1.55,0.375,31.62386725,11.0
1.3125,0.3125,18.07280625,9.0
1.55,0.4625,31.70891575,10.0
1.025,0.25,9.865626,8.0
1.325,0.4,24.87668625,13.0
1.575,0.4375,33.0271675,12.0
1.5875,0.4,36.1456125,10.0
1.3,0.3375,21.0069795,15.0
1.5625,0.4375,41.31939625,9.0
1.75,0.425,46.42230625,9.0
1.575,0.4125,35.6920205,13.0
1.125,0.325,12.74310025,10.0
1.4875,0.3625,26.1665885,9.0
0.5875,0.1375,1.99863975,5.0
1.6,0.4625,38.22930075,10.0
1.725,0.4625,43.6298805,12.0
1.5625,0.4375,31.1561005,12.0
1.175,0.3125,13.9196045,7.0
1.325,0.375,21.9708625,8.0
1.3125,0.325,19.85882475,9.0
1.8,0.5375,58.7685135,16.0
0.9,0.2375,6.1518415,11.0
1.6125,0.4,45.302501,21.0
1.425,0.375,26.18076325,10.0
1.425,0.4,27.93843225,16.0
1.0875,0.275,12.984071,8.0
1.425,0.3875,21.999212,10.0
1.2875,0.3125,16.76872925,9.0
1.475,0.3625,27.895908,11.0
1.175,0.3,13.8062065,8.0
1.375,0.4125,25.0326085,14.0
1.7375,0.475,51.24172125,12.0
1.55,0.375,31.18445,12.0
1.1125,0.275,11.94931425,8.0
1.775,0.475,52.673371,11.0
1.425,0.35,27.0170735,11.0
1.3,0.325,18.92329125,15.0
1.45,0.4375,31.18445,12.0
1.6,0.4375,41.23434775,14.0
1.5125,0.425,30.57493575,14.0
1.5625,0.4375,36.570855,9.0
1.3,0.4125,23.17571625,16.0
1.4,0.35,24.8058125,8.0
1.3,0.3125,18.10115575,13.0
1.525,0.4125,32.4601775,10.0
1.6125,0.475,43.09124,9.0
1.0,0.225,7.98038425,7.0
1.1375,0.3125,14.13222575,8.0
1.3125,0.375,22.1976585,12.0
0.9875,0.2625,8.0229085,12.0
1.3125,0.3,17.0380495,8.0
1.6875,0.3875,40.78075575,11.0
0.4,0.0875,0.49611625,4.0
1.2875,0.3375,18.5689225,8.0
1.075,0.25,10.64523725,7.0
1.4875,0.375,23.79940525,10.0
0.95,0.2375,6.30776375,6.0
1.6375,0.475,40.78075575,9.0
0.95,0.2375,7.75358825,7.0
1.4,0.4,22.75047375,9.0
1.4875,0.425,27.839209,11.0
1.45,0.4125,25.33027825,11.0
1.4,0.35,24.67823975,8.0
1.3,0.3125,16.34348675,8.0
1.175,0.25,14.92601175,8.0
1.425,0.4375,25.1460065,10.0
0.5875,0.15,1.8994165,4.0
0.95,0.2375,7.9095105,6.0
1.8125,0.5,54.090846,9.0
1.8375,0.5,63.37530725,11.0
1.6,0.4,31.62386725,9.0
1.6,0.4125,43.318036,10.0
0.8625,0.225,5.1312595,7.0
1.3,0.3875,24.7491135,16.0
1.475,0.35,30.1922175,9.0
1.3875,0.35,22.80717275,8.0
0.9375,0.2,6.13766675,6.0
1.4875,0.375,31.808139,10.0
1.7375,0.4875,49.54075125,12.0
1.0375,0.25,9.93649975,7.0
1.575,0.3875,35.4652245,9.0
1.4625,0.3125,26.988724,10.0
1.45,0.4125,28.462898,14.0
1.2375,0.3375,18.71067,8.0
1.5625,0.45,31.6096925,10.0
1.5375,0.35,32.545226,13.0
1.375,0.3875,28.19357775,9.0
1.475,0.325,24.79163775,10.0
1.4125,0.35,23.2749395,9.0
1.6625,0.4375,36.95357325,9.0
1.65,0.525,44.168521,11.0
1.675,0.4375,41.730464,10.0
1.6375,0.4875,38.55532,16.0
1.15,0.3125,12.5021295,8.0
1.3625,0.35,22.77882325,9.0
1.5375,0.3875,33.40988575,8.0
1.3,0.3,15.3937785,8.0
0.6875,0.1625,2.83495,6.0
1.4375,0.375,28.8314415,8.0
0.9,0.2125,6.13766675,13.0
1.45,0.3875,31.90736225,20.0
0.3875,0.1,0.907184,3.0
1.475,0.4,24.6357155,11.0
1.4875,0.3875,29.7386255,12.0
1.3,0.3125,15.3937785,9.0
1.125,0.3125,12.927372,8.0
1.575,0.4375,39.3774555,13.0
0.825,0.225,6.27941425,6.0
1.475,0.35,24.28134675,11.0
1.5125,0.4125,35.72037,27.0
1.1625,0.3125,11.1413535,8.0
1.075,0.275,10.886208,7.0
1.5,0.375,29.66775175,9.0
1.625,0.4375,42.297454,14.0
1.125,0.2875,13.267566,10.0
0.9625,0.225,7.144074,7.0
1.45,0.4125,34.529691,15.0
1.525,0.4,29.0582375,12.0
1.5625,0.4,33.5374585,12.0
1.4625,0.375,21.659018,8.0
0.7,0.175,3.6570855,5.0
1.2,0.3,15.37960375,9.0
1.425,0.3875,31.014353,9.0
1.3125,0.3,17.4349425,8.0
1.3125,0.35,20.3265915,9.0
1.525,0.45,31.2694985,17.0
1.6125,0.4375,35.4652245,16.0
1.575,0.4625,36.86852475,10.0
1.2625,0.3375,18.0019325,8.0
1.45,0.3625,26.7902775,11.0
1.35,0.375,21.4605715,12.0
1.6,0.4,37.23706825,12.0
1.1875,0.3375,15.8473705,11.0
1.5375,0.4125,32.1199835,11.0
1.6625,0.4875,41.503668,11.0
0.9875,0.2375,6.95980225,7.0
1.5,0.4,32.205032,10.0
1.775,0.55,44.69298675,17.0
1.2,0.2875,13.84873075,10.0
1.35,0.3625,23.51591025,11.0
0.6125,0.1375,2.02698925,4.0
1.175,0.3,13.16834275,8.0
1.1,0.275,10.432616,7.0
1.4125,0.3625,22.4244545,9.0
1.1625,0.275,12.68640125,8.0
1.3,0.3125,17.633389,7.0
1.375,0.375,24.79163775,10.0
0.8,0.2125,4.649318,4.0
1.225,0.3375,18.313777,9.0
0.95,0.25,7.86698625,8.0
1.425,0.3625,27.14464625,10.0
0.875,0.2125,5.6699,6.0
1.4,0.35,24.70658925,10.0
1.4125,0.425,23.019794,8.0
1.4875,0.4375,30.03629525,13.0
1.0875,0.3,10.2341695,9.0
0.6875,0.175,2.721552,6.0
1.75,0.5125,52.29065275,17.0
1.275,0.3125,17.78931125,9.0
1.75,0.5,45.756093,19.0
1.4625,0.4,28.56212125,10.0
1.65,0.5,42.354153,10.0
1.45,0.3125,26.94619975,9.0
1.375,0.375,24.56484175,11.0
1.5,0.3625,31.18445,10.0
1.45,0.45,24.73493875,8.0
1.1375,0.3,12.43125575,8.0
1.3125,0.3625,18.1153305,9.0
1.2375,0.3625,15.43630275,8.0
1.3625,0.325,21.72989175,9.0
1.425,0.3,24.28134675,17.0
0.975,0.25,9.63883,7.0
1.4625,0.3875,29.086587,12.0
1.325,0.4125,23.81358,18.0
1.525,0.4125,29.15746075,11.0
1.4,0.375,21.87163925,8.0
1.4125,0.425,28.4912475,20.0
1.4375,0.375,27.8675585,9.0
0.925,0.225,7.6827145,7.0
1.4125,0.3625,27.328918,14.0
1.4,0.3125,21.95668775,8.0
1.65,0.425,38.34269875,9.0
1.475,0.4,32.034935,10.0
1.4625,0.4,29.44095575,9.0
1.7,0.4875,50.39123625,12.0
1.2,0.2875,13.53688625,8.0
0.6,0.125,2.62232875,5.0
0.9,0.2125,5.556502,6.0
1.075,0.3125,11.7444605,7.0
1.625,0.375,35.81959325,11.0
0.75,0.2125,4.20990075,6.0
1.475,0.3875,27.51318975,11.0
1.4625,0.4125,27.37144225,11.0
1.225,0.35,16.839603,9.0
1.4125,0.3625,23.91280325,8.0
1.1875,0.275,12.34620725,7.0
1.55,0.4375,33.86347775,13.0
1.375,0.3375,24.73493875,8.0
1.475,0.35,27.62658775,8.0
1.7,0.4625,44.74968575,11.0
1.55,0.425,29.55435375,12.0
0.9875,0.25,8.0796075,7.0
1.675,0.4625,39.19318375,10.0
1.5375,0.425,36.95357325,9.0
1.1,0.325,11.89261525,7.0
1.1125,0.2625,12.99824575,7.0
1.5,0.4125,31.19862475,10.0
1.525,0.425,29.27085875,10.0
1.0375,0.275,8.618248,9.0
1.5375,0.4125,26.46425825,14.0
1.375,0.375,27.91008275,13.0
1.375,0.425,34.189497,9.0
1.2125,0.3125,14.9968855,9.0
1.375,0.35,19.3627085,8.0
1.425,0.3125,19.901349,9.0
1.2125,0.3125,15.12445825,9.0
1.15,0.275,11.5382465,8.0
1.325,0.3125,22.169309,8.0
1.025,0.25,10.19164525,8.0
1.475,0.375,26.46425825,11.0
0.9,0.225,6.7188315,7.0
1.5625,0.4125,34.79901125,14.0
1.45,0.4375,27.9242575,14.0
0.9375,0.2125,6.95980225,6.0
1.4,0.35,25.51455,9.0
1.5375,0.4,31.2694985,13.0
1.1375,0.2625,11.41067375,7.0
1.475,0.375,28.02348075,9.0
1.225,0.3625,16.896302,10.0
1.5625,0.375,34.62891425,10.0
1.35,0.325,20.3265915,8.0
1.0375,0.275,9.1001895,8.0
1.35,0.4125,20.41164,9.0
1.3,0.3875,25.741346,13.0
1.325,0.375,21.95668775,12.0
1.5625,0.5,38.51279575,20.0
1.35,0.3125,16.42853525,8.0
1.2875,0.3125,16.9813505,9.0
1.3375,0.35,22.8213475,13.0
1.45,0.3375,23.88445375,9.0
0.7375,0.15,3.24601775,3.0
1.6,0.4875,38.00250475,16.0
1.5125,0.35,26.08154,8.0
0.95,0.25,7.9095105,7.0
1.275,0.3625,18.824068,12.0
1.075,0.3,11.2547515,7.0
1.3875,0.375,30.57493575,13.0
1.4375,0.3875,27.79668475,10.0
0.5875,0.1375,1.57339725,6.0
1.5125,0.4375,32.16250775,10.0
1.625,0.4375,38.9805625,14.0
1.5625,0.4375,38.9805625,10.0
1.575,0.4125,27.5273645,10.0
0.6875,0.1375,2.65067825,5.0
1.125,0.2625,10.41844125,7.0
1.4625,0.4125,25.2594045,9.0
0.675,0.15,2.99087225,5.0
1.5125,0.4375,31.99241075,19.0
1.4875,0.35,24.42309425,9.0
1.2625,0.2625,18.313777,12.0
1.7625,0.425,47.86813075,9.0
1.7625,0.475,35.76289425,11.0
1.1125,0.2875,12.88484775,11.0
0.7625,0.2125,3.81300775,5.0
1.2125,0.3125,15.3937785,8.0
1.2875,0.3125,15.2236815,8.0
1.5375,0.4125,30.43318825,12.0
0.6375,0.15,2.0128145,5.0
1.5,0.4375,28.50542225,14.0
1.4625,0.3625,25.060958,10.0
1.4125,0.4625,28.2644515,16.0
1.7,0.5,45.91201525,15.0
1.1875,0.3125,14.0330025,9.0
0.6375,0.15,2.08368825,3.0
1.5375,0.425,32.95629375,12.0
1.375,0.35,28.10852925,17.0
0.9875,0.2375,8.674947,6.0
0.6375,0.175,2.02698925,3.0
1.45,0.425,28.10852925,10.0
1.2875,0.2875,18.27125275,7.0
0.9,0.2125,6.27941425,6.0
1.5,0.4,30.1355185,11.0
1.325,0.3,17.08057375,8.0
1.1875,0.3,13.210867,8.0
1.5625,0.425,36.61337925,12.0
1.35,0.3875,24.36639525,10.0
1.625,0.425,43.98424925,16.0
1.7625,0.45,50.2636635,11.0
0.9,0.2125,6.2652395,6.0
1.675,0.3625,33.40988575,9.0
1.525,0.425,31.85066325,23.0
1.125,0.2875,13.39513875,8.0
1.3375,0.325,18.27125275,14.0
1.25,0.3,15.5071765,8.0
1.3,0.325,17.90270925,10.0
1.2375,0.3,16.726205,9.0
1.7125,0.4625,47.400364,14.0
1.4125,0.3125,24.9192105,8.0
1.625,0.475,39.745999,10.0
0.9625,0.225,7.1724235,7.0
1.0875,0.3,12.6722265,7.0
1.725,0.4875,55.735117,12.0
0.7375,0.175,4.309124,6.0
1.1125,0.2625,11.210867,12.0
1.5,0.4375,33.57998275,13.0
1.225,0.325,17.02387475,14.0
1.1625,0.3,16.8679525,8.0
1.125,0.275,12.984071,9.0
1.5625,0.45,36.570855,16.0
1.2,0.3125,15.74814725,8.0
1.55,0.4375,33.9910505,8.0
1.425,0.3625,23.700182,10.0
1.075,0.2875,11.80756675,11.0
1.625,0.425,30.94347925,11.0
1.275,0.3125,12.74310025,6.0
1.4375,0.3875,26.12406425,12.0
1.3125,0.325,18.75319425,9.0
1.55,0.4125,34.5013415,9.0
1.325,0.35,19.66037825,11.0
1.175,0.275,13.53688625,8.0
1.4875,0.4,27.499015,10.0
1.7125,0.475,43.6298805,16.0
0.75,0.2,3.86970675,7.0
1.6375,0.4,35.13920525,12.0
1.275,0.3625,22.66542525,10.0
0.925,0.2,6.95980225,7.0
1.3,0.3625,18.71067,8.0
1.125,0.2625,12.6155275,8.0
0.9125,0.225,6.39281225,8.0
1.4375,0.325,22.41027975,11.0
1.3625,0.35,21.885814,10.0
1.4,0.3125,24.834162,8.0
1.2,0.275,13.664459,8.0
1.7375,0.5125,50.802304,14.0
0.9625,0.225,5.06038575,7.0
1.6625,0.4875,38.6403685,10.0
1.6625,0.4625,47.86813075,11.0
1.325,0.325,19.85882475,9.0
0.85,0.2125,5.06038575,7.0
1.5,0.4,31.02852775,9.0
1.5,0.4125,32.16250775,12.0
1.4875,0.375,27.8108595,13.0
1.5625,0.3875,34.5580405,11.0
1.0625,0.275,10.33339275,7.0
1.5625,0.4125,33.06969175,23.0
1.225,0.3125,15.3370795,9.0
1.425,0.375,24.42309425,9.0
1.125,0.3375,13.11164375,12.0
1.0,0.2125,8.4198015,6.0
0.9,0.225,5.443104,6.0
1.1875,0.3125,14.004653,8.0
1.3125,0.3125,15.49300175,9.0
1.575,0.375,36.7693015,9.0
1.5375,0.425,30.6458095,10.0
1.45,0.475,31.2694985,10.0
1.2875,0.3125,17.2081465,12.0
0.8625,0.2375,6.406987,8.0
1.2625,0.3625,18.71067,9.0
1.3125,0.425,25.344453,9.0
1.4375,0.3625,20.48251375,10.0
1.4375,0.3125,27.08794725,13.0
1.1875,0.2875,14.004653,11.0
1.75,0.4875,46.379782,11.0
0.9375,0.25,8.66077225,8.0
1.4875,0.375,26.9036755,7.0
1.425,0.35,24.8058125,9.0
0.675,0.15,2.84912475,6.0
1.35,0.35,19.731252,8.0
1.6,0.425,40.653183,18.0
1.3125,0.3375,23.019794,10.0
1.3,0.3375,19.66037825,10.0
1.425,0.3875,29.95124675,10.0
1.35,0.4,23.11901725,14.0
1.4125,0.4375,26.7902775,15.0
0.9,0.2125,6.61960825,7.0
0.95,0.225,7.55514175,6.0
1.45,0.3,20.28406725,9.0
1.425,0.375,26.52095725,9.0
1.3625,0.3625,22.1976585,8.0
1.7875,0.525,43.21881275,11.0
1.425,0.275,24.47979325,10.0
1.575,0.4375,35.19590425,11.0
1.025,0.25,10.886208,8.0
1.2,0.2125,15.762322,7.0
1.6375,0.4375,36.85435,10.0
1.15,0.275,12.51630425,8.0
1.3125,0.35,23.94115275,10.0
0.9375,0.25,7.314171,7.0
1.675,0.4875,38.6403685,15.0
1.5875,0.4125,35.6920205,17.0
1.3125,0.3625,20.76600875,10.0
0.6375,0.175,2.381358,6.0
1.45,0.3875,29.27085875,16.0
1.6125,0.5,45.245802,18.0
1.6125,0.375,26.09571475,9.0
1.175,0.3,13.99047825,9.0
1.175,0.3375,15.5071765,8.0
1.45,0.4125,29.29920825,15.0
1.2,0.3,15.6205745,9.0
1.6125,0.425,36.85435,10.0
1.025,0.25,7.98038425,6.0
1.625,0.375,32.88542,9.0
1.3,0.3,18.83824275,11.0
1.6375,0.475,42.921143,13.0
0.9,0.225,5.82582225,7.0
1.5625,0.4,29.199985,11.0
1.6375,0.425,38.782116,10.0
1.8,0.5125,61.6034635,11.0
1.275,0.325,17.50581625,8.0
1.0375,0.2125,9.015141,7.0
1.5875,0.475,37.1094955,17.0
1.5125,0.375,29.5840635,10.0
0.8125,0.175,4.72019175,5.0
1.3875,0.3125,21.6873675,8.0
1.3125,0.3125,19.504456,9.0
1.7125,0.475,47.400364,13.0
1.6125,0.4375,41.23434775,10.0
1.5875,0.4625,38.76794125,11.0
1.425,0.3875,26.138239,11.0
1.3125,0.3125,20.638436,9.0
1.325,0.35,21.8007655,15.0
1.175,0.3,13.0124205,8.0
1.525,0.4375,36.78347625,14.0
1.3,0.3125,17.236496,9.0
1.3375,0.3,22.4244545,9.0
1.25,0.3,14.67086625,8.0
1.5,0.4125,29.0582375,9.0
1.5125,0.4125,31.9498865,11.0
0.9625,0.225,6.2085405,5.0
1.3625,0.3,21.4605715,8.0
1.225,0.3125,13.551061,8.0
1.5625,0.3625,29.766975,8.0
1.3625,0.3375,21.87163925,8.0
1.5375,0.3125,28.689694,9.0
1.125,0.3125,14.628342,11.0
1.0375,0.275,8.1930055,6.0
1.6125,0.475,41.23434775,11.0
0.55,0.1375,1.6726205,4.0
0.9375,0.225,6.23689,8.0
1.8125,0.525,53.28288525,11.0
1.45,0.475,33.38153625,15.0
1.375,0.375,32.6302745,14.0
1.5375,0.4375,31.808139,12.0
1.7375,0.5,56.7545535,12.0
1.525,0.425,33.849303,20.0
1.175,0.3125,13.87708025,8.0
1.2,0.325,18.75319425,7.0
1.375,0.3375,21.87163925,13.0
1.7,0.4875,39.70347475,20.0
1.55,0.4,32.0065855,10.0
1.2875,0.25,18.80989325,7.0
1.6,0.45,30.3623145,8.0
1.65,0.425,44.8772585,15.0
1.4625,0.3125,18.824068,8.0
1.1125,0.2625,12.94154675,7.0
1.125,0.25,13.777857,8.0
1.2875,0.3125,18.83824275,9.0
1.55,0.425,36.0889135,14.0
1.4375,0.4125,30.844256,9.0
0.6375,0.15,2.438057,6.0
1.5625,0.4125,35.81959325,9.0
1.6625,0.475,36.117263,14.0
1.4125,0.375,22.226008,9.0
1.575,0.3875,35.25260325,16.0
1.3125,0.4,25.41532675,14.0
1.5125,0.4125,34.359594,13.0
0.6875,0.1625,2.8632995,5.0
1.4,0.4125,24.73493875,12.0
1.6125,0.4,36.7693015,9.0
1.225,0.3125,14.118051,7.0
1.1875,0.3,13.437663,8.0
1.2,0.3625,19.97222275,10.0
1.2,0.3125,16.839603,9.0
1.275,0.3125,16.40018575,8.0
0.6375,0.175,2.0128145,6.0
0.9375,0.2125,6.577084,7.0
1.65,0.45,39.81687275,10.0
1.4125,0.35,25.741346,10.0
1.4625,0.3625,28.3778495,10.0
1.575,0.4375,36.51318975,9.0
1.0875,0.3125,12.99824575,9.0
1.5625,0.3875,30.674159,15.0
1.425,0.5,28.8314415,22.0
1.5,0.4,29.540179,9.0
1.0375,0.225,10.2341695,8.0
1.0625,0.25,7.55514175,7.0
1.5375,0.425,31.127751,10.0
1.0375,0.4,11.94931425,21.0
1.6125,0.425,37.03862175,10.0
1.0375,0.35,12.0485375,15.0
1.025,0.2875,10.95708175,8.0
1.575,0.475,36.3157095,21.0
1.425,0.375,28.76056775,8.0
1.4,0.3125,21.27629975,10.0
1.5,0.4,33.6508565,11.0
1.35,0.3875,26.12406425,8.0
1.475,0.4,31.19862475,11.0
1.45,0.5625,38.42774725,18.0
1.55,0.4125,37.0527965,10.0
1.35,0.375,27.9242575,9.0
1.6375,0.4875,38.51279575,10.0
0.9625,0.1875,6.33611325,6.0
1.4375,0.3625,24.5790165,10.0
0.5375,0.1125,1.304077,5.0
0.7,0.2,3.04757125,5.0
1.3625,0.4125,25.287754,9.0
1.175,0.2625,13.154168,9.0
0.525,0.125,1.190679,5.0
1.4,0.375,22.29688175,11.0
0.7375,0.1875,4.252425,6.0
1.075,0.25,10.53183925,8.0
1.4125,0.4125,27.499015,10.0
1.5875,0.4375,32.205032,10.0
1.4125,0.3125,27.03124825,9.0
1.45,0.3625,31.18445,12.0
1.0875,0.2625,9.45455825,8.0
1.55,0.4375,34.6147395,10.0
1.7,0.475,41.730464,12.0
1.5125,0.4125,29.69610125,12.0
1.5,0.3875,28.33532525,9.0
1.625,0.3875,48.23667425,20.0
0.975,0.2375,8.71747125,7.0
1.65,0.45,37.137845,14.0
1.5125,0.4,29.540179,9.0
1.4375,0.35,24.5790165,8.0
1.5375,0.4,29.9654215,10.0
1.525,0.425,34.7848365,11.0
0.9625,0.225,6.16601625,7.0
0.85,0.1875,5.10291,5.0
1.55,0.4,30.40483875,13.0
1.65,0.4875,38.838815,14.0
1.5625,0.4375,38.20095125,11.0
1.4,0.375,25.92561775,9.0
1.1625,0.2625,13.551061,8.0
0.875,0.225,5.00368675,6.0
1.3875,0.35,22.41027975,14.0
1.5625,0.45,36.81182575,12.0
1.4,0.3875,28.81726675,19.0
1.775,0.4875,41.91473575,13.0
0.9,0.2375,6.350288,6.0
1.475,0.3625,29.95124675,10.0
1.475,0.3875,32.205032,18.0
1.4375,0.45,35.3518265,15.0
1.45,0.35,27.499015,10.0
1.125,0.3125,13.9196045,7.0
1.0375,0.2625,9.73805325,6.0
1.3375,0.35,25.231055,9.0
1.0,0.25,8.901743,8.0
1.1875,0.3,12.813974,9.0
1.225,0.3,17.70426275,7.0
1.675,0.425,35.25260325,11.0
1.425,0.3625,24.720764,14.0
1.6375,0.4125,35.550273,11.0
1.3125,0.35,20.0997955,10.0
1.0,0.2,8.23552975,7.0
1.7375,0.4625,49.8100715,11.0
1.3125,0.325,21.64484325,17.0
1.5,0.4375,33.12639075,14.0
1.0875,0.275,9.19941275,9.0
1.4125,0.4,26.26581175,9.0
1.6,0.5125,39.859397,11.0
1.3875,0.3625,21.1203775,10.0
1.175,0.3,13.05494475,10.0
1.2625,0.35,18.71067,8.0
1.5,0.4,35.0116325,9.0
1.55,0.4375,38.03085425,11.0
1.3,0.3125,17.293195,9.0
1.3,0.3125,16.40018575,7.0
1.35,0.325,22.80717275,9.0
1.5875,0.4625,45.91201525,11.0
1.6,0.45,36.4291075,10.0
1.625,0.475,45.982889,10.0
1.3,0.3375,20.36911575,9.0
1.0,0.25,7.78193775,8.0
1.6375,0.475,35.6920205,14.0
1.375,0.3625,24.664065,11.0
1.3,0.35,16.9813505,11.0
1.1,0.3,10.6310625,9.0
1.45,0.4,31.127751,15.0
0.925,0.225,6.577084,6.0
0.525,0.1,1.06310625,5.0
1.8125,0.4625,50.3770615,13.0
1.4,0.4375,32.034935,10.0
1.4625,0.3375,31.5529935,16.0
1.1,0.275,14.458245,7.0
1.3625,0.375,21.1203775,8.0
1.4125,0.3375,23.870279,9.0
1.7875,0.5,56.075311,20.0
1.25,0.3125,19.74542675,9.0
1.4125,0.4375,31.127751,9.0
1.625,0.45,42.14153175,15.0
1.0125,0.275,9.25611175,7.0
0.5875,0.125,1.88524175,6.0
1.5375,0.375,29.41260625,10.0
1.175,0.3125,15.66309875,8.0
1.5125,0.4,29.95124675,10.0
1.625,0.5,49.34230475,15.0
1.4875,0.3625,26.52095725,12.0
1.4375,0.3875,25.64212275,10.0
1.425,0.4,24.87668625,9.0
1.6125,0.375,35.62114675,10.0
1.55,0.4,35.02580725,9.0
1.3625,0.3875,27.08794725,9.0
1.475,0.4,26.7902775,10.0
1.75,0.5125,37.63396125,12.0
1.525,0.4125,30.34813975,8.0
1.5625,0.4,32.375129,10.0
1.425,0.375,25.44367625,14.0
1.5375,0.375,28.98736375,21.0
1.4625,0.4125,27.612413,9.0
1.1875,0.3125,14.9968855,8.0
1.7125,0.5125,49.68249875,12.0
1.05,0.3,12.5021295,7.0
1.5375,0.4,31.51046925,13.0
1.5625,0.4375,36.173962,18.0
1.5125,0.4,32.41765325,9.0
1.65,0.4625,39.98696975,11.0
1.3875,0.425,24.81998725,11.0
1.3125,0.3,18.71067,8.0
1.5875,0.475,37.98833,15.0
1.475,0.425,29.5118295,11.0
1.4625,0.375,24.67823975,10.0
1.65,0.5375,40.86580425,18.0
1.2,0.3625,16.0174675,14.0
0.475,0.1125,0.5953395,4.0
1.525,0.475,31.127751,16.0
1.2875,0.3125,22.0275615,10.0
1.5375,0.4625,35.22425375,10.0
1.5625,0.425,32.034935,11.0
1.2,0.275,13.721158,9.0
0.9,0.1875,5.8116475,6.0
1.6125,0.4125,32.2900805,12.0
1.775,0.4625,47.58463575,9.0
1.625,0.4375,45.302501,9.0
1.6125,0.4375,43.33843975,11.0
1.575,0.4,37.35046625,10.0
0.825,0.2125,5.20213325,6.0
1.4,0.375,25.0893075,9.0
1.325,0.4125,22.1976585,10.0
1.075,0.25,9.1001895,12.0
1.4125,0.3375,22.92057075,8.0
0.8375,0.225,5.71242425,5.0
1.45,0.375,23.09066775,9.0
1.675,0.475,47.0318205,15.0
1.45,0.4125,24.81998725,9.0
1.0,0.25,9.355335,7.0
1.3625,0.35,23.00561925,11.0
1.425,0.3625,24.81998725,8.0
1.4375,0.425,31.127751,15.0
1.425,0.375,24.84833675,10.0
1.3125,0.35,19.43358225,8.0
0.45,0.0875,0.66621325,4.0
1.1875,0.3125,18.46969925,10.0
1.8375,0.4625,53.28288525,11.0
1.3,0.35,18.80989325,11.0
0.775,0.1875,4.26659975,7.0
1.1875,0.3,12.927372,9.0
1.6125,0.425,35.3518265,9.0
0.825,0.1875,3.9405805,7.0
1.2,0.3125,15.762322,8.0
1.25,0.325,15.5071765,10.0
1.6125,0.4375,37.98833,14.0
1.3875,0.325,26.7902775,14.0
1.5,0.4125,31.127751,10.0
1.3375,0.35,20.41164,13.0
1.5625,0.3625,29.48348,10.0
1.5625,0.375,32.034935,9.0
1.025,0.225,8.448151,6.0
1.2,0.3125,15.43630275,7.0
0.9875,0.2375,8.618248,6.0
1.3125,0.4125,27.22969475,15.0
1.5625,0.4125,33.38153625,14.0
1.6875,0.5,44.21104525,13.0
1.7625,0.425,43.431434,12.0
1.3625,0.35,20.08562075,10.0
1.575,0.375,33.40988575,10.0
1.125,0.3125,14.35902175,15.0
1.65,0.3875,35.76289425,9.0
1.3375,0.3625,19.43358225,9.0
1.5,0.4375,32.1199835,10.0
1.35,0.375,23.416687,10.0
1.3625,0.4125,26.26581175,11.0
1.0125,0.2375,8.06543275,6.0
0.6875,0.1625,2.608154,5.0
1.5625,0.425,32.72949775,9.0
1.4875,0.425,31.85066325,11.0
1.1875,0.2625,11.94931425,11.0
1.0625,0.225,10.64523725,8.0
1.625,0.4375,36.3157095,13.0
1.5875,0.5,41.4753185,11.0
1.0625,0.275,10.39009175,9.0
1.025,0.225,10.2341695,6.0
1.6625,0.4125,40.78075575,9.0
1.7625,0.475,44.4803655,12.0
1.5875,0.3875,36.55668025,10.0
1.4875,0.4,24.720764,23.0
1.4125,0.3875,26.35086025,10.0
1.1,0.25,12.06271225,7.0
0.8875,0.225,6.0384435,6.0
1.0375,0.225,9.6104805,7.0
1.0125,0.25,10.41844125,7.0
1.1625,0.275,12.71475075,9.0
1.3,0.3125,19.74542675,8.0
1.4125,0.3875,27.45649075,10.0
0.95,0.275,6.53455975,8.0
1.3,0.3,17.95940825,8.0
1.4,0.3875,22.8213475,9.0
1.6125,0.4,37.15201975,13.0
1.6125,0.4375,34.302895,9.0
1.325,0.3,20.87940675,9.0
1.0,0.275,9.128539,8.0
1.5,0.4125,28.64716975,9.0
1.7125,0.4375,47.89648025,11.0
1.5125,0.3875,30.4190135,10.0
1.5625,0.4375,35.3518265,11.0
0.875,0.25,6.08096775,7.0
1.1625,0.2625,14.67086625,8.0
1.4875,0.4375,34.37376875,13.0
1.325,0.325,20.08562075,13.0
1.5625,0.5,34.23202125,17.0
1.1875,0.375,18.5689225,10.0
1.5625,0.425,40.78075575,12.0
1.6125,0.475,41.39027,11.0
1.475,0.45,27.669112,13.0
1.7,0.425,40.9083285,9.0
1.15,0.35,13.04077,10.0
0.925,0.2375,7.087375,6.0
1.5,0.4125,32.41765325,11.0
1.575,0.4125,34.65726375,13.0
1.525,0.4125,31.70891575,12.0
1.3875,0.4625,27.20134525,10.0
1.4375,0.375,24.42309425,13.0
1.125,0.3125,13.8062065,7.0
1.4,0.4125,28.689694,12.0
1.2625,0.3125,16.42853525,9.0
0.6625,0.1625,2.76407625,5.0
1.2,0.3,16.23008875,10.0
1.15,0.325,12.6722265,10.0
1.6125,0.4875,43.47395825,13.0
1.55,0.4625,37.194544,14.0
0.9,0.2,6.90310325,7.0
1.2875,0.375,25.69882175,11.0
1.625,0.4,37.06697125,10.0
1.6125,0.4375,41.48949325,15.0
0.975,0.225,8.6465975,6.0
1.3875,0.375,25.86891875,13.0
0.875,0.25,5.71242425,6.0
1.475,0.4125,29.69610125,10.0
1.2375,0.3,17.50581625,8.0
1.625,0.4,36.61337925,11.0
1.15,0.3375,13.04077,11.0
1.4375,0.3625,24.67823975,9.0
1.3625,0.35,24.08290025,11.0
0.9625,0.225,8.09378225,9.0
1.45,0.3375,24.720764,10.0
1.675,0.3875,37.32211675,11.0
1.1,0.2625,12.984071,7.0
1.6125,0.4375,37.137845,12.0
1.75,0.4375,47.230267,14.0
1.725,0.4875,43.3463855,10.0
1.6125,0.45,45.982889,16.0
1.5625,0.375,36.61337925,9.0
0.875,0.2,5.5848515,6.0
1.45,0.3625,24.62154075,10.0
1.6125,0.4,36.38658325,9.0
1.575,0.425,33.8776525,12.0
1.225,0.325,16.42853525,8.0
1.6,0.4375,37.137845,15.0
1.0625,0.3125,10.78698475,8.0
1.575,0.3875,32.98464325,11.0
1.45,0.35,24.16794875,8.0
1.55,0.4375,35.890467,9.0
1.5625,0.4125,34.8415355,9.0
1.675,0.4375,35.13920525,17.0
1.1375,0.2625,11.6516445,11.0
1.5875,0.3875,38.82464025,9.0
1.3125,0.325,17.84601025,8.0
1.4625,0.475,28.64716975,13.0
1.425,0.375,24.96173475,9.0
1.375,0.375,22.509503,11.0
1.55,0.3875,39.859397,10.0
0.9375,0.2,6.1518415,8.0
1.7125,0.4375,42.2124055,11.0
1.1,0.2625,10.95708175,7.0
1.325,0.375,20.82270775,9.0
1.45,0.375,23.43086175,11.0
1.6,0.4375,39.859397,13.0
1.5,0.4375,35.210079,15.0
1.625,0.4625,36.61337925,18.0
1.6125,0.425,43.02036625,11.0
1.2625,0.3125,19.83047525,10.0
1.35,0.3125,17.08057375,9.0
1.45,0.425,25.51455,12.0
1.275,0.325,21.8007655,9.0
1.6125,0.4875,43.70075425,16.0
1.4,0.375,22.566202,12.0
1.1,0.2625,11.89261525,7.0
1.175,0.325,16.37183625,8.0
1.0875,0.3125,14.004653,8.0
1.6,0.4125,34.9549335,9.0
1.3,0.3625,16.99552525,8.0
1.8,0.4625,49.5265765,11.0
0.925,0.25,7.72523875,7.0
1.2875,0.35,20.11397025,10.0
1.0875,0.275,13.551061,8.0
1.4125,0.4,27.4139665,17.0
1.65,0.475,32.0065855,10.0
1.5,0.4,30.220567,13.0
1.55,0.4375,31.51046925,11.0
1.475,0.4125,27.93843225,11.0
1.5375,0.3375,27.1304715,10.0
1.4625,0.375,27.0737725,9.0
0.6625,0.1625,3.30271675,5.0
1.0125,0.25,9.63883,12.0
1.425,0.4,24.777463,14.0
1.6,0.5,38.20095125,18.0
1.325,0.4,22.5378525,10.0
1.8,0.4875,52.29065275,11.0
1.5,0.4,28.22192725,9.0
1.175,0.2875,14.3731965,8.0
1.4875,0.375,26.63435525,9.0
1.1,0.25,11.38232425,7.0
1.325,0.325,20.921931,10.0
1.5875,0.4375,40.83745475,12.0
0.9125,0.2,5.65572525,6.0
0.7,0.175,2.8632995,7.0
1.475,0.4125,25.0326085,9.0
1.575,0.5,37.32211675,15.0
1.25,0.3375,14.3731965,10.0
1.3125,0.2125,14.35902175,9.0
1.8125,0.4375,50.6605565,11.0
1.3,0.3375,21.999212,8.0
1.475,0.375,29.1149365,15.0
0.925,0.2,6.53455975,7.0
1.5,0.3875,27.839209,10.0
0.6375,0.2,2.16873675,5.0
1.6125,0.475,36.1456125,22.0
1.5,0.375,32.205032,11.0
1.2625,0.3125,17.4349425,9.0
1.5,0.3875,35.777069,10.0
1.2125,0.2875,14.07552675,9.0
0.975,0.25,8.23552975,8.0
1.6125,0.5,39.2640575,11.0
1.5125,0.3875,30.51823675,9.0
1.3125,0.375,19.83047525,8.0
1.45,0.3875,28.60504325,9.0
1.6,0.475,41.23434775,12.0
1.3125,0.3125,18.07280625,7.0
1.6875,0.4625,45.92619,11.0
1.3875,0.4,30.0221205,9.0
1.525,0.4875,36.32988425,18.0
1.575,0.4125,32.16250775,13.0
1.675,0.4375,38.82464025,18.0
1.425,0.35,28.67551925,8.0
1.425,0.375,25.741346,9.0
1.475,0.3625,24.81998725,9.0
1.0625,0.275,10.886208,8.0
0.7625,0.1875,4.309124,8.0
1.5125,0.4125,37.32211675,20.0
1.4625,0.3625,26.308336,10.0
1.025,0.25,8.63242275,10.0
1.2375,0.3125,14.628342,8.0
1.0125,0.225,8.71747125,6.0
1.2375,0.3,15.762322,8.0
1.35,0.375,22.66542525,8.0
1.5375,0.425,31.22697425,10.0
1.125,0.2625,12.0485375,6.0
1.4875,0.325,23.43086175,11.0
0.9625,0.2375,7.9095105,6.0
1.4375,0.4125,28.4345485,9.0
1.5125,0.3875,33.43823525,9.0
1.225,0.3125,15.09610875,7.0
0.85,0.225,5.4147545,8.0
1.775,0.4375,48.23667425,11.0
1.525,0.4125,34.189497,10.0
1.7,0.4375,44.79221,10.0
1.4125,0.4,25.55707425,9.0
1.1,0.35,15.74814725,9.0
0.4625,0.0875,0.41106775,4.0
1.675,0.4375,39.68289275,20.0
1.2,0.25,10.4042665,7.0
1.6,0.4625,35.02580725,11.0
1.425,0.425,31.3261975,9.0
1.5625,0.3875,29.7386255,9.0
1.7125,0.45,43.1762885,9.0
1.0625,0.2625,11.5949455,7.0
1.6125,0.5375,39.02308675,16.0
1.625,0.425,36.7693015,12.0
1.6125,0.4625,38.00250475,13.0
1.575,0.4125,33.29648775,9.0
1.4375,0.375,24.6357155,9.0
1.525,0.4375,33.72173025,11.0
1.225,0.3,14.10387625,8.0
1.0,0.2875,9.808927,7.0
1.3,0.375,24.9192105,17.0
1.0625,0.2625,10.2341695,7.0
0.875,0.2375,5.5848515,6.0
1.6125,0.45,34.5013415,10.0
1.575,0.425,31.127751,13.0
1.3625,0.4,25.92561775,14.0
1.025,0.2375,10.41844125,7.0
1.25,0.325,20.97863,17.0
0.8125,0.1875,4.706017,6.0
0.8375,0.2125,5.613201,6.0
1.275,0.3125,18.030282,10.0
1.275,0.35,18.5689225,8.0
1.6375,0.525,40.78075575,11.0
1.575,0.4,32.16250775,9.0
1.375,0.2875,16.91047675,10.0
1.4125,0.375,24.79163775,10.0
1.325,0.325,21.659018,8.0
1.0875,0.3,10.44679075,7.0
1.0875,0.275,10.716111,6.0
1.6,0.3875,30.71668325,10.0
0.875,0.1875,3.75630875,6.0
1.0375,0.2375,9.02931575,8.0
1.575,0.4375,36.117263,14.0
1.1,0.325,12.6722265,8.0
1.45,0.3625,27.76833525,17.0
1.575,0.4125,33.92017675,15.0
1.625,0.4375,35.096681,10.0
0.725,0.1625,2.96252275,5.0
1.3875,0.325,21.885814,9.0
0.625,0.1875,2.62232875,4.0
1.2875,0.325,19.43358225,9.0
1.8125,0.425,40.44056175,21.0
1.2875,0.3125,16.386011,9.0
1.4125,0.4,24.153774,10.0
1.45,0.4125,25.1460065,9.0
1.525,0.4625,32.16250775,18.0
1.575,0.3875,30.83008125,10.0
1.4125,0.3625,22.92057075,8.0
1.375,0.3625,25.44367625,8.0
1.4,0.3875,27.5273645,12.0
1.2,0.375,17.98775775,11.0
0.8125,0.225,5.59902625,6.0
1.0375,0.2625,9.4970825,8.0
1.625,0.5375,47.513762,13.0
1.2625,0.3125,19.85882475,14.0
1.45,0.4625,37.52056325,12.0
1.6375,0.475,40.83745475,13.0
1.5625,0.3875,34.06192425,10.0
1.6,0.4625,36.7126025,10.0
1.25,0.3,18.1153305,15.0
0.3875,0.0875,0.49611625,3.0
1.1125,0.2625,11.55242125,9.0
1.55,0.4375,39.81687275,15.0
1.4875,0.4125,29.0582375,13.0
0.6375,0.175,2.02698925,7.0
0.725,0.1875,3.4302895,4.0
1.1,0.2625,10.33339275,7.0
1.5125,0.3875,29.48348,13.0
1.25,0.3125,15.20950675,8.0
0.5875,0.1875,1.82854275,5.0
1.2125,0.25,12.0485375,9.0
1.5625,0.4375,35.42134,15.0
1.125,0.275,10.33339275,9.0
1.4125,0.375,22.5378525,9.0
1.3875,0.4125,23.14736675,13.0
1.65,0.425,36.55668025,10.0
0.9125,0.225,6.30776375,6.0
1.1625,0.3125,14.52911875,7.0
1.6625,0.475,43.1762885,11.0
1.525,0.4125,35.33765175,12.0
1.4875,0.3625,28.292801,9.0
1.6,0.4125,35.550273,16.0
1.325,0.375,19.43358225,11.0
1.325,0.325,19.97222275,10.0
1.6625,0.45,47.9390045,10.0
1.5625,0.45,34.9549335,15.0
1.4625,0.3625,28.91649,8.0
1.0625,0.3125,10.9145575,8.0
1.475,0.3625,24.50814275,8.0
1.1,0.3,9.36950975,13.0
1.3625,0.3875,20.19901875,10.0
1.025,0.2625,9.93649975,15.0
1.4375,0.375,24.84833675,10.0
1.475,0.4125,28.67551925,10.0
1.225,0.3,17.95940825,9.0
0.5125,0.15,1.13398,4.0
1.325,0.3375,21.1203775,9.0
1.1875,0.3,13.19669225,9.0
1.425,0.3875,26.26581175,9.0
1.25,0.2875,14.8834875,8.0
1.3125,0.325,19.74542675,12.0
1.375,0.3375,24.73493875,8.0
0.7,0.2,2.891649,5.0
0.75,0.1875,3.4302895,4.0
1.425,0.4,26.01066625,11.0
1.525,0.4125,32.0065855,9.0
1.4875,0.375,33.43823525,14.0
0.8125,0.225,4.94698775,7.0
0.725,0.1625,2.8632995,5.0
1.4125,0.45,24.6924145,13.0
1.325,0.325,21.50309575,12.0
1.425,0.35,27.45649075,9.0
1.45,0.3625,24.153774,9.0
1.325,0.35,21.0069795,9.0
0.925,0.225,6.30776375,6.0
1.6125,0.4125,30.40483875,10.0
1.1625,0.275,14.911837,7.0
1.425,0.3875,29.6819265,9.0
1.4625,0.3875,26.7902775,11.0
1.2625,0.3375,17.50581625,23.0
1.7,0.45,46.67745175,16.0
1.2,0.3625,16.85377775,8.0
1.6,0.4125,35.777069,14.0
1.425,0.375,27.68328675,9.0
1.3,0.4,21.70154225,9.0
0.9125,0.2,6.30776375,6.0
0.8125,0.2125,4.60679375,7.0
1.5625,0.4125,35.3518265,13.0
0.8,0.225,4.97533725,5.0
1.5125,0.4125,31.581343,11.0
1.175,0.2625,14.2030995,8.0
1.525,0.425,32.2333815,11.0
1.4625,0.3875,22.92057075,10.0
0.9,0.225,7.1157245,6.0
1.2625,0.325,15.762322,12.0
1.5,0.375,23.40251225,12.0
1.15,0.325,15.37960375,10.0
0.45,0.125,0.9922325,4.0
1.45,0.4,29.95124675,9.0
0.9875,0.2375,7.58349125,7.0
1.3625,0.375,24.777463,11.0
1.05,0.25,11.07047975,7.0
1.35,0.35,18.01610725,10.0
1.275,0.3,16.40018575,9.0
1.55,0.4125,31.638042,11.0
1.3,0.325,17.61921425,10.0
1.5625,0.4,32.58775025,12.0
1.4875,0.325,25.92561775,8.0
1.4375,0.3,24.73493875,11.0
1.5625,0.4,34.5013415,9.0
1.25,0.35,17.95940825,12.0
1.325,0.325,17.08057375,9.0
1.2625,0.375,19.3060095,13.0
1.725,0.5,50.6605565,13.0
1.2,0.3125,14.5432935,8.0
1.575,0.4875,37.1094955,11.0
1.375,0.45,23.24659,12.0
1.425,0.3875,26.3366855,9.0
1.675,0.5375,44.9906565,16.0
1.425,0.3875,29.8520235,14.0
1.3625,0.4,18.824068,12.0
1.1375,0.3,13.04077,9.0
1.375,0.375,24.38057,9.0
1.45,0.3875,31.581343,18.0
1.575,0.4,34.8415355,9.0
1.6,0.4125,32.457851,10.0
0.9875,0.225,7.9662095,9.0
1.1,0.25,11.2547515,8.0
1.3,0.375,25.684647,9.0
1.5375,0.3875,27.612413,10.0
1.3625,0.3125,19.8163005,9.0
1.3625,0.3625,23.71435675,9.0
0.9375,0.2125,6.90310325,6.0
1.675,0.4875,47.7689075,10.0
1.2625,0.2875,19.85882475,9.0
1.3,0.35,17.95940825,11.0
1.1625,0.275,14.571643,9.0
1.375,0.375,26.32251075,19.0
1.6125,0.4375,38.71124225,9.0
1.3375,0.375,18.030282,8.0
1.3125,0.3375,20.11397025,8.0
1.675,0.5125,45.20327775,11.0
1.2375,0.3125,16.27902025,9.0
1.2,0.275,17.7184375,7.0
0.6875,0.175,3.005047,2.0
1.4125,0.3875,26.64853,14.0
1.4375,0.3875,27.78251,11.0
0.925,0.2375,6.42116175,5.0
1.25,0.3125,15.2236815,9.0
1.7,0.45,38.82464025,12.0
1.15,0.2875,12.303683,11.0
1.2625,0.325,18.71067,8.0
1.5625,0.4,30.51823675,13.0
1.25,0.3125,16.37183625,10.0
1.475,0.3875,30.51823675,11.0
1.3625,0.3625,21.72989175,13.0
1.5,0.4,31.22697425,9.0
1.3875,0.35,22.4811535,8.0
0.975,0.225,9.015141,7.0
1.3375,0.3375,27.895908,17.0
0.8125,0.1875,4.20990075,9.0
1.475,0.375,30.43318825,9.0
1.55,0.4375,38.90968875,15.0
0.9125,0.225,6.0384435,8.0
0.75,0.225,3.41611475,6.0
0.9,0.275,7.83863675,12.0
0.8375,0.2125,5.0745605,6.0
1.2625,0.3125,17.90270925,8.0
1.55,0.4125,34.5013415,10.0
1.325,0.4125,19.901349,11.0
1.175,0.275,13.53688625,10.0
1.5375,0.4125,34.23202125,15.0
1.3125,0.375,23.019794,15.0
1.3,0.3,17.02387475,10.0
0.7,0.175,3.005047,5.0
1.55,0.425,36.117263,17.0
1.375,0.3875,23.0481435,8.0
0.9125,0.2375,6.4353365,7.0
1.625,0.4375,46.096287,12.0
1.0,0.25,7.98038425,7.0
0.675,0.1625,2.83495,8.0
1.45,0.3375,22.58037675,10.0
1.475,0.3875,31.59551775,12.0
1.6125,0.475,42.2691045,13.0
1.5375,0.375,30.43318825,9.0
1.0625,0.2875,9.45455825,8.0
1.425,0.3875,26.138239,8.0
0.9125,0.225,5.556502,7.0
0.525,0.15,1.23320325,4.0
1.5875,0.4375,37.137845,9.0
1.575,0.4125,34.529691,13.0
1.575,0.3875,33.46658475,8.0
1.1875,0.3,15.12445825,8.0
1.0,0.275,9.25611175,8.0
1.55,0.4,31.1561005,9.0
1.125,0.3,13.60776,8.0
1.625,0.475,39.405805,11.0
1.6375,0.4375,39.405805,11.0
1.425,0.4125,22.11261,10.0
1.2625,0.3125,19.66037825,11.0
1.7625,0.5125,52.09220625,10.0
1.5875,0.4875,36.457457,11.0
1.675,0.475,46.45065575,11.0
1.525,0.4,30.5891105,9.0
1.5875,0.4375,38.6403685,14.0
1.15,0.325,13.36678925,9.0
1.4375,0.4,25.344453,8.0
1.45,0.4125,27.76833525,10.0
1.5625,0.45,34.5013415,10.0
1.625,0.45,36.4291075,13.0
0.9625,0.2375,7.144074,6.0
0.9,0.2375,5.88252125,6.0
1.25,0.35,14.18892475,9.0
0.7125,0.1875,3.64291075,7.0
1.725,0.4625,51.2275465,11.0
1.55,0.4875,31.59551775,11.0
1.3125,0.3125,22.1409595,8.0
0.9,0.225,7.55514175,6.0
1.725,0.4375,47.86813075,11.0
1.225,0.3125,21.9708625,8.0
1.4,0.375,27.612413,10.0
1.55,0.475,33.40988575,19.0
0.8,0.1875,4.2240755,7.0
1.425,0.3375,22.566202,7.0
0.8375,0.2125,4.23825025,7.0
1.425,0.3,24.73493875,9.0
1.2875,0.3,16.42853525,8.0
1.2125,0.3,16.51358375,15.0
1.675,0.425,38.22930075,11.0
0.95,0.2375,7.9095105,6.0
1.4,0.3875,27.442316,12.0
1.6375,0.4125,43.6298805,14.0
1.1,0.2625,11.1413535,7.0
0.925,0.2625,7.75358825,7.0
1.575,0.4625,33.72173025,13.0
0.9875,0.2625,8.88756825,7.0
1.55,0.4375,34.74231225,10.0
1.45,0.425,24.4656185,18.0
1.5375,0.3625,28.70386875,9.0
1.3375,0.425,20.41164,12.0
0.6875,0.175,2.8066005,3.0
1.0625,0.2875,9.355335,12.0
1.4625,0.3875,29.9654215,13.0
0.775,0.1875,5.06038575,5.0
1.4125,0.3875,27.78251,11.0
1.025,0.225,8.901743,6.0
0.7125,0.1625,3.04757125,6.0
1.25,0.325,15.5071765,8.0
1.3125,0.375,23.189891,8.0
1.3375,0.3625,19.1926115,10.0
1.6875,0.4625,45.5576465,11.0
0.6,0.1625,1.88524175,5.0
1.425,0.4125,27.54153925,9.0
0.5875,0.1125,1.13398,5.0
1.7875,0.4625,43.6865795,10.0
1.3125,0.325,17.84601025,9.0
1.4,0.2875,26.64853,11.0
1.1375,0.2875,13.45183775,7.0
1.65,0.475,40.5681345,12.0
0.875,0.2,5.6415505,7.0
1.5125,0.375,33.849303,9.0
1.6125,0.45,42.2691045,10.0
1.125,0.25,13.99047825,8.0
1.4375,0.425,25.50037525,13.0
0.8875,0.1875,6.23689,6.0
1.2875,0.3,19.66037825,8.0
1.325,0.375,19.83047525,13.0
1.4625,0.35,22.89222125,12.0
1.6875,0.4625,41.4753185,10.0
1.55,0.4125,29.3417325,13.0
1.65,0.5,43.7999775,12.0
1.125,0.3125,12.48795475,7.0
1.525,0.4375,32.31843,14.0
1.1,0.2625,9.25611175,7.0
0.925,0.225,6.87475375,6.0
1.125,0.275,12.927372,7.0
1.425,0.3625,28.02348075,9.0
1.5625,0.4625,31.638042,10.0
0.95,0.2,6.70465675,7.0
1.3625,0.3875,22.43862925,11.0
1.4125,0.3875,28.8881405,10.0
1.525,0.4625,36.7126025,11.0
1.2125,0.3125,15.365429,9.0
1.5625,0.4375,34.189497,9.0
1.5625,0.425,33.46658475,9.0
1.55,0.3,32.10580875,9.0
1.6,0.4875,41.71628925,15.0
1.275,0.3125,20.638436,9.0
1.45,0.375,28.3778495,10.0
1.1,0.25,9.28446125,8.0
1.4125,0.4,28.4912475,10.0
1.3,0.325,24.08290025,10.0
1.3125,0.4125,21.6873675,9.0
0.875,0.2125,5.556502,7.0
1.6375,0.4125,44.69298675,9.0
1.625,0.425,35.3518265,8.0
1.7125,0.4375,37.42134,11.0
1.0875,0.2875,12.984071,8.0
1.325,0.3125,18.030282,7.0
1.6,0.4125,34.5013415,9.0
1.275,0.4125,23.91280325,8.0
1.45,0.425,27.839209,9.0
0.875,0.2,5.5281525,6.0
1.5625,0.475,34.3879435,14.0
1.75,0.45,49.54075125,16.0
1.3125,0.3625,21.885814,12.0
1.525,0.425,37.23706825,10.0
1.2625,0.325,21.64484325,11.0
0.625,0.1125,1.99863975,3.0
1.125,0.2875,10.21999475,8.0
1.225,0.3,15.03940975,10.0
1.2875,0.325,19.5328055,12.0
1.55,0.4125,33.26813825,8.0
0.7,0.175,3.38776525,6.0
1.1,0.3,10.886208,6.0
1.15,0.2875,12.99824575,11.0
0.9625,0.25,8.901743,7.0
1.25,0.3625,16.68368075,8.0
1.4125,0.3625,24.99008425,9.0
1.575,0.375,30.71668325,12.0
1.25,0.3375,17.95940825,14.0
0.925,0.225,6.0951425,7.0
1.3125,0.3875,20.638436,9.0
1.4375,0.425,24.720764,10.0
0.975,0.2375,8.15048125,8.0
1.325,0.325,19.43358225,9.0
1.125,0.2625,11.3398,7.0
1.4375,0.4125,24.6924145,11.0
1.4625,0.3875,25.684647,9.0
1.475,0.375,27.499015,11.0
1.175,0.3125,14.41572075,7.0
1.625,0.4375,37.1094955,16.0
1.4375,0.3625,21.38969775,10.0
1.7,0.5375,52.29065275,15.0
0.85,0.2125,5.06038575,7.0
1.5625,0.4,35.19590425,9.0
1.5875,0.4125,35.7487195,9.0
1.8125,0.4875,60.6962795,13.0
1.1875,0.2375,14.75591475,7.0
1.0875,0.3375,11.77921725,18.0
1.5625,0.5375,37.1094955,11.0
1.4125,0.425,26.365035,8.0
1.0375,0.2375,10.98543125,10.0
1.4,0.3625,28.56212125,10.0
0.9125,0.2,6.84640425,5.0
1.3125,0.375,24.437269,11.0
0.4625,0.1,0.963883,4.0
0.9375,0.2,7.35669525,7.0
1.4375,0.4375,29.15746075,15.0
1.2625,0.375,17.1514475,11.0
1.2125,0.3375,18.01610725,8.0
1.4,0.45,31.18445,13.0
1.625,0.425,39.76017375,12.0
1.3125,0.3,19.8163005,11.0
1.6,0.4875,34.8415355,12.0
1.175,0.3,15.43630275,9.0
1.8375,0.475,62.652395,12.0
1.3125,0.3125,23.7852305,9.0
1.4,0.375,24.777463,9.0
1.4125,0.3875,26.1665885,10.0
1.3375,0.3625,22.52367775,9.0
1.55,0.3875,34.9549335,14.0
1.2875,0.4125,18.46969925,14.0
1.5,0.375,31.31202275,9.0
1.175,0.2875,12.2753335,10.0
0.6875,0.1625,2.8066005,6.0
0.825,0.225,6.0951425,6.0
0.4125,0.1,0.5953395,4.0
1.75,0.5375,64.16909325,11.0
1.525,0.375,28.2077525,11.0
1.6625,0.4875,40.483086,11.0
1.5375,0.425,29.993771,11.0
0.9375,0.225,7.95203475,8.0
1.3125,0.3125,21.27629975,9.0
1.45,0.4125,27.1304715,15.0
1.225,0.275,14.16057525,8.0
1.3125,0.2875,17.633389,8.0
1.3125,0.35,19.17843675,12.0
1.5125,0.3625,28.64716975,8.0
1.25,0.3125,14.004653,12.0
1.6,0.4375,34.3879435,10.0
1.5375,0.3625,28.81726675,11.0
1.075,0.25,10.95708175,7.0
1.4375,0.375,25.51455,13.0
1.6375,0.4625,43.410852,11.0
1.6125,0.4375,40.86580425,11.0
1.6,0.4125,35.3518265,11.0
0.8875,0.2,5.2446575,6.0
1.4875,0.45,32.715323,9.0
1.175,0.275,13.33843975,8.0
0.925,0.225,5.88252125,6.0
1.375,0.3375,22.75047375,8.0
1.4875,0.4125,30.43318825,9.0
1.15,0.3,12.34620725,8.0
1.5625,0.4125,35.50774875,9.0
1.775,0.5625,43.47395825,12.0
1.675,0.45,40.83745475,9.0
1.5875,0.45,35.33765175,11.0
1.65,0.5,38.22930075,13.0
1.4,0.4,25.51455,11.0
1.35,0.35,19.901349,11.0
1.25,0.3875,18.75319425,12.0
1.4875,0.4375,30.05047,11.0
1.4875,0.3875,27.62658775,14.0
1.4125,0.4125,34.06192425,15.0
0.825,0.15,4.80524025,5.0
0.525,0.1375,1.28990225,4.0
1.6375,0.4875,36.27318525,11.0
1.4625,0.4125,29.596878,10.0
1.55,0.375,30.220567,12.0
1.6375,0.4375,40.97920225,10.0
1.6,0.4375,38.20095125,10.0
1.2625,0.3125,18.71067,8.0
1.5375,0.4375,32.36095425,12.0
1.475,0.375,30.333965,10.0
1.5,0.4,33.1972645,13.0
1.35,0.35,23.11901725,8.0
1.425,0.3375,23.20406575,8.0
1.6,0.4,37.9032815,10.0
1.475,0.3625,21.8574645,10.0
1.775,0.4875,50.53298375,12.0
1.675,0.4625,48.931237,18.0
0.8375,0.2125,4.91863825,6.0
1.1,0.3125,11.509897,8.0
1.525,0.45,34.60056475,10.0
1.5375,0.425,31.28367325,12.0
1.075,0.25,9.19941275,7.0
1.4375,0.3625,27.28639375,8.0
1.175,0.3,14.81261375,8.0
1.575,0.4375,34.8415355,11.0
1.3125,0.3375,19.74542675,15.0
0.8375,0.2125,4.46504625,7.0
1.5625,0.425,37.42134,10.0
1.05,0.275,12.79979925,8.0
1.5,0.3625,32.375129,26.0
1.125,0.275,10.8011595,13.0
1.3,0.3125,22.1976585,10.0
1.2875,0.325,20.14231975,9.0
1.55,0.4625,37.9032815,9.0
0.8125,0.175,4.252425,6.0
1.375,0.325,19.050864,11.0
1.2125,0.325,17.463292,8.0
1.5625,0.4125,31.127751,10.0
0.9625,0.25,8.00873375,7.0
1.2125,0.3125,16.51358375,9.0
0.925,0.2125,6.25106475,6.0
1.425,0.4,26.2799865,11.0
1.375,0.3,24.73493875,8.0
1.625,0.4375,38.96638775,11.0
1.4,0.3125,23.43086175,8.0
1.3875,0.35,28.76056775,17.0
1.3125,0.375,20.2131935,13.0
1.3125,0.3625,23.45921125,13.0
1.5125,0.4375,31.9498865,9.0
1.5375,0.4375,31.14192575,12.0
1.6,0.45,42.921143,11.0
0.7,0.2,3.005047,7.0
1.65,0.425,37.137845,10.0
1.2875,0.3125,17.70426275,9.0
1.475,0.4,30.03629525,9.0
1.0625,0.25,13.8062065,10.0
1.25,0.3125,15.12445825,8.0
1.5125,0.4125,28.64716975,9.0
1.175,0.3125,14.5999925,8.0
1.1,0.275,12.0485375,6.0
1.45,0.375,28.803092,9.0
1.425,0.35,23.9553275,10.0
1.125,0.275,13.90542975,8.0
1.225,0.2875,12.68640125,11.0
1.4125,0.375,23.5584345,9.0
1.1,0.325,11.80756675,15.0
1.4875,0.4125,33.26813825,10.0
1.7375,0.5125,53.6089045,14.0
1.5875,0.4125,36.7693015,8.0
1.5875,0.4125,35.98969025,12.0
1.475,0.375,30.94347925,12.0
1.4375,0.375,27.839209,14.0
1.425,0.35,24.76328825,10.0
1.4875,0.375,29.8520235,9.0
1.5375,0.4125,30.0221205,10.0
1.225,0.3125,16.45688475,9.0
0.6375,0.1625,2.608154,5.0
1.5875,0.425,36.86852475,9.0
1.2625,0.3125,15.29455525,8.0
1.475,0.375,24.097075,18.0
1.425,0.3625,23.00561925,11.0
1.55,0.375,28.8314415,11.0
1.4,0.4,26.9036755,15.0
1.325,0.3375,20.08562075,8.0
1.325,0.3125,15.762322,7.0
1.525,0.4125,32.44600275,13.0
1.425,0.425,24.47979325,12.0
1.5625,0.475,31.978236,13.0
1.225,0.3875,25.13183175,13.0
0.7125,0.2,2.721552,5.0
0.825,0.225,5.37223025,7.0
1.45,0.3875,27.839209,9.0
1.3125,0.325,19.60367925,12.0
1.575,0.4,34.6147395,9.0
0.7375,0.2,3.96893,7.0
1.4125,0.45,25.92561775,13.0
1.05,0.2875,10.6877615,7.0
1.25,0.325,18.46969925,9.0
1.5125,0.3875,30.220567,10.0
1.5,0.375,32.0065855,11.0
1.5125,0.3875,31.3828965,13.0
1.625,0.4125,36.230661,9.0
1.45,0.4125,29.5118295,11.0
1.45,0.4125,31.62386725,18.0
1.5875,0.4375,35.62114675,9.0
1.0125,0.225,10.716111,8.0
1.25,0.3375,18.5689225,12.0
1.05,0.275,12.927372,8.0
1.7625,0.5125,51.21337175,11.0
1.3,0.3,16.42853525,8.0
1.8125,0.5375,59.1654065,12.0
1.575,0.4125,34.5013415,10.0
1.75,0.5375,49.25725625,21.0
0.35,0.125,0.41106775,5.0
1.6125,0.475,42.48172575,13.0
1.4,0.3625,30.43318825,10.0
1.4125,0.3625,29.44095575,10.0
0.9875,0.3,7.257472,9.0
1.5625,0.4,37.52056325,13.0
1.25,0.3125,14.7133905,8.0
1.525,0.4125,29.66775175,11.0
1.2125,0.3125,18.653971,8.0
1.625,0.4375,39.9444455,14.0
0.8125,0.15,4.20990075,6.0
1.6375,0.3625,28.76056775,10.0
1.1875,0.25,14.571643,8.0
0.8375,0.1875,5.10291,7.0
1.2625,0.3,18.5689225,9.0
1.4,0.35,23.40251225,11.0
0.525,0.0,1.1623295,5.0
1.325,0.325,20.87940675,11.0
1.0375,0.25,8.17883075,7.0
1.6,0.4125,36.61337925,11.0
1.3,0.3875,18.313777,9.0
1.525,0.4125,30.1922175,11.0
1.4375,0.375,26.2232875,17.0
0.425,0.1375,0.89300925,5.0
1.4375,0.35,28.066005,13.0
1.425,0.4125,31.22697425,19.0
1.525,0.3875,29.3417325,8.0
1.125,0.3375,13.08329425,7.0
1.45,0.35,23.3316385,9.0
0.7,0.2,3.04757125,6.0
1.5625,0.4,37.0527965,10.0
1.5625,0.3875,31.411246,10.0
1.0625,0.2875,10.2341695,7.0
1.4125,0.3375,24.323871,10.0
1.0375,0.275,8.958442,8.0
1.4625,0.3875,27.20134525,10.0
1.425,0.3,20.28406725,7.0
0.575,0.1375,1.28990225,4.0
0.6875,0.1625,2.721552,5.0
1.475,0.325,22.75047375,11.0
1.3625,0.375,18.4555245,10.0
1.3375,0.375,23.79940525,8.0
1.6375,0.475,40.9083285,15.0
1.425,0.4375,26.86115125,13.0
0.875,0.225,5.3013565,7.0
1.4,0.35,24.8625115,9.0
0.9,0.2125,5.6699,6.0
1.6,0.4,37.42134,8.0
1.425,0.375,23.24659,8.0
1.0875,0.3125,11.94931425,9.0
1.65,0.4375,38.5836695,11.0
0.95,0.2375,7.654365,6.0
0.6875,0.2,2.8066005,5.0
0.9375,0.2375,6.180191,6.0
1.5,0.35,28.76056775,15.0
1.0,0.225,8.46232575,6.0
1.2875,0.3375,16.726205,8.0
1.5625,0.4125,32.375129,10.0
1.0875,0.275,12.34620725,6.0
1.4875,0.35,27.11629675,10.0
1.45,0.3875,30.43318825,21.0
1.425,0.35,24.08290025,8.0
1.125,0.3,15.5071765,10.0
0.9625,0.2,7.144074,7.0
1.7,0.4875,50.56133325,12.0
0.75,0.2,4.03980375,6.0
0.8875,0.25,6.98815175,6.0
1.5,0.375,32.16250775,14.0
1.5125,0.4,30.1922175,16.0
1.675,0.4375,40.7382315,12.0
1.7125,0.525,50.76618775,9.0
1.3375,0.4,26.23746225,13.0
1.5625,0.4,33.89182725,11.0
1.15,0.275,14.8267885,10.0
0.675,0.1875,3.5436875,5.0
1.3,0.35,16.896302,8.0
1.375,0.375,21.87163925,16.0
1.5125,0.4375,34.6147395,11.0
1.4875,0.375,31.18445,18.0
1.0875,0.2875,11.89261525,9.0
1.4125,0.3875,29.72445075,11.0
1.5875,0.4,36.85435,9.0
1.675,0.4375,49.34230475,10.0
1.075,0.25,10.886208,7.0
0.8,0.1875,5.00368675,7.0
1.3125,0.3625,24.76328825,11.0
1.1875,0.325,16.31513725,8.0
1.375,0.4125,24.5790165,10.0
1.25,0.325,22.75047375,8.0
0.8125,0.15,4.91863825,5.0
1.4,0.3875,19.901349,11.0
1.5875,0.4,34.189497,9.0
1.5,0.3875,37.364641,14.0
1.6,0.4,36.4291075,9.0
1.5125,0.4125,30.333965,11.0
0.7,0.175,3.16096925,6.0
1.375,0.375,24.81998725,10.0
1.0125,0.2,8.5331995,6.0
1.325,0.3875,18.4555245,9.0
1.425,0.3875,24.323871,12.0
1.2875,0.3375,17.78931125,11.0
0.975,0.25,9.93649975,7.0
1.5375,0.375,29.66775175,11.0
0.9375,0.2375,6.23689,7.0
1.3375,0.4125,26.2232875,15.0
0.6875,0.175,2.76407625,7.0
1.3875,0.375,27.612413,10.0
1.4125,0.4,23.7285315,9.0
1.175,0.3,15.74814725,10.0
1.5625,0.375,30.94347925,11.0
0.775,0.1875,5.06038575,6.0
1.2125,0.325,14.628342,12.0
1.325,0.35,20.0430965,13.0
1.0625,0.275,10.73028575,7.0
1.4625,0.425,31.808139,14.0
1.55,0.4125,29.63940225,9.0
1.275,0.325,15.8473705,8.0
1.45,0.4125,32.034935,9.0
1.2625,0.325,18.4555245,13.0
0.925,0.1875,7.98038425,6.0
1.6375,0.4125,29.95124675,11.0
1.5125,0.4,30.5324115,14.0
1.525,0.4375,32.375129,13.0
1.475,0.4375,29.8520235,9.0
1.6,0.4125,31.62386725,14.0
1.55,0.4,32.72949775,9.0
1.6,0.4,35.16755475,8.0
1.5875,0.4,32.16250775,13.0
1.6,0.4375,34.5013415,14.0
0.8375,0.1875,6.13766675,5.0
1.7625,0.425,45.71356875,12.0
1.3,0.2875,21.38969775,13.0
1.4875,0.4125,29.8520235,17.0
1.175,0.3125,13.9196045,10.0
1.175,0.3,16.839603,9.0
1.15,0.275,13.3526145,8.0
0.475,0.0875,0.5953395,4.0
1.4875,0.375,29.8520235,13.0
1.5625,0.3125,32.72949775,9.0
1.575,0.375,33.849303,20.0
1.0375,0.25,10.30504325,7.0
1.475,0.3625,27.612413,10.0
1.475,0.45,33.40988575,14.0
1.2875,0.2875,17.84601025,9.0
1.075,0.2875,10.41844125,9.0
0.85,0.225,5.3013565,7.0
0.825,0.25,5.6415505,7.0
0.725,0.1875,4.12485225,6.0
1.3125,0.375,24.0687255,9.0
1.5625,0.4375,33.40988575,15.0
1.525,0.4,31.581343,11.0
1.3875,0.4375,26.7902775,10.0
1.4375,0.375,27.22969475,9.0
1.3875,0.4125,25.27357925,10.0
1.3125,0.35,22.11261,9.0
1.5625,0.4,32.205032,12.0
0.75,0.1875,3.67126025,5.0
1.2,0.3,15.4504775,8.0
1.5625,0.5,38.42774725,16.0
1.2125,0.3125,17.293195,9.0
1.3125,0.35,18.69649525,10.0
1.5875,0.4125,36.38658325,11.0
1.525,0.4125,31.90736225,10.0
1.525,0.4125,34.6147395,11.0
1.2125,0.3125,15.252031,8.0
1.225,0.3625,20.34076625,8.0
1.4375,0.4,31.79396425,12.0
1.3875,0.325,20.071446,9.0
1.2875,0.3125,23.79940525,11.0
1.3125,0.3375,22.01338675,8.0
1.175,0.2625,15.66309875,16.0
1.675,0.4875,42.354153,10.0
1.375,0.375,24.7491135,9.0
1.625,0.4,35.50774875,11.0
1.2,0.3125,16.71203025,8.0
1.4125,0.375,26.0531905,10.0
1.6,0.4125,37.0527965,10.0
1.0875,0.2625,12.927372,7.0
1.4375,0.4,24.11124975,11.0
1.5,0.3875,31.75144,11.0
0.9875,0.225,7.27164675,7.0
1.2625,0.3125,16.896302,7.0
1.5375,0.375,29.44095575,9.0
0.825,0.1875,4.86193925,6.0
1.05,0.3,11.80756675,8.0
1.5,0.375,27.9809565,10.0
0.4625,0.1125,0.907184,4.0
1.025,0.225,9.00096625,8.0
1.3,0.325,14.628342,11.0
1.425,0.3375,24.73493875,9.0
1.45,0.4375,25.3728025,9.0
1.775,0.4875,57.606184,17.0
1.625,0.45,35.777069,11.0
1.625,0.425,44.22522,12.0
1.4875,0.3875,32.13415825,10.0
1.525,0.4375,31.127751,9.0
0.875,0.2,5.6699,10.0
1.3,0.3875,22.1409595,8.0
0.925,0.2,6.30776375,7.0
1.525,0.425,27.08794725,11.0
1.5875,0.3875,38.8104655,10.0
1.0375,0.25,11.43902325,8.0
1.5875,0.4625,36.61337925,10.0
1.3125,0.3625,23.6718325,15.0
1.15,0.2625,12.2753335,9.0
0.85,0.2125,5.556502,7.0
1.275,0.3375,18.01610725,9.0
1.425,0.3625,23.85610425,8.0
1.3625,0.35,23.88445375,9.0
1.4125,0.35,26.09571475,12.0
1.4375,0.375,22.38193025,10.0
1.1875,0.2875,16.40018575,8.0
1.925,0.4875,71.11472075,13.0
1.5625,0.4625,33.40988575,14.0
1.2625,0.3125,16.5277585,11.0
1.375,0.3375,21.55979475,8.0
1.5625,0.4375,31.6096925,10.0
1.7625,0.5375,49.34230475,18.0
1.575,0.4375,38.96638775,11.0
1.4,0.4,29.66775175,9.0
0.875,0.225,5.10291,10.0
1.1625,0.2625,11.793392,7.0
0.775,0.225,5.25883225,6.0
1.725,0.5,50.2636635,13.0
1.0,0.2375,8.6465975,7.0
1.45,0.35,24.6357155,8.0
1.5625,0.4125,34.5013415,10.0
1.6875,0.5125,54.5727875,12.0
0.8625,0.1875,5.25883225,6.0
1.4625,0.3875,27.328918,13.0
0.8,0.2125,4.3941725,6.0
1.5,0.4,32.36095425,19.0
1.625,0.475,39.405805,11.0
1.1,0.325,11.66581925,7.0
0.3875,0.1125,0.41106775,5.0
1.45,0.375,30.09299425,11.0
1.4,0.4125,25.51455,12.0
1.55,0.425,34.529691,10.0
1.375,0.4,22.6796,11.0
0.675,0.1125,2.83495,5.0
1.2625,0.35,21.0069795,13.0
1.5625,0.4,35.3518265,10.0
1.4375,0.375,22.92057075,8.0
1.125,0.275,14.004653,7.0
1.675,0.4625,47.3153155,23.0
1.425,0.375,23.7285315,7.0
1.4875,0.3125,31.1561005,17.0
0.8375,0.2375,7.144074,9.0
1.1125,0.275,15.09610875,12.0
1.325,0.35,19.8163005,12.0
1.0875,0.2625,11.509897,8.0
0.9375,0.2,6.30776375,6.0
1.675,0.4625,43.50230775,11.0
1.2,0.3125,16.51358375,10.0
1.35,0.4125,29.5118295,15.0
1.4125,0.325,23.870279,8.0
1.5625,0.3875,36.740952,11.0
1.4375,0.3875,26.23746225,9.0
1.4875,0.375,29.9087225,9.0
1.1,0.25,12.927372,8.0
0.925,0.2375,5.6699,7.0
1.1375,0.3,12.7856245,13.0
1.0125,0.2375,7.9095105,7.0
1.55,0.4375,32.601925,14.0
1.4875,0.325,24.5790165,9.0
1.3875,0.325,21.6873675,9.0
0.7125,0.15,3.24601775,6.0
1.3,0.325,20.014747,8.0
1.5625,0.4,36.85435,12.0
1.0375,0.275,10.44679075,8.0
1.4625,0.3625,26.365035,11.0
1.5625,0.375,33.792604,10.0
0.85,0.2,5.3013565,7.0
0.925,0.2125,6.0384435,7.0
1.175,0.35,13.93377925,9.0
1.0875,0.275,10.77281,7.0
0.7,0.175,2.79242575,5.0
1.4875,0.3875,31.51046925,11.0
1.55,0.3625,32.44600275,9.0
1.2875,0.35,19.17843675,9.0
1.05,0.2625,10.27669375,7.0
1.5375,0.4125,36.967748,16.0
1.1,0.3,8.8733935,13.0
1.55,0.5,37.42134,20.0
1.325,0.3875,22.72212425,9.0
1.3875,0.3375,24.70658925,11.0
1.675,0.5,48.7327905,16.0
1.35,0.3375,24.8058125,12.0
1.475,0.3625,22.2543575,12.0
1.7375,0.5,45.812792,11.0
1.8,0.525,53.410458,22.0
1.8,0.5125,67.5001595,12.0
1.575,0.4125,32.375129,12.0
1.5625,0.4125,31.127751,15.0
1.5125,0.425,28.02348075,10.0
1.275,0.35,17.7184375,8.0
1.4,0.3875,20.41164,9.0
1.6125,0.475,36.4291075,12.0
1.5625,0.4375,33.8776525,13.0
1.6375,0.4875,48.477645,17.0
0.6375,0.175,2.05533875,7.0
0.4375,0.125,0.66621325,4.0
1.175,0.3,12.74310025,8.0
1.3,0.3375,18.4555245,9.0
1.5625,0.4125,34.60056475,10.0
1.6625,0.4375,38.00250475,11.0
1.4625,0.4125,30.7025085,15.0
1.3,0.2875,20.87940675,8.0
1.5375,0.4125,32.2900805,10.0
0.6625,0.15,2.31048425,5.0
0.9,0.2,5.82582225,7.0
1.1625,0.325,13.8062065,9.0
1.675,0.4125,38.00250475,12.0
1.1125,0.2625,12.54465375,8.0
1.15,0.3,12.54465375,11.0
1.6,0.475,41.560367,13.0
0.9,0.225,5.71242425,7.0
1.4125,0.4125,23.870279,9.0
1.45,0.375,25.8830935,8.0
0.925,0.25,6.30776375,6.0
1.325,0.4125,22.5378525,11.0
1.325,0.4,27.9242575,12.0
1.15,0.2625,13.8062065,8.0
1.2875,0.3125,17.08057375,8.0
1.55,0.3875,34.74231225,9.0
1.575,0.425,34.529691,10.0
1.2875,0.3375,21.44639675,8.0
1.5125,0.3125,25.911443,8.0
1.175,0.3125,14.69921575,10.0
0.8375,0.1875,5.0745605,7.0
0.9375,0.225,8.77417025,7.0
1.0,0.2875,8.901743,9.0
1.1625,0.275,14.2030995,9.0
1.4125,0.375,21.21960075,9.0
0.7375,0.2,3.4302895,7.0
1.2125,0.2875,15.5071765,8.0
0.6875,0.1625,2.76407625,5.0
1.5,0.4125,29.5118295,10.0
1.5625,0.425,38.782116,10.0
1.2,0.3125,16.42853525,6.0
1.6375,0.425,30.94347925,11.0
1.5625,0.5,36.570855,29.0
1.1875,0.325,16.0741665,19.0
1.6875,0.425,44.395317,11.0
1.1,0.325,12.88484775,12.0
1.225,0.3625,18.01610725,11.0
1.2875,0.3125,15.2803805,8.0
1.5125,0.375,32.02076025,9.0
0.575,0.1625,1.82854275,5.0
0.9625,0.2625,7.6827145,6.0
1.425,0.4125,26.15241375,9.0
1.45,0.3875,29.5685285,18.0
1.6375,0.475,41.23434775,17.0
0.975,0.2,9.19941275,7.0
1.4625,0.375,23.51591025,9.0
1.55,0.4125,32.02076025,9.0
1.225,0.3125,15.20950675,9.0
1.3875,0.375,22.4244545,11.0
1.3125,0.3375,21.27629975,8.0
1.45,0.375,23.99785175,10.0
0.9,0.225,5.06038575,6.0
1.4875,0.4125,29.937072,13.0
1.2625,0.3375,19.3060095,15.0
1.45,0.4125,27.68328675,11.0
1.25,0.3125,18.200379,11.0
1.45,0.35,25.69882175,10.0
1.55,0.375,31.127751,10.0
1.45,0.425,29.69610125,11.0
1.4125,0.375,27.612413,12.0
1.6125,0.4,37.1094955,11.0
1.175,0.3125,13.53688625,14.0
0.85,0.1875,4.63514325,7.0
1.45,0.4125,28.8314415,11.0
1.6,0.3875,36.55668025,11.0
1.25,0.3125,14.69921575,9.0
0.9875,0.3375,10.886208,8.0
1.675,0.475,39.519203,13.0
1.1125,0.25,14.81261375,6.0
1.375,0.35,24.79163775,10.0
1.0375,0.25,8.8166945,8.0
0.975,0.2625,5.556502,7.0
0.9375,0.225,6.180191,6.0
1.25,0.35,16.45688475,14.0
1.125,0.3125,14.004653,8.0
1.3125,0.3,16.76872925,8.0
1.3,0.325,20.638436,9.0
1.4875,0.3625,22.963095,9.0
1.475,0.4,31.3828965,11.0
0.7375,0.2125,4.94698775,6.0
1.525,0.475,34.9549335,15.0
1.575,0.375,34.79901125,11.0
1.0625,0.2375,10.73028575,7.0
1.475,0.4125,30.94347925,11.0
1.45,0.4,26.18076325,14.0
0.9375,0.275,13.36678925,16.0
1.475,0.35,23.586784,9.0
1.325,0.325,19.901349,9.0
1.425,0.375,24.720764,8.0
0.9625,0.2375,8.5898985,7.0
1.5125,0.4,29.5118295,9.0
1.025,0.25,10.64523725,7.0
0.9375,0.2125,6.27941425,6.0
1.45,0.35,23.91280325,8.0
1.525,0.4125,30.71668325,9.0
0.7125,0.175,3.4302895,6.0
0.9,0.2125,6.16601625,7.0
1.175,0.3,13.33843975,9.0
1.1,0.3125,11.2547515,9.0
1.45,0.35,27.76833525,9.0
1.6375,0.475,42.354153,20.0
1.275,0.3375,23.9553275,13.0
1.6875,0.3875,45.99706375,10.0
1.425,0.4625,29.9654215,17.0
1.325,0.2875,20.3265915,7.0
1.475,0.4,30.71668325,12.0
1.4375,0.3875,27.0737725,9.0
0.45,0.125,0.66621325,6.0
1.125,0.2875,12.6722265,8.0
1.3375,0.275,23.09066775,7.0
1.6375,0.4375,41.730464,10.0
1.4125,0.375,24.4656185,11.0
1.4375,0.325,24.84833675,12.0
1.3,0.3,18.21455375,9.0
1.1875,0.275,12.757275,9.0
1.85,0.4875,67.982101,12.0
1.1,0.3125,13.22504175,10.0
0.8375,0.1875,6.27941425,7.0
1.425,0.3875,27.68328675,11.0
1.325,0.35,21.58814425,10.0
1.3125,0.3375,18.69649525,10.0
1.6625,0.4125,32.10580875,9.0
0.825,0.2,3.6570855,6.0
1.475,0.4,32.02076025,11.0
1.7625,0.5375,62.652395,12.0
1.5125,0.375,31.808139,9.0
0.9375,0.2375,6.13766675,6.0
1.375,0.3625,22.8213475,10.0
1.55,0.4375,32.41765325,11.0
1.4375,0.35,24.28134675,14.0
1.6125,0.4625,38.00250475,13.0
1.3125,0.375,19.504456,9.0
1.6625,0.475,40.49726075,18.0
1.1,0.2875,10.7444605,7.0
1.3125,0.35,23.99785175,9.0
1.4375,0.3875,24.777463,11.0
1.1125,0.275,12.74310025,10.0
1.3875,0.3625,21.41804725,12.0
1.4,0.375,24.84833675,9.0
1.1375,0.3,15.1102835,10.0
1.5875,0.4,30.06464475,12.0
0.9875,0.225,8.618248,6.0
1.375,0.375,22.92057075,8.0
1.475,0.4,30.03629525,9.0
1.525,0.425,31.6096925,10.0
0.9125,0.2125,5.8116475,5.0
1.6375,0.4875,41.7588135,11.0
1.3375,0.3375,21.571643,16.0
1.4875,0.425,27.76833525,13.0
1.225,0.3625,24.323871,9.0
1.8,0.5375,61.6034635,18.0
1.1375,0.2875,15.2236815,10.0
1.75,0.475,49.54075125,10.0
1.4375,0.3875,33.1972645,11.0
1.6875,0.5125,45.20327775,10.0
1.3875,0.425,22.92057075,10.0
1.675,0.4,45.7277435,9.0
1.2625,0.3125,21.1203775,13.0
1.525,0.4125,35.25260325,17.0
1.5625,0.425,32.31843,9.0
0.875,0.1875,5.06038575,5.0
1.5125,0.325,33.12639075,13.0
1.625,0.5,50.632207,14.0
1.325,0.35,21.8007655,13.0
1.375,0.3375,22.29688175,10.0
1.7875,0.4875,48.20832475,20.0
1.3875,0.375,24.13959925,21.0
1.1125,0.2875,11.6516445,8.0
1.475,0.4,25.16018125,8.0
1.6,0.4375,35.777069,8.0
0.9375,0.2125,6.25106475,7.0
1.475,0.3875,27.0170735,11.0
1.625,0.3875,31.581343,11.0
1.0625,0.2625,10.07824725,12.0
0.725,0.175,3.6003865,6.0
1.375,0.3875,22.566202,10.0
0.7,0.1625,3.40194,5.0
0.925,0.2125,7.1157245,7.0
0.9375,0.225,6.90310325,6.0
1.4375,0.4,28.33532525,10.0
0.9375,0.2375,6.066793,6.0
1.4,0.3125,23.7852305,7.0
1.1875,0.2875,16.99552525,9.0
1.5375,0.4125,31.3828965,9.0
1.1875,0.3375,19.43358225,13.0
1.4375,0.4125,27.839209,16.0
1.55,0.4,36.55668025,11.0
1.475,0.4,24.84833675,10.0
1.5125,0.375,26.2799865,9.0
1.3125,0.3375,18.98038425,9.0
1.2875,0.35,18.7685135,11.0
1.45,0.35,25.01843375,11.0
1.5375,0.4125,31.6096925,10.0
1.5875,0.4375,37.42134,19.0
1.525,0.4,29.895908,11.0
1.1875,0.2625,14.3731965,8.0
1.5,0.4125,33.6508565,11.0
1.15,0.325,13.664459,8.0
1.2625,0.3125,18.46969925,9.0
1.3875,0.4125,26.83280175,15.0
1.375,0.3625,20.184844,8.0
1.2375,0.325,19.43358225,9.0
1.725,0.525,47.230267,20.0
1.6375,0.475,38.782116,9.0
1.55,0.4875,38.838815,11.0
1.1875,0.3125,15.66309875,9.0
0.9375,0.2,6.33611325,8.0
0.5625,0.1375,1.94194075,4.0
1.0625,0.275,11.89261525,7.0
1.375,0.35,24.720764,8.0
1.8,0.5,48.00987825,20.0
1.625,0.4375,44.55123925,12.0
1.6375,0.425,40.596484,11.0
0.9625,0.2375,8.8733935,7.0
0.9625,0.2375,7.98038425,8.0
1.4125,0.4,25.69882175,12.0
1.675,0.475,47.0318205,10.0
1.5625,0.4125,31.56716825,9.0
1.1,0.325,12.48795475,8.0
0.7375,0.2,3.515338,6.0
0.775,0.2,4.06815325,6.0
1.4,0.3875,24.8058125,10.0
1.0875,0.275,9.4970825,7.0
1.5,0.4625,37.364641,12.0
0.725,0.1875,3.231843,5.0
1.675,0.4,36.003865,9.0
1.8,0.45,50.8306535,11.0
0.8125,0.2125,5.556502,6.0
1.175,0.2625,14.118051,9.0
1.5375,0.3875,29.937072,8.0
1.4625,0.375,24.777463,9.0
0.9,0.2375,6.53455975,9.0
1.5375,0.35,28.22192725,8.0
1.1625,0.3,13.60776,7.0
1.2625,0.2875,17.95940825,10.0
0.5875,0.1375,1.6726205,5.0
1.4,0.35,23.40251225,13.0
1.2625,0.3,18.313777,10.0
1.4125,0.4,27.76833525,11.0
1.4,0.425,26.54930675,12.0
1.4125,0.375,24.607366,26.0
1.575,0.4125,35.4652245,10.0
1.35,0.3,19.97222275,8.0
1.05,0.2875,9.07184,9.0
1.45,0.3625,27.51318975,9.0
1.1,0.275,12.48795475,7.0
0.975,0.225,7.144074,7.0
1.375,0.3625,23.91280325,10.0
1.4875,0.3625,26.08154,11.0
1.475,0.375,22.21183325,9.0
1.525,0.4125,30.0221205,12.0
0.975,0.2375,7.98038425,6.0
1.7375,0.4875,49.8100715,12.0
1.475,0.35,33.40988575,10.0
1.45,0.4125,29.596878,9.0
0.9875,0.2375,8.0229085,6.0
1.175,0.3125,13.4660125,9.0
0.6875,0.225,3.8838815,5.0
1.6,0.4125,34.79901125,13.0
1.625,0.45,41.276872,14.0
0.575,0.125,1.190679,5.0
1.3125,0.3625,23.700182,9.0
1.375,0.35,20.93610575,8.0
1.1375,0.275,14.35902175,8.0
1.325,0.3625,20.184844,14.0
1.4875,0.375,28.02348075,9.0
1.575,0.4625,30.40483875,11.0
1.1625,0.3125,13.08329425,8.0
1.6125,0.425,42.127357,12.0
1.0875,0.2875,10.44679075,8.0
1.4125,0.4125,25.58542375,14.0
1.5875,0.4,34.68561325,11.0
0.8875,0.2125,6.56290925,6.0
1.4375,0.35,24.28134675,14.0
1.6125,0.3875,43.6298805,18.0
1.4875,0.3875,30.957654,10.0
1.25,0.3125,16.91047675,9.0
1.7375,0.5125,58.98113475,12.0
1.1125,0.275,11.793392,7.0
0.8375,0.225,4.9044635,7.0
0.4375,0.1,0.8221355,5.0
1.5625,0.4,29.15746075,12.0
1.0625,0.2375,9.31281075,7.0
1.6125,0.4,37.874932,10.0
1.0875,0.2875,10.6877615,8.0
1.375,0.375,24.84833675,11.0
1.2375,0.3,17.36406875,9.0
1.25,0.35,18.01610725,9.0
1.2625,0.3,18.80989325,10.0
1.5625,0.375,35.98969025,11.0
1.4625,0.425,29.9654215,10.0
1.125,0.2375,12.417081,7.0
0.875,0.225,5.443104,6.0
1.5625,0.3875,34.529691,10.0
1.175,0.325,13.90542975,13.0
0.7375,0.2125,4.32329875,6.0
1.55,0.4375,34.6147395,10.0
1.6125,0.5,38.00250475,11.0
1.125,0.3,14.81261375,8.0
1.475,0.4125,27.6974615,13.0
1.525,0.4375,36.18813675,10.0
1.225,0.3,14.78426425,8.0
1.175,0.3,16.8112535,13.0
1.475,0.3625,27.03124825,8.0
1.425,0.4,28.91649,9.0
1.3625,0.375,24.16794875,11.0
1.375,0.375,24.73493875,9.0
1.4,0.325,21.58814425,8.0
1.0,0.25,8.50485,6.0
1.4125,0.4125,25.7129965,10.0
1.5625,0.4125,32.13415825,9.0
0.95,0.25,7.087375,7.0
1.3375,0.375,20.87940675,10.0
1.5,0.425,31.42542075,11.0
1.625,0.3875,39.519203,9.0
1.6125,0.5,43.37144225,11.0
1.7375,0.5125,52.219779,18.0
0.65,0.1625,2.87747425,5.0
1.4625,0.375,31.19862475,10.0
1.4125,0.375,22.41027975,9.0
1.5625,0.4,38.42774725,12.0
1.2625,0.3,17.0380495,15.0
1.1875,0.3,13.90542975,10.0
1.8875,0.5375,72.234526,9.0
1.125,0.2625,12.757275,11.0
1.3625,0.3375,23.57260925,14.0
1.3125,0.35,21.58814425,11.0
1.4,0.375,22.92057075,10.0
0.9375,0.2375,7.654365,6.0
1.4875,0.425,31.22697425,11.0
1.375,0.4125,34.2178465,10.0
1.575,0.4125,33.40988575,15.0
1.1625,0.3,13.39513875,10.0
1.1875,0.3125,14.004653,8.0
0.5125,0.1125,1.190679,4.0
1.375,0.3875,22.01338675,10.0
0.8875,0.2125,6.44951125,6.0
0.675,0.2,3.01922175,7.0
1.5,0.3375,33.6508565,9.0
1.2875,0.375,22.1976585,10.0
1.5375,0.4,35.59279725,20.0
1.55,0.3875,31.31202275,13.0
1.2125,0.275,16.2442635,8.0
0.5,0.075,0.83631025,4.0
0.8375,0.2125,5.10291,7.0
1.45,0.4125,26.988724,18.0
0.95,0.25,7.9095105,6.0
1.3875,0.4,24.777463,13.0
1.55,0.425,32.772022,10.0
0.6875,0.175,2.8632995,7.0
0.875,0.225,5.06038575,9.0
1.5,0.375,33.38153625,9.0
1.2875,0.3,18.71067,8.0
1.0875,0.275,10.375917,7.0
1.3125,0.3875,23.00561925,10.0
1.45,0.3625,26.32251075,11.0
1.0875,0.2375,10.432616,7.0
1.1875,0.3125,13.39513875,9.0
0.925,0.2125,7.824462,7.0
1.525,0.4375,31.9498865,20.0
1.525,0.375,28.5479465,9.0
1.0625,0.2,8.00873375,7.0
1.525,0.3875,31.89144525,10.0
1.225,0.3,16.386011,10.0
1.5875,0.4,35.72037,11.0
1.1875,0.3,14.514944,10.0
1.5125,0.375,32.375129,10.0
1.0,0.2625,8.5898985,7.0
1.1625,0.25,13.11164375,10.0
1.875,0.4875,56.075311,11.0
1.6,0.4,31.28367325,11.0
1.45,0.3625,26.1665885,10.0
0.9,0.2375,7.55514175,7.0
1.025,0.25,9.63883,8.0
1.7,0.5125,51.21337175,11.0
1.3125,0.3625,20.9502805,10.0
1.4375,0.3875,27.1871705,11.0
0.85,0.225,5.03203625,6.0
1.475,0.3625,24.59319125,11.0
1.4,0.4,24.56484175,11.0
1.6125,0.45,42.354153,15.0
1.5625,0.4125,35.81959325,9.0
1.5,0.375,31.18445,10.0
1.575,0.4625,43.6298805,11.0
1.55,0.475,41.730464,10.0
1.2125,0.3125,14.968536,7.0
1.3,0.325,19.8163005,8.0
1.3375,0.375,23.7852305,14.0
1.45,0.3375,28.22192725,15.0
1.6375,0.4125,36.117263,13.0
1.1625,0.2875,13.04077,10.0
0.4125,0.1,0.907184,4.0
1.225,0.3375,15.4504775,8.0
1.6125,0.375,32.16250775,15.0
1.4125,0.3875,24.720764,14.0
1.3125,0.3125,19.46193175,9.0
1.4125,0.4125,27.20134525,9.0
1.375,0.35,22.849697,9.0
0.9875,0.2,9.0434905,8.0
1.5875,0.425,39.7743485,11.0
1.5625,0.4125,31.808139,11.0
0.8,0.2125,4.819415,7.0
1.6375,0.5,45.88366575,17.0
0.9125,0.225,6.27941425,6.0
1.1375,0.275,12.813974,8.0
1.3625,0.35,23.26076475,9.0
1.6125,0.475,38.88133925,16.0
1.2375,0.3125,16.42853525,8.0
1.6375,0.4375,36.7693015,11.0
1.5,0.375,31.978236,11.0
1.3625,0.4,28.02348075,13.0
1.4375,0.3875,25.344453,8.0
1.2375,0.325,16.85377775,8.0
1.5,0.3875,31.2694985,9.0
0.975,0.2375,7.93786,13.0
1.5125,0.4375,36.117263,14.0
1.1625,0.275,12.0485375,9.0
1.5,0.4,32.998818,9.0
1.175,0.275,16.9246515,8.0
1.5125,0.375,31.70891575,10.0
1.6125,0.4125,30.71668325,11.0
1.5125,0.3875,30.0221205,12.0
1.4125,0.4125,28.64716975,11.0
1.3125,0.3375,19.447757,10.0
1.5,0.4,31.2694985,9.0
1.225,0.35,19.32018425,12.0
1.15,0.275,14.118051,8.0
1.4125,0.325,23.71435675,9.0
0.9,0.2375,6.05261825,5.0
1.6875,0.475,48.477645,19.0
1.6625,0.4625,38.782116,11.0
1.4,0.3625,26.251637,9.0
1.15,0.3625,14.5432935,8.0
1.5625,0.3875,37.74735925,13.0
1.5875,0.4,33.26813825,10.0
1.05,0.25,9.70970375,6.0
1.5625,0.4375,36.117263,10.0
1.675,0.475,37.23706825,9.0
1.375,0.4,28.066005,13.0
1.5,0.425,30.99241075,10.0
1.45,0.375,25.0326085,8.0
1.6375,0.4625,38.5836695,14.0
1.4,0.425,23.48756075,10.0
1.3,0.3375,21.0069795,13.0
0.4625,0.1125,0.8221355,4.0
1.3875,0.4,28.67551925,9.0
0.925,0.25,7.087375,6.0
0.6,0.1375,1.82854275,1.0
1.4375,0.3125,29.44095575,17.0
1.15,0.3125,13.60776,10.0
1.35,0.3625,19.97222275,11.0
1.2875,0.3125,20.9502805,11.0
1.525,0.425,31.22697425,10.0
1.325,0.4,22.736299,21.0
1.3125,0.3125,18.10115575,7.0
1.25,0.3375,17.70426275,9.0
1.25,0.3125,16.9246515,8.0
1.575,0.4375,30.97260175,11.0
1.1875,0.3,12.60135275,11.0
1.05,0.275,10.77281,7.0
1.2375,0.3625,19.731252,11.0
1.5,0.4,32.88542,11.0
1.125,0.25,9.14271375,9.0
1.2125,0.2875,13.05494475,8.0
1.45,0.425,26.43590875,15.0
1.6125,0.45,38.96638775,11.0
1.3625,0.3125,18.824068,9.0
1.5625,0.4125,34.5013415,10.0
1.3125,0.3875,24.8058125,10.0
1.5625,0.4125,30.1922175,10.0
1.425,0.4,24.50814275,11.0
1.3125,0.325,22.29688175,8.0
0.525,0.1,1.31825175,3.0
1.45,0.35,24.8058125,10.0
0.9,0.225,6.1518415,7.0
1.425,0.375,25.51455,13.0
1.2875,0.35,19.66037825,9.0
1.375,0.3625,27.499015,9.0
1.2625,0.3125,16.386011,8.0
1.6,0.475,37.42134,11.0
1.2875,0.35,16.556108,8.0
1.2125,0.2625,15.43630275,8.0
1.4125,0.4,24.79163775,9.0
1.0,0.2,9.19941275,8.0
0.9,0.2375,6.95980225,6.0
1.3,0.3125,22.2543575,8.0
1.45,0.3875,27.669112,9.0
1.625,0.475,43.6298805,13.0
1.125,0.275,10.30504325,9.0
0.9875,0.2375,8.958442,6.0
0.8625,0.2375,5.68407475,7.0
0.7375,0.1375,3.005047,7.0
1.375,0.375,23.7285315,11.0
1.1,0.2625,11.5949455,7.0
1.575,0.425,36.514156,11.0
1.075,0.275,10.41844125,7.0
1.1,0.25,10.999606,10.0
1.35,0.2625,21.829115,8.0
1.3125,0.3625,23.28911425,11.0
1.4375,0.425,28.76056775,9.0
1.0375,0.225,9.45455825,7.0
1.2625,0.375,18.69649525,13.0
1.4875,0.4125,26.52095725,19.0
1.6875,0.4,44.395317,12.0
1.45,0.4125,30.0221205,15.0
1.0625,0.225,9.63883,6.0
0.9,0.225,5.8116475,6.0
1.5125,0.425,26.26581175,10.0
1.3625,0.35,22.94892025,16.0
1.45,0.4125,26.3933845,12.0
1.175,0.375,14.2030995,14.0
1.3,0.3375,20.41164,9.0
1.5375,0.475,36.3724085,10.0
1.5625,0.475,29.97959625,9.0
1.3625,0.35,22.75047375,9.0
1.45,0.375,23.94115275,8.0
1.5,0.3875,31.6096925,10.0
1.025,0.25,8.12213175,7.0
1.0375,0.2625,10.546014,12.0
1.125,0.2625,12.94154675,8.0
0.9375,0.25,6.59125875,6.0
1.0,0.225,8.9300925,6.0
1.3625,0.4125,23.28911425,10.0
1.5625,0.4,29.937072,9.0
1.325,0.35,21.21960075,9.0
1.4,0.3625,26.138239,8.0
0.8375,0.225,5.1312595,6.0
1.4125,0.375,29.18581025,17.0
1.5875,0.4625,38.0733785,10.0
1.4,0.4125,24.36639525,13.0
1.3875,0.3125,18.824068,9.0
0.9875,0.2,7.21494775,6.0
1.1,0.3,11.92096475,10.0
1.375,0.3375,23.700182,8.0
1.4,0.3875,27.91008275,10.0
1.1,0.275,11.1413535,8.0
0.8875,0.2625,6.33611325,8.0
1.2375,0.3375,17.293195,8.0
1.25,0.3125,16.40018575,8.0
1.65,0.5125,44.2535695,10.0
1.2875,0.35,14.5999925,10.0
1.0375,0.2875,9.07184,8.0
0.725,0.1875,4.20990075,6.0
1.55,0.4375,30.220567,11.0
1.4,0.3375,23.24659,13.0
1.1,0.3,14.004653,9.0
0.6875,0.1625,3.005047,5.0
1.5625,0.3875,39.7743485,11.0
1.375,0.375,24.39474475,9.0
1.4,0.3625,24.73493875,9.0
1.45,0.3875,26.988724,11.0
1.75,0.475,49.31395525,10.0
1.5125,0.4375,33.89182725,16.0
1.425,0.375,23.700182,12.0
1.7625,0.4625,49.34230475,15.0
1.4375,0.3875,27.28639375,10.0
1.5125,0.4,33.12639075,12.0
1.5,0.4375,35.4652245,11.0
1.4125,0.45,28.33532525,12.0
1.2875,0.3,16.71203025,8.0
1.275,0.325,16.62698175,10.0
1.65,0.5125,39.73182425,11.0
0.7625,0.1875,4.3941725,6.0
1.55,0.4,31.808139,11.0
1.4875,0.375,26.52095725,10.0
1.5625,0.4,35.30930225,10.0
1.3125,0.35,22.41027975,9.0
1.4875,0.375,31.2694985,9.0
1.5625,0.45,30.91512975,14.0
1.6125,0.4375,35.02580725,11.0
1.475,0.375,33.3673615,9.0
1.6,0.4375,35.84794275,12.0
1.4875,0.3625,32.78619675,10.0
1.25,0.4,18.92329125,12.0
1.325,0.3125,20.0430965,9.0
1.425,0.4125,25.50037525,11.0
1.1875,0.35,14.061352,10.0
1.525,0.3875,27.612413,14.0
1.6625,0.375,36.85435,13.0
1.2375,0.2875,15.3370795,9.0
0.6875,0.2,2.83495,5.0
1.7625,0.425,43.21881275,14.0
1.1375,0.2875,12.71475075,8.0
1.325,0.35,21.659018,11.0
1.1125,0.275,10.149121,15.0
1.275,0.35,20.5533875,9.0
0.825,0.225,6.23689,7.0
1.225,0.3125,16.9813505,8.0
1.475,0.3875,22.15513425,12.0
1.6125,0.5375,45.23162725,14.0
1.1,0.2875,11.509897,11.0
1.5125,0.4125,32.375129,12.0
0.875,0.2125,4.80524025,6.0
1.3625,0.375,23.60095875,8.0
1.25,0.375,18.80989325,9.0
1.1625,0.3125,14.8834875,7.0
1.725,0.5125,49.2430815,10.0
1.575,0.375,32.6869735,9.0
1.2125,0.2875,18.6256215,7.0
1.1625,0.3,14.64251675,9.0
1.675,0.475,44.80638475,11.0
1.25,0.35,16.76872925,10.0
1.3625,0.3625,26.12406425,8.0
1.425,0.375,22.849697,11.0
1.0875,0.275,11.80756675,10.0
1.55,0.35,28.5479465,8.0
0.6125,0.175,2.381358,5.0
1.3125,0.375,21.8007655,19.0
1.5625,0.4875,36.18813675,13.0
1.4125,0.425,30.0221205,22.0
1.55,0.4,34.58639,11.0
1.35,0.35,21.659018,12.0
1.3625,0.3375,21.87163925,8.0
0.7875,0.2125,3.61456125,6.0
1.0875,0.2875,11.77921725,8.0
1.1875,0.3,15.06775925,8.0
1.525,0.4,24.73493875,9.0
1.5375,0.375,34.6147395,9.0
1.375,0.3625,23.7852305,9.0
1.175,0.3125,14.81261375,7.0
1.5875,0.425,32.98464325,12.0
1.4625,0.4125,29.41260625,14.0
1.3125,0.3125,19.37688325,8.0
1.1375,0.3125,13.08329425,8.0
1.375,0.3625,21.0069795,10.0
1.175,0.2875,14.2030995,11.0
1.4875,0.3875,22.66542525,13.0
1.625,0.4125,37.9032815,9.0
1.05,0.25,10.33339275,9.0
1.15,0.2875,14.64251675,8.0
1.0,0.275,9.979024,10.0
1.425,0.3625,26.01066625,11.0
1.6,0.4125,34.9549335,10.0
0.725,0.1875,3.24601775,5.0
1.625,0.45,41.80133775,16.0
1.4375,0.4125,25.8830935,10.0
1.4875,0.375,27.03124825,10.0
1.1375,0.2875,13.90542975,7.0
1.05,0.2625,9.45455825,9.0
1.3625,0.375,23.79940525,10.0
1.1,0.3125,12.99824575,7.0
1.425,0.3875,30.43318825,9.0
0.95,0.25,7.10154975,7.0
1.275,0.3125,15.422128,9.0
1.0,0.2625,10.3475675,7.0
1.275,0.3125,20.3265915,12.0
1.45,0.3875,26.20911275,13.0
1.6125,0.4625,44.55123925,21.0
1.6,0.4125,35.5786225,10.0
1.4375,0.3875,26.308336,10.0
0.9375,0.2375,6.123492,7.0
1.45,0.35,22.339406,8.0
1.3625,0.3375,22.5945515,9.0
1.175,0.3125,16.896302,6.0
1.775,0.475,45.7277435,11.0
0.4625,0.1125,0.92135875,4.0
1.525,0.375,27.93843225,12.0
1.025,0.275,10.7444605,7.0
1.625,0.475,37.40716525,12.0
1.225,0.2875,14.628342,9.0
1.525,0.4375,31.127751,13.0
1.5625,0.35,29.48348,10.0
1.2125,0.3,14.81261375,8.0
1.5,0.375,35.0116325,9.0
1.5,0.4,31.9498865,17.0
1.0625,0.2875,9.015141,7.0
1.4875,0.35,31.808139,10.0
1.85,0.5125,63.37530725,14.0
1.4625,0.35,25.52872475,9.0
1.5375,0.55,31.808139,11.0
0.775,0.1875,3.6003865,6.0
1.3125,0.4875,21.885814,9.0
1.65,0.4625,41.8722115,14.0
1.2875,0.35,21.21960075,10.0
0.9,0.1875,5.06038575,7.0
1.5875,0.45,35.25260325,15.0
1.4125,0.4125,23.88445375,9.0
1.55,0.45,32.81454625,11.0
1.4375,0.3375,27.78251,8.0
1.45,0.3375,25.67047225,9.0
1.375,0.3375,19.1926115,8.0
1.5625,0.375,32.78619675,10.0
1.5375,0.375,29.86619825,10.0
1.525,0.425,30.5891105,14.0
1.675,0.4625,41.95726,10.0
1.6,0.4125,37.0527965,12.0
0.8375,0.2,5.2446575,9.0
0.925,0.1875,6.19436575,6.0
1.4125,0.4375,31.1561005,11.0
0.525,0.125,1.09145575,4.0
1.3125,0.35,24.7491135,9.0
1.8125,0.475,64.16909325,12.0
1.4,0.4,29.44095575,13.0
1.1375,0.2625,10.61688775,7.0
1.55,0.3875,29.540179,11.0
1.525,0.3625,28.7180435,13.0
1.5,0.4625,31.9498865,14.0
1.6125,0.45,40.25629,12.0
1.4625,0.3625,27.8675585,9.0
1.3,0.3125,16.726205,8.0
1.4375,0.375,25.51455,9.0
1.3625,0.425,22.15513425,13.0
1.7375,0.45,47.95317925,9.0
1.5,0.375,30.43318825,11.0
1.6,0.475,38.11590275,12.0
1.5875,0.4,34.8415355,12.0
0.875,0.225,5.6699,7.0
1.1875,0.275,14.04717725,8.0
1.2125,0.3875,17.36406875,9.0
1.3375,0.3375,19.4194075,8.0
0.975,0.25,8.63242275,7.0
1.5625,0.4375,33.40988575,10.0
1.6375,0.4375,40.029494,12.0
0.9125,0.225,7.27164675,6.0
1.5625,0.4625,38.0733785,11.0
1.275,0.3125,16.31513725,7.0
1.4,0.35,26.80445225,10.0
1.175,0.3125,14.04717725,9.0
1.375,0.3375,26.6201805,10.0
1.6125,0.4,34.5013415,10.0
1.525,0.45,35.19590425,12.0
1.5125,0.4125,37.18036925,12.0
1.6875,0.4875,55.06890375,10.0
1.5375,0.425,32.4601775,11.0
0.9375,0.2375,8.12213175,7.0
1.5375,0.3875,31.59551775,11.0
1.1625,0.275,14.2030995,7.0
0.425,0.0875,0.66621325,4.0
1.3875,0.3875,26.988724,9.0
1.0375,0.2375,8.40562675,7.0
1.2875,0.375,21.87163925,10.0
1.2625,0.3375,17.67591325,10.0
0.875,0.2,6.59125875,6.0
1.175,0.3125,13.53688625,8.0
1.3375,0.325,21.21960075,8.0
1.5125,0.3875,29.8520235,9.0
1.0125,0.2375,8.901743,7.0
1.725,0.5,43.431434,13.0
1.2,0.3625,16.34348675,8.0
1.45,0.35,27.1871705,11.0
1.4125,0.375,23.586784,11.0
1.5,0.3875,29.540179,10.0
0.8625,0.225,5.556502,6.0
1.55,0.4,33.3673615,8.0
1.375,0.4125,24.73493875,10.0
1.2125,0.2625,14.75591475,9.0
1.2,0.3,16.93882625,10.0
1.3125,0.325,18.653971,9.0
1.5,0.375,31.19862475,10.0
1.6375,0.4,38.51279575,9.0
1.525,0.375,30.0221205,17.0
0.525,0.1,1.31825175,5.0
0.8875,0.2125,6.33611325,6.0
0.8125,0.2,5.613201,6.0
1.225,0.325,19.06503875,13.0
1.175,0.2875,14.0330025,8.0
1.4125,0.4125,26.988724,12.0
1.2125,0.3625,13.67863375,8.0
1.4875,0.4125,29.10076175,9.0
1.5125,0.3875,35.3518265,9.0
1.1875,0.2875,13.90542975,8.0
1.45,0.35,25.51455,10.0
0.7875,0.175,3.52951275,6.0
1.0,0.2,10.432616,7.0
1.3125,0.4125,26.09571475,11.0
1.375,0.425,30.40483875,13.0
1.3125,0.3125,17.0380495,6.0
0.9125,0.1875,5.31553125,6.0
1.45,0.35,23.643483,12.0
1.1875,0.275,12.43125575,8.0
1.45,0.4,26.64853,9.0
1.375,0.4125,21.38969775,9.0
1.1125,0.2625,12.68640125,6.0
1.225,0.3125,15.43630275,10.0
1.725,0.5,52.12055575,13.0
1.2125,0.3125,16.45688475,8.0
0.85,0.2,5.10291,7.0
1.2125,0.325,16.68368075,7.0
1.6875,0.4375,39.745999,12.0
1.4375,0.3625,21.999212,8.0
1.575,0.3625,34.79901125,11.0
1.4875,0.3875,26.23746225,11.0
1.4375,0.375,27.20134525,11.0
1.5125,0.4875,33.4807595,16.0
1.125,0.3,11.90679,9.0
0.85,0.1875,5.613201,7.0
1.2625,0.3125,18.24290325,8.0
1.0875,0.275,11.24057675,6.0
1.475,0.3875,28.02348075,10.0
1.1,0.275,12.51630425,8.0
1.3375,0.425,19.29183475,9.0
1.75,0.4625,50.745605,11.0
1.5625,0.4125,33.29648775,10.0
1.05,0.2875,9.4970825,8.0
1.05,0.25,10.886208,9.0
1.425,0.3625,23.756881,11.0
1.5,0.425,28.05183025,9.0
0.675,0.175,2.891649,5.0
1.4625,0.375,24.323871,12.0
1.55,0.4125,34.6147395,9.0
1.5375,0.425,32.2333815,12.0
1.2125,0.35,14.13222575,11.0
0.975,0.2375,8.12213175,7.0
1.625,0.4625,42.51007525,8.0
1.25,0.35,16.76872925,9.0
1.35,0.4125,28.803092,17.0
1.5125,0.4,32.33260475,11.0
1.4875,0.35,35.6920205,17.0
1.5,0.3875,31.62386725,11.0
0.9625,0.2375,7.6260155,7.0
1.2875,0.3125,18.313777,10.0
0.6875,0.175,3.1467945,6.0
0.4,0.0875,0.5953395,4.0
1.3,0.3125,18.10115575,8.0
1.25,0.325,18.24290325,10.0
1.2875,0.3625,19.43358225,9.0
1.5625,0.4,34.3879435,9.0
1.4125,0.4125,24.6924145,14.0
0.875,0.225,5.06038575,6.0
1.4875,0.4125,30.1922175,11.0
1.3125,0.375,21.035329,8.0
1.8,0.525,71.11472075,10.0
0.7625,0.175,4.20990075,6.0
1.5125,0.3625,33.12639075,10.0
1.375,0.375,21.8007655,11.0
1.5875,0.4125,34.6147395,11.0
1.3,0.325,18.10115575,9.0
1.4125,0.4,25.51455,11.0
1.1875,0.3125,13.33843975,10.0
1.2625,0.3375,16.896302,9.0
1.1875,0.2625,14.628342,8.0
1.55,0.3875,28.7180435,11.0
1.25,0.325,18.4555245,10.0
1.225,0.3875,16.51358375,13.0
1.525,0.4125,30.94347925,15.0
1.1625,0.3,13.39513875,8.0
1.475,0.35,25.51455,10.0
1.35,0.325,21.035329,8.0
1.4875,0.375,29.78114975,10.0
1.175,0.2875,11.4815475,8.0
1.4375,0.425,24.59319125,11.0
1.575,0.4875,40.9083285,25.0
1.075,0.3,10.41844125,6.0
1.575,0.4,32.41765325,9.0
1.375,0.325,18.9091165,9.0
1.1,0.2875,12.71475075,13.0
1.1625,0.2625,12.34620725,10.0
1.5625,0.425,37.874932,9.0
1.4875,0.3875,35.6920205,18.0
1.5,0.4375,30.03629525,10.0
1.15,0.3,13.96212875,7.0
1.5125,0.3875,29.97959625,11.0
1.55,0.3875,32.21920675,9.0
1.25,0.3125,15.74814725,9.0
1.2875,0.2875,16.68368075,10.0
0.8875,0.225,6.23689,6.0
1.375,0.3125,21.4605715,9.0
1.55,0.425,32.89959475,10.0
1.3,0.3125,22.8780465,9.0
0.9875,0.2375,7.144074,6.0
1.475,0.3875,28.98736375,11.0
1.0875,0.3,9.73805325,8.0
1.375,0.325,20.25571775,9.0
0.9,0.225,5.06038575,7.0
0.7375,0.175,3.67126025,5.0
1.475,0.4,25.684647,10.0
1.7125,0.425,42.921143,17.0
1.5125,0.3875,31.96406125,11.0
1.65,0.475,38.22930075,21.0
0.875,0.225,5.71242425,8.0
1.3125,0.3125,20.241543,13.0
0.9375,0.2375,7.087375,6.0
0.925,0.2125,7.81028725,7.0
0.9,0.225,6.123492,6.0
0.8375,0.2,6.10931725,6.0
1.55,0.375,32.16250775,8.0
0.925,0.2375,6.98815175,6.0
1.475,0.3875,27.555714,10.0
1.55,0.375,33.04134225,9.0
1.525,0.4125,32.6869735,14.0
1.45,0.425,30.1922175,14.0
0.6125,0.175,1.77184375,5.0
0.9375,0.2,8.66077225,6.0
1.4375,0.35,24.16794875,9.0
1.3375,0.375,20.11397025,10.0
0.7,0.1625,2.438057,6.0
0.9125,0.2125,6.10931725,6.0
1.5125,0.4125,33.43823525,12.0
1.0,0.25,7.144074,7.0
1.425,0.3375,23.189891,10.0
1.1,0.3125,12.0485375,9.0
1.425,0.4375,28.08017975,9.0
1.55,0.4375,37.98833,11.0
1.5375,0.3875,32.0065855,14.0
1.5375,0.4125,32.034935,9.0
1.75,0.45,50.632207,15.0
1.5375,0.375,28.36367475,9.0
1.5125,0.3875,26.09571475,9.0
1.55,0.4,33.43823525,10.0
0.8125,0.1875,4.20990075,8.0
1.025,0.25,8.06543275,6.0
1.475,0.35,23.700182,9.0
1.6375,0.4875,37.1094955,12.0
1.2875,0.3625,23.85610425,13.0
0.95,0.2,8.8733935,7.0
0.4,0.0875,0.5953395,4.0
1.2375,0.3,15.37960375,8.0
1.625,0.425,40.25629,19.0
1.525,0.4,31.2694985,10.0
1.15,0.275,12.09106175,9.0
1.4,0.3875,26.20911275,15.0
1.6125,0.475,38.4702715,15.0
1.0875,0.275,11.2547515,8.0
1.1,0.2875,10.149121,13.0
1.2125,0.2625,14.72756525,8.0
1.7,0.5,50.53298375,9.0
1.4125,0.3875,24.93338525,10.0
1.3,0.35,19.74542675,11.0
1.625,0.475,38.20095125,10.0
1.2875,0.2625,22.92057075,9.0
1.3125,0.4,23.416687,13.0
1.6,0.4375,41.8863863,11.0
0.4375,0.1,0.907184,5.0
0.75,0.25,3.3168915,5.0
1.575,0.4875,44.80638475,20.0
1.5625,0.4125,35.76289425,10.0
1.4125,0.375,31.18445,9.0
1.475,0.4,30.71668325,9.0
1.55,0.4625,31.18445,15.0
1.5625,0.45,40.78075575,10.0
1.525,0.425,32.0065855,11.0
1.3125,0.325,20.3265915,10.0
1.475,0.4125,27.612413,12.0
1.5125,0.3875,31.9498865,12.0
1.3125,0.3125,16.85377775,8.0
1.5125,0.4,30.8726055,11.0
1.1,0.25,11.80756675,10.0
1.7,0.475,45.91201525,16.0
1.15,0.3125,16.839603,16.0
1.1625,0.275,13.8062065,7.0
1.2125,0.325,14.7133905,8.0
1.1375,0.2875,16.71203025,8.0
1.025,0.225,9.19941275,8.0
1.45,0.3375,22.35358075,11.0
1.4375,0.3875,24.6357155,8.0
1.5,0.475,32.16250775,10.0
0.8375,0.2,4.819415,6.0
1.3125,0.35,22.8213475,12.0
1.45,0.35,24.84833675,10.0
1.5625,0.475,33.1972645,18.0
0.95,0.225,7.98038425,6.0
0.5125,0.1,1.077281,5.0
1.45,0.3625,26.421734,9.0
1.4125,0.4125,26.12406425,12.0
1.3375,0.3375,20.921931,8.0
1.45,0.3375,26.1098895,8.0
1.3,0.375,20.97863,10.0
0.625,0.1375,1.304077,4.0
0.8125,0.175,4.12485225,6.0
1.6875,0.4125,39.41997975,10.0
1.2,0.3625,16.0174675,16.0
1.225,0.3,15.80484625,8.0
1.2125,0.3125,13.1258185,8.0
1.5125,0.4,29.21415975,10.0
1.425,0.3625,25.16018125,10.0
0.9,0.2125,6.13766675,5.0
0.725,0.1625,3.07592075,6.0
1.025,0.225,8.5331995,6.0
1.5125,0.4375,29.18581025,9.0
1.525,0.425,30.8726055,11.0
1.5,0.375,31.62386725,10.0
1.25,0.3625,21.4605715,13.0
1.1875,0.3,13.96212875,7.0
1.4875,0.375,30.94347925,7.0
1.3125,0.35,21.27629975,11.0
1.6,0.4125,41.730464,14.0
1.4375,0.375,26.32251075,9.0
1.1375,0.4,18.71067,10.0
0.625,0.1625,1.82854275,5.0
1.4,0.325,20.31241675,7.0
1.5125,0.4125,29.0015385,15.0
1.3,0.4,21.2904745,8.0
1.4875,0.375,31.39707125,10.0
1.45,0.3625,28.02348075,19.0
1.3,0.3125,17.84601025,12.0
1.825,0.6125,55.23900075,11.0
1.45,0.375,23.09066775,10.0
1.425,0.375,25.27357925,14.0
1.275,0.3375,19.1926115,14.0
1.4125,0.4375,27.895908,15.0
1.6375,0.4,38.73959175,10.0
1.075,0.2625,10.716111,7.0
1.175,0.3125,14.75591475,10.0
1.3125,0.35,18.24290325,13.0
1.4125,0.375,24.79163775,18.0
1.1125,0.275,11.38232425,9.0
1.575,0.425,33.0271675,10.0
1.2875,0.3125,17.78931125,9.0
1.35,0.375,22.1976585,10.0
1.7,0.5,50.745605,14.0
1.3625,0.35,21.38969775,10.0
1.2875,0.3125,22.92057075,8.0
1.3,0.375,17.7184375,14.0
1.4125,0.3375,29.3417325,13.0
1.2,0.2875,13.90542975,10.0
1.575,0.4375,35.25260325,9.0
1.475,0.3875,27.59823825,12.0
1.45,0.3625,27.76833525,10.0
1.525,0.3625,28.689694,10.0
1.4375,0.4,27.17299575,16.0
1.3125,0.325,20.3265915,8.0
0.65,0.15,3.6003865,6.0
0.8125,0.1875,4.6209685,7.0
1.5625,0.4875,36.61337925,11.0
1.6875,0.425,39.7743485,10.0
0.8125,0.1875,4.309124,6.0
1.1875,0.2875,14.52911875,11.0
1.2,0.3375,14.628342,8.0
1.4,0.3625,21.999212,9.0
1.3375,0.4125,28.689694,15.0
1.6625,0.4625,45.7277435,11.0
0.9,0.25,6.917278,10.0
0.975,0.225,8.06543275,6.0
1.175,0.25,13.53688625,8.0
0.9375,0.2125,7.98038425,8.0
1.85,0.475,57.6345335,10.0
1.4625,0.3375,27.385617,11.0
1.6,0.4375,46.22385975,13.0
0.8625,0.2125,5.8116475,5.0
1.6375,0.525,49.384829,16.0
1.625,0.425,39.405805,9.0
1.525,0.375,32.16250775,11.0
1.5625,0.3875,29.9654215,9.0
0.7875,0.2125,4.1673765,6.0
0.7,0.175,3.6003865,6.0
1.4,0.3875,27.499015,14.0
0.875,0.225,6.53455975,8.0
1.7375,0.475,49.0871593,21.0
1.4125,0.375,27.0170735,8.0
1.575,0.4375,35.096681,11.0
1.575,0.475,37.5269705,14.0
1.1,0.275,11.41067375,9.0
1.5375,0.4,31.808139,10.0
1.475,0.3125,26.875326,10.0
1.075,0.25,10.149121,9.0
1.2875,0.35,18.24290325,10.0
0.9375,0.2375,6.98815175,6.0
1.0875,0.25,10.21999475,8.0
0.7375,0.2,3.61456125,10.0
1.1375,0.3,12.54465375,9.0
1.525,0.4125,36.967748,11.0
1.6625,0.45,44.9906565,11.0
1.3875,0.3625,24.097075,8.0
1.3,0.35,18.71067,9.0
1.3125,0.375,21.1203775,12.0
1.4,0.375,24.323871,10.0
1.425,0.4375,25.231055,8.0
1.25,0.3375,18.80989325,7.0
1.2,0.375,16.9813505,9.0
1.525,0.4125,29.8520235,15.0
1.4125,0.4,31.2694985,11.0
1.75,0.5375,57.1242425,18.0
1.725,0.45,47.513762,9.0
1.275,0.2875,16.74037975,13.0
0.9625,0.2375,7.98038425,7.0
1.5,0.425,34.5013415,10.0
1.45,0.4125,27.9242575,16.0
1.525,0.375,24.94756,11.0
1.0,0.225,9.752228,6.0
0.925,0.25,7.49844275,8.0
1.2,0.2875,14.118051,15.0
1.2625,0.35,18.78154375,8.0
1.3,0.3125,16.896302,9.0
1.4375,0.35,27.499015,11.0
1.2125,0.2875,14.571643,8.0
1.6875,0.475,37.194544,17.0
1.5625,0.3875,39.02308675,11.0
1.3,0.3,16.0741665,9.0
1.125,0.3125,12.51630425,10.0
1.3875,0.4,26.988724,13.0
1.5625,0.3875,35.81959325,14.0
1.5,0.3875,28.76056775,11.0
1.1,0.25,11.38232425,7.0
1.4375,0.4,29.1149365,9.0
1.75,0.4875,50.81647875,15.0
1.5125,0.4,29.5118295,18.0
1.0,0.2375,8.46232575,8.0
1.15,0.3,14.0330025,10.0
1.1625,0.2625,14.61416725,7.0
1.1,0.3125,12.133586,8.0
0.8,0.225,5.386405,6.0
1.3125,0.375,25.51455,9.0
1.275,0.3375,17.78931125,9.0
0.9375,0.25,7.10154975,9.0
1.5,0.35,27.499015,10.0
0.9,0.225,5.82582225,6.0
1.475,0.375,30.0221205,10.0
1.275,0.3625,21.21960075,9.0
0.6375,0.1375,2.05533875,5.0
1.375,0.3875,25.52872475,13.0
1.375,0.375,22.75047375,11.0
1.4625,0.425,31.19862475,11.0
1.625,0.425,38.7537665,13.0
1.5,0.375,29.10076175,14.0
1.5125,0.375,31.127751,10.0
1.4125,0.3625,26.23746225,11.0
1.525,0.4,25.16018125,9.0
1.725,0.5,52.219779,10.0
1.625,0.4125,34.74231225,9.0
1.0375,0.25,10.21999475,7.0
1.45,0.3625,22.01338675,8.0
1.2625,0.3125,19.09338825,15.0
0.9,0.25,5.556502,7.0
1.675,0.45,41.0784255,11.0
1.45,0.3875,28.36367475,9.0
1.5375,0.375,30.51823675,10.0
1.3125,0.35,22.15513425,9.0
1.4375,0.3,23.8986285,14.0
1.175,0.3125,12.6155275,9.0
1.0625,0.2375,9.19941275,7.0
1.3,0.275,14.75591475,8.0
0.9875,0.2625,9.412034,9.0
1.1875,0.3125,14.64251675,9.0
1.5375,0.4125,32.16250775,10.0
1.25,0.3375,14.628342,9.0
0.75,0.1875,3.515338,6.0
1.175,0.3375,16.2442635,10.0
1.5375,0.3875,31.071052,11.0
1.275,0.325,24.9192105,13.0
1.375,0.3625,21.24795025,8.0
1.25,0.375,18.49804875,12.0
1.3875,0.3375,24.9192105,14.0
0.9625,0.2875,11.5382465,7.0
1.375,0.3875,20.638436,9.0
1.375,0.3125,20.87940675,13.0
0.9375,0.2,6.08096775,6.0
1.6125,0.4125,38.48444625,9.0
1.0,0.2375,8.901743,8.0
0.9,0.2375,6.577084,6.0
1.3625,0.35,23.94115275,9.0
1.4875,0.375,31.00017825,9.0
1.35,0.425,28.91649,10.0
0.8,0.2,4.819415,7.0
1.2,0.25,15.94659375,7.0
1.4,0.375,26.64853,9.0
1.5625,0.3875,32.2900805,13.0
1.6375,0.3875,38.68289275,9.0
1.575,0.375,30.7592075,10.0
1.3625,0.35,21.035329,9.0
1.3,0.3,16.896302,8.0
1.6375,0.475,38.3001745,9.0
1.1875,0.2625,14.004653,9.0
1.375,0.35,20.87940675,11.0
1.4125,0.3875,28.689694,10.0
1.4875,0.3,19.09338825,9.0
1.175,0.25,13.53688625,7.0
1.575,0.4625,33.0271675,16.0
1.3875,0.4375,25.8830935,7.0
1.5375,0.375,33.04134225,10.0
1.1125,0.2625,11.94931425,7.0
1.6375,0.3875,38.51279575,14.0
1.575,0.4375,35.81959325,10.0
0.875,0.225,5.06038575,11.0
1.325,0.325,21.36134825,12.0
1.4875,0.35,26.365035,9.0
1.4375,0.3875,24.73493875,9.0
1.225,0.35,18.313777,10.0
0.7375,0.1875,3.64291075,6.0
1.5875,0.4,33.5374585,10.0
1.375,0.35,22.97726975,9.0
0.875,0.1875,5.6699,6.0
1.1875,0.325,16.68368075,7.0
1.55,0.4125,33.52328375,13.0
1.1125,0.2625,12.26115875,7.0
1.3625,0.375,20.19901875,9.0
0.9375,0.2375,6.066793,9.0
1.15,0.275,11.7650425,7.0
1.575,0.3625,32.07745925,9.0
0.775,0.0,3.6003865,5.0
1.075,0.275,10.886208,9.0
0.8125,0.2125,4.2807745,6.0
1.3,0.3,17.44911725,8.0
1.2625,0.325,18.29960225,10.0
0.975,0.25,10.375917,10.0
0.8875,0.225,5.06038575,7.0
1.6375,0.45,36.55668025,15.0
0.875,0.1875,6.13766675,7.0
1.4375,0.375,27.4139665,10.0
1.45,0.375,26.46425825,9.0
1.425,0.3625,27.51318975,8.0
1.2625,0.325,18.10115575,8.0
1.3625,0.3125,24.777463,9.0
1.5625,0.4625,43.2896865,10.0
0.5,0.1625,1.80019325,4.0
1.475,0.375,28.22192725,9.0
0.9875,0.225,7.1157245,7.0
1.375,0.375,23.45921125,10.0
1.6125,0.375,34.62891425,9.0
0.45,0.1,0.77961125,3.0
1.2,0.3125,15.43630275,9.0
1.425,0.3625,25.231055,10.0
1.4,0.325,19.901349,8.0
1.575,0.4375,33.89182725,9.0
1.55,0.4,32.04910975,10.0
1.3,0.375,20.31241675,13.0
1.225,0.3125,18.597272,9.0
1.0125,0.225,7.2858215,6.0
1.475,0.3625,30.8726055,9.0
0.95,0.225,7.2858215,7.0
1.5,0.375,25.33027825,8.0
1.2875,0.3125,18.3421265,9.0
1.4125,0.35,24.08290025,10.0
1.5625,0.4125,31.6096925,10.0
1.425,0.3875,26.12406425,9.0
1.5375,0.375,28.76056775,10.0
1.7375,0.4625,42.354153,10.0
1.6125,0.4375,41.65842775,9.0
1.575,0.375,32.88327175,9.0
1.5625,0.3875,34.6147395,11.0
0.7625,0.175,3.96893,6.0
1.4375,0.4125,25.16018125,10.0
1.3125,0.35,19.80212575,10.0
1.1375,0.275,13.45183775,8.0
1.225,0.3,18.72484475,8.0
0.525,0.1375,1.45999925,5.0
1.5375,0.4,30.220567,10.0
1.6875,0.45,47.10269425,11.0
1.5125,0.425,32.10580875,12.0
1.5125,0.4375,34.65726375,13.0
1.6,0.4125,37.42134,9.0
1.75,0.4625,50.8306535,11.0
1.875,0.5,58.10230025,9.0
1.4,0.3625,22.66542525,8.0
1.6125,0.425,31.2694985,13.0
1.5875,0.475,40.5681345,9.0
1.45,0.425,24.73493875,13.0
1.0625,0.25,10.44679075,6.0
1.925,0.5,72.234526,10.0
1.4125,0.35,20.184844,11.0
1.55,0.4625,35.6920205,18.0
1.5,0.425,32.89959475,10.0
1.625,0.3875,39.2640575,10.0
1.3,0.275,19.51863075,9.0
0.9875,0.225,7.98038425,7.0
0.7,0.225,3.6003865,1.0
1.4625,0.4625,28.64716975,10.0
1.3125,0.375,20.0430965,10.0
1.425,0.4125,28.5479465,15.0
1.525,0.375,36.18813675,13.0
1.3125,0.475,21.55979475,16.0
1.5625,0.375,30.43318825,9.0
1.75,0.4875,52.34735175,20.0
0.8,0.25,4.97533725,6.0
1.3125,0.3,18.24290325,14.0
1.4375,0.3625,24.6357155,13.0
1.6375,0.475,35.5786225,11.0
1.5625,0.4375,35.0116325,19.0
1.6,0.475,50.745605,11.0
0.7875,0.175,4.309124,6.0
1.6125,0.425,36.0322145,9.0
1.125,0.3125,12.54465375,8.0
1.525,0.475,27.51318975,10.0
1.4125,0.325,20.8935815,8.0
1.625,0.375,41.23434775,10.0
1.65,0.4625,45.756093,12.0
0.7,0.1875,3.67126025,6.0
1.65,0.425,44.168521,17.0
1.4875,0.3875,27.499015,11.0
1.2625,0.275,15.252031,8.0
1.6,0.475,38.55532,9.0
0.725,0.125,3.64291075,6.0
1.525,0.375,28.519597,9.0
1.5,0.375,30.277266,9.0
1.675,0.4875,38.51279575,12.0
1.525,0.4125,31.638042,12.0
0.7,0.1625,2.381358,3.0
1.45,0.3625,25.2027055,10.0
1.175,0.3625,14.5999925,15.0
1.075,0.2875,10.886208,6.0
1.4625,0.3875,28.2077525,12.0
0.475,0.1625,1.077281,3.0
1.625,0.3875,36.95357325,10.0
0.8375,0.2,5.37223025,7.0
0.875,0.225,5.6699,6.0
1.525,0.4,30.1922175,15.0
0.975,0.225,5.45727875,7.0
1.575,0.4,32.205032,11.0
1.55,0.4125,26.01066625,19.0
1.575,0.375,32.10580875,11.0
1.475,0.3375,26.2232875,8.0
1.4,0.4125,22.509503,11.0
1.3,0.3375,20.00057225,8.0
1.8,0.5,54.090846,10.0
1.5375,0.375,28.78891725,9.0
1.375,0.3875,23.133192,12.0
1.225,0.3125,17.50581625,10.0
1.5,0.4,31.581343,21.0
1.125,0.275,12.28950825,11.0
1.05,0.2875,11.77921725,7.0
0.6375,0.1125,1.77184375,3.0
1.575,0.3875,34.9549335,11.0
1.6375,0.475,50.61803225,23.0
1.0375,0.2625,10.9145575,9.0
1.375,0.35,23.700182,10.0
1.2875,0.3,14.81261375,11.0
1.0875,0.2625,11.66581925,10.0
0.825,0.2125,5.45727875,7.0
1.4125,0.375,24.42309425,10.0
1.325,0.325,17.56251525,11.0
1.45,0.3875,24.323871,7.0
1.6625,0.4125,35.36600125,12.0
1.5375,0.4125,30.4190135,13.0
0.8,0.225,5.68407475,7.0
1.2875,0.325,17.95940825,10.0
1.625,0.475,37.1094955,10.0
1.5625,0.3375,31.79396425,9.0
0.8,0.1875,4.2807745,6.0
1.2125,0.3,19.43358225,8.0
1.2875,0.3625,20.41164,15.0
1.175,0.2875,12.06271225,8.0
1.2875,0.3,16.82542825,9.0
1.025,0.225,10.73028575,7.0
0.85,0.2125,5.06038575,6.0
1.425,0.4,27.5273645,10.0
1.675,0.425,39.859397,13.0
1.4,0.4625,32.772022,12.0
1.5875,0.4375,35.81959325,9.0
1.525,0.3875,36.55668025,10.0
1.6375,0.45,36.4291075,13.0
1.25,0.3125,16.40018575,9.0
1.3875,0.3625,24.720764,11.0
1.7,0.4125,46.42230625,9.0
1.1625,0.275,14.118051,8.0
1.7,0.475,49.668324,17.0
0.75,0.2,3.92640575,6.0
1.425,0.3875,29.49765475,11.0
1.3,0.3625,25.92561775,8.0
1.475,0.375,26.308336,9.0
1.6125,0.4,36.570855,9.0
1.1125,0.275,12.99824575,9.0
1.5625,0.425,32.6869735,10.0
1.525,0.4,35.98969025,11.0
1.475,0.3375,23.24659,11.0
1.1625,0.275,11.32562525,8.0
1.175,0.3125,13.39513875,7.0
0.925,0.2375,6.42116175,7.0
1.35,0.35,18.824068,8.0
1.55,0.45,37.74735925,12.0
1.5625,0.475,36.3157095,11.0
1.25,0.3125,19.85882475,13.0
1.3,0.4,19.447757,10.0
0.9875,0.225,7.2858215,7.0
1.4125,0.375,25.33027825,12.0
1.525,0.475,30.333965,17.0
0.8875,0.2,5.5848515,6.0
1.525,0.425,32.44600275,16.0
1.4125,0.4,24.93338525,12.0
1.325,0.325,18.597272,9.0
1.45,0.3875,23.91280325,13.0
1.425,0.3625,26.988724,10.0
1.0,0.2375,8.618248,7.0
1.5125,0.4875,36.230661,16.0
1.25,0.4,17.50581625,9.0
1.45,0.375,25.27357925,15.0
1.4375,0.4,29.24250925,8.0
1.0,0.2375,7.6827145,7.0
1.575,0.4,30.674159,9.0
1.4375,0.3375,24.8625115,9.0
1.525,0.4,29.426781,12.0
0.925,0.25,6.30776375,7.0
0.975,0.2625,9.63883,6.0
1.4375,0.3875,26.43590875,15.0
1.4,0.45,29.426781,8.0
1.475,0.375,27.28639375,9.0
1.6875,0.4375,44.69298675,10.0
1.525,0.4875,32.4601775,19.0
1.3375,0.375,24.7491135,10.0
1.55,0.4125,32.13415825,9.0
1.725,0.4625,48.26502375,18.0
1.5625,0.375,36.86852475,14.0
1.45,0.3,24.153774,9.0
1.1875,0.2625,16.68368075,8.0
1.1625,0.3375,14.5999925,10.0
1.2625,0.3,18.24290325,7.0
1.3125,0.3375,20.93610575,8.0
1.3,0.3,22.1976585,8.0
1.6125,0.4625,40.78075575,16.0
1.3,0.325,19.74542675,8.0
0.925,0.225,6.30776375,7.0
1.55,0.4125,33.8776525,19.0
1.5125,0.425,35.13920525,14.0
1.65,0.5,38.5269705,13.0
1.325,0.325,22.2543575,9.0
1.5625,0.3875,33.40988575,11.0
1.025,0.2625,10.942907,8.0
1.6125,0.5,34.79901125,13.0
1.1875,0.275,12.813974,10.0
1.1875,0.275,12.587178,7.0
1.35,0.35,23.57260925,9.0
1.15,0.275,12.60135275,6.0
1.625,0.475,38.00250475,12.0
1.475,0.3375,19.57532975,10.0
1.1,0.2875,11.92096475,13.0
0.675,0.175,2.721552,5.0
0.875,0.1875,5.03203625,6.0
1.425,0.3375,24.7491135,8.0
1.525,0.4,30.900955,16.0
1.2375,0.325,16.40018575,9.0
1.25,0.325,16.42853525,14.0
1.6375,0.4625,35.4652245,20.0
1.5375,0.4375,32.2333815,11.0
1.575,0.4375,29.97959625,15.0
1.6125,0.4375,36.61337925,23.0
1.5625,0.4125,30.43318825,9.0
1.5625,0.4125,30.674159,10.0
1.625,0.475,39.405805,10.0
1.1875,0.275,13.8062065,8.0
1.375,0.35,23.530085,8.0
1.55,0.475,38.82464025,11.0
1.6875,0.4375,37.761534,11.0
1.4375,0.3375,23.48756075,9.0
1.575,0.4125,32.16250775,11.0
1.525,0.4375,34.06192425,12.0
0.925,0.2375,6.81805475,7.0
0.9625,0.2625,8.15048125,7.0
1.2,0.2625,12.43125575,8.0
1.4875,0.3625,30.06464475,10.0
1.6125,0.425,34.26037075,11.0
1.425,0.375,22.92057075,8.0
1.425,0.3875,27.54153925,11.0
1.2125,0.325,18.10115575,16.0
1.4625,0.4125,26.52095725,11.0
1.35,0.3375,19.43358225,8.0
0.775,0.1875,4.32329875,7.0
1.6,0.4125,32.772022,12.0
1.15,0.275,11.2547515,8.0
1.5625,0.4375,36.0889135,11.0
0.875,0.225,5.59902625,11.0
0.7875,0.1875,4.082328,6.0
1.3625,0.4,27.71163625,17.0
1.45,0.35,24.9192105,10.0
1.275,0.3375,21.659018,8.0
1.225,0.3,15.71979775,9.0
1.5375,0.3375,27.499015,9.0
1.3875,0.4,27.39979175,17.0
1.15,0.2625,12.3320325,8.0
1.525,0.3625,28.87396575,9.0
1.4125,0.4,27.54153925,9.0
1.0,0.25,8.8733935,7.0
1.525,0.3875,36.117263,11.0
1.025,0.2625,10.3475675,7.0
0.9625,0.2125,7.2858215,8.0
1.675,0.4375,37.32211675,10.0
1.2125,0.35,19.97222275,8.0
1.45,0.375,23.11901725,8.0
0.5875,0.1,1.3891255,4.0
1.3125,0.3375,18.58309725,9.0
1.425,0.3125,21.72989175,10.0
1.0,0.3,8.901743,10.0
1.575,0.3875,34.68561325,10.0
0.825,0.1625,4.6209685,6.0
1.4375,0.4,31.22697425,9.0
1.45,0.4125,28.5479465,15.0
1.25,0.325,16.31513725,9.0
1.325,0.4,21.58814425,15.0
1.4125,0.4875,27.00289875,19.0
1.225,0.3125,13.380964,10.0
1.3125,0.375,20.3265915,11.0
1.1625,0.275,15.15280775,8.0
1.075,0.2625,11.26892625,8.0
1.4125,0.3625,20.0997955,11.0
1.2875,0.35,21.47474625,9.0
1.1,0.325,12.68640125,11.0
1.625,0.4375,38.79629075,12.0
1.775,0.5,54.5727875,15.0
1.6375,0.4375,38.90968875,18.0
1.175,0.3,10.44679075,7.0
1.4875,0.3875,33.55163325,11.0
1.25,0.3625,15.5071765,9.0
1.25,0.3875,18.69649525,11.0
0.9625,0.225,7.144074,6.0
1.6625,0.475,39.745999,18.0
1.5,0.425,29.937072,10.0
1.2125,0.3125,15.49300175,9.0
1.65,0.5,42.51007525,17.0
1.55,0.4,34.983283,8.0
1.3,0.3125,18.4555245,9.0
1.5625,0.5,36.570855,12.0
1.1,0.25,12.37455675,7.0
1.675,0.4875,50.8306535,9.0
1.3125,0.325,19.49028125,10.0
0.925,0.2375,7.144074,7.0
1.1,0.2625,10.21999475,8.0
1.6375,0.4125,36.3157095,16.0
1.425,0.4,25.7129965,12.0
1.4625,0.4375,31.411246,13.0
1.65,0.4125,33.3106625,10.0
1.125,0.2875,15.29455525,7.0
1.725,0.55,52.43240025,11.0
1.5625,0.4375,33.55163325,12.0
1.225,0.2875,14.571643,8.0
1.55,0.425,31.5529935,17.0
1.3125,0.3375,18.540573,8.0
1.55,0.4625,29.823674,12.0
1.5,0.3875,36.967748,18.0
1.2,0.2875,16.896302,8.0
0.85,0.1875,5.31553125,7.0
1.35,0.3875,21.0069795,11.0
1.3125,0.375,22.92057075,12.0
1.2875,0.325,21.04950375,8.0
1.7625,0.4875,48.23667425,12.0
0.9625,0.275,9.4970825,8.0
1.175,0.325,16.45688475,9.0
0.9625,0.25,6.95980225,10.0
1.1,0.2625,11.49572225,6.0
1.5625,0.3375,29.756684,10.0
0.8375,0.2125,4.252425,6.0
1.5625,0.4,29.97959625,15.0
1.5375,0.4125,34.65726375,12.0
1.3125,0.325,23.5584345,14.0
1.025,0.2625,10.95708175,8.0
1.4125,0.3625,28.76056775,11.0
1.1,0.325,16.76872925,13.0
1.3,0.3125,24.56484175,17.0
1.475,0.3625,25.684647,12.0
1.85,0.4875,62.652395,24.0
1.3625,0.3875,21.50309575,10.0
1.425,0.4125,25.51455,8.0
1.0625,0.25,9.4970825,7.0
1.5875,0.4375,34.699788,11.0
1.3,0.3125,17.463292,9.0
1.3625,0.35,26.932025,17.0
1.575,0.4875,31.808139,12.0
1.25,0.325,18.030282,7.0
0.5625,0.125,1.31825175,6.0
1.6125,0.3875,35.777069,9.0
1.5125,0.425,37.0527965,17.0
1.5,0.3875,32.2333815,11.0
1.3125,0.325,21.38969775,9.0
1.45,0.3125,26.1098895,8.0
1.5125,0.4375,34.7848365,13.0
1.45,0.3375,24.6357155,9.0
1.675,0.4125,32.4601775,9.0
1.225,0.3125,14.7133905,11.0
1.2125,0.3375,11.55242125,8.0
1.5625,0.4625,38.00250475,15.0
1.45,0.375,24.834162,8.0
1.575,0.4125,40.83745475,13.0
1.5,0.3625,26.7902775,12.0
1.25,0.325,15.66309875,7.0
1.3375,0.4,20.5533875,12.0
1.7375,0.5125,44.8772585,19.0
1.325,0.3875,22.11261,11.0
1.55,0.425,31.6096925,11.0
1.65,0.425,45.25997675,10.0
1.375,0.35,21.0636785,10.0
1.05,0.2625,9.8939755,8.0
1.5125,0.35,27.99513125,9.0
1.775,0.4875,44.8772585,10.0
1.3,0.3375,20.28406725,10.0
0.6,0.1375,1.99863975,6.0
1.5125,0.35,31.18445,8.0
1.1,0.3125,12.68640125,7.0
1.45,0.4,27.499015,12.0
1.25,0.3125,15.4504775,7.0
0.95,0.2625,7.55514175,10.0
0.9875,0.225,6.30776375,6.0
0.2625,0.05,0.41106775,4.0
1.2875,0.3125,17.22232125,13.0
1.2,0.3375,24.84833675,17.0
1.375,0.4,22.92057075,11.0
1.6875,0.375,37.1094955,11.0
1.4375,0.375,26.818627,20.0
1.1,0.275,12.0485375,8.0
0.85,0.2,5.06038575,7.0
1.25,0.35,20.921931,15.0
1.45,0.375,32.205032,13.0
1.4,0.3375,23.88445375,9.0
1.6,0.4375,36.457457,8.0
1.45,0.375,24.777463,8.0
1.0625,0.275,11.94931425,8.0
0.9375,0.225,6.180191,6.0
1.5625,0.4125,33.40988575,13.0
1.625,0.4125,35.210079,11.0
1.325,0.35,19.4761065,9.0
0.9,0.225,5.31553125,6.0
1.15,0.275,10.886208,8.0
1.5125,0.425,29.32755775,23.0
1.55,0.4125,35.98969025,16.0
1.65,0.4875,47.95317925,11.0
1.5375,0.4125,27.612413,12.0
1.425,0.4625,25.61377325,9.0
1.575,0.3875,35.62114675,13.0
0.9125,0.225,6.577084,7.0
1.1375,0.2875,10.2341695,8.0
0.7,0.2,3.515338,6.0
1.2875,0.325,18.71067,9.0
1.0875,0.275,12.68640125,9.0
1.625,0.4375,40.07201825,12.0
0.925,0.2375,6.27941425,7.0
0.875,0.225,5.5281525,5.0
1.5,0.375,29.21415975,13.0
1.425,0.35,27.952607,8.0
1.4375,0.3875,24.38057,10.0
1.5,0.4,34.62891425,22.0
1.725,0.475,53.6089045,11.0
1.5,0.4,33.12639075,17.0
1.6125,0.45,36.7126025,10.0
1.55,0.425,32.4601775,10.0
1.375,0.35,27.71163625,8.0
1.525,0.4,32.205032,9.0
0.9375,0.2625,7.75358825,11.0
1.525,0.3875,29.1149365,10.0
1.6125,0.4625,39.70347475,15.0
1.5875,0.4125,39.179009,15.0
1.225,0.3375,16.839603,13.0
1.525,0.425,30.957654,15.0
1.35,0.325,21.38969775,8.0
0.875,0.25,7.18659825,6.0
1.5,0.4125,27.499015,15.0
1.525,0.4,32.545226,10.0
1.3,0.3375,17.9452335,9.0
0.65,0.15,2.721552,4.0
1.3875,0.4125,26.194938,11.0
0.9875,0.25,8.901743,7.0
1.4,0.3625,24.76328825,9.0
1.175,0.2875,10.999606,7.0
1.4375,0.4125,22.4244545,9.0
0.825,0.2,4.80524025,6.0
1.4125,0.4,24.6357155,9.0
1.575,0.4375,37.32211675,18.0
1.3625,0.3625,21.72989175,10.0
1.4375,0.375,30.107169,8.0
1.5875,0.4,31.638042,9.0
0.725,0.1875,3.04757125,5.0
0.9125,0.2,5.23048275,11.0
0.975,0.2375,7.1157245,7.0
0.925,0.2875,7.654365,6.0
1.3625,0.35,23.11901725,11.0
1.4,0.3375,23.700182,9.0
0.8,0.175,4.195726,7.0
1.5375,0.375,35.8621175,9.0
1.4875,0.35,27.895908,9.0
1.2,0.3,14.628342,8.0
1.2,0.35,16.726205,8.0
1.35,0.3375,23.43086175,12.0
0.85,0.2,5.71242425,6.0
1.55,0.425,33.40988575,10.0
1.3125,0.3125,18.29960225,7.0
0.9625,0.225,8.46232575,7.0
1.6625,0.4,41.23434775,12.0
1.6,0.4875,32.81454625,15.0
1.425,0.3375,22.80717275,10.0
1.15,0.2875,11.77921725,7.0
0.9,0.2125,5.556502,8.0
1.3125,0.3625,20.11397025,9.0
1.375,0.4,19.85882475,23.0
0.9125,0.2375,6.08096775,6.0
1.25,0.3125,15.7339725,8.0
1.1625,0.2625,13.22504175,8.0
1.575,0.3875,31.31202275,9.0
0.525,0.15,1.13398,4.0
1.1125,0.3125,10.95708175,9.0
1.4375,0.325,22.1409595,11.0
1.025,0.2375,8.77417025,7.0
1.5625,0.3875,31.62386725,11.0
1.4875,0.4125,28.292801,8.0
1.5625,0.4375,33.40988575,11.0
1.5125,0.4,29.993771,10.0
1.475,0.3875,29.18581025,16.0
1.5625,0.4375,35.98969025,10.0
1.3625,0.3,16.42853525,9.0
1.3125,0.325,21.58814425,10.0
1.1,0.275,10.64523725,7.0
0.775,0.1875,3.6003865,7.0
1.6,0.475,37.874932,12.0
1.6,0.4875,51.24172125,20.0
1.4,0.35,22.6796,11.0
1.425,0.425,25.0326085,10.0
1.0375,0.2375,9.25611175,7.0
1.3375,0.3875,21.27629975,18.0
0.725,0.1625,3.16096925,3.0
1.3625,0.35,21.0069795,10.0
1.575,0.4,35.25260325,14.0
1.7,0.475,53.99162275,16.0
1.275,0.3375,17.90270925,9.0
1.5375,0.4,30.46153775,10.0
1.4375,0.3375,28.02348075,9.0
1.2375,0.3125,18.313777,8.0
0.9625,0.2,7.994559,8.0
1.3,0.325,20.41164,10.0
1.575,0.4375,34.62891425,15.0
1.5,0.4,36.1456125,18.0
1.025,0.275,10.4042665,6.0
0.45,0.1125,0.8221355,4.0
1.5625,0.425,39.859397,10.0
1.225,0.3,16.25843825,9.0
1.5,0.4,26.988724,11.0
0.825,0.2125,5.273007,6.0
1.3125,0.3125,18.030282,8.0
1.6,0.4125,31.53881875,9.0
0.75,0.175,3.72795925,6.0
1.3125,0.35,21.375523,10.0
1.1875,0.2875,14.67086625,8.0
1.45,0.3375,23.019794,9.0
1.575,0.4125,37.74735925,12.0
0.875,0.2875,6.1518415,6.0
1.45,0.35,28.4345485,9.0
1.525,0.4125,27.8675585,9.0
1.475,0.35,28.91649,12.0
1.6,0.4375,37.9032815,20.0
1.425,0.3625,26.46425825,10.0
1.4125,0.3875,23.85610425,16.0
1.4125,0.4,21.885814,12.0
1.4125,0.4125,28.5479465,9.0
1.525,0.4,31.978236,11.0
1.25,0.3,18.24290325,9.0
1.6125,0.425,38.82464025,9.0
1.3,0.3125,17.95940825,8.0
1.5625,0.3875,34.06192425,9.0
1.425,0.3375,23.85610425,9.0
1.375,0.375,24.4656185,9.0
0.6875,0.175,3.61456125,5.0
1.175,0.3,12.99824575,7.0
1.475,0.4125,30.0221205,15.0
1.675,0.425,36.4291075,10.0
1.575,0.4125,36.38658325,12.0
1.575,0.4125,32.98464325,11.0
1.1875,0.325,15.77649675,9.0
1.5375,0.4625,31.1561005,11.0
1.5875,0.375,30.34813975,13.0
1.55,0.35,28.519597,9.0
1.2375,0.3,14.41572075,7.0
1.4375,0.35,25.51455,10.0
1.5875,0.4375,36.38658325,10.0
1.3,0.4375,24.777463,12.0
0.7125,0.1875,3.005047,5.0
1.55,0.4,30.0221205,10.0
1.525,0.4375,30.06464475,13.0
1.375,0.325,22.0275615,11.0
1.15,0.2625,14.118051,8.0
1.6875,0.4375,43.02036625,10.0
1.375,0.3375,24.7491135,11.0
1.525,0.4125,31.6096925,14.0
1.0,0.2875,8.4198015,14.0
1.4125,0.375,26.7335785,9.0
0.7375,0.2,3.4302895,5.0
1.5375,0.375,32.16250775,9.0
1.0625,0.275,10.432616,8.0
1.5125,0.425,32.339012,8.0
1.25,0.35,22.15513425,12.0
1.0875,0.2875,10.999606,7.0
1.5125,0.4125,33.04134225,9.0
0.9125,0.25,7.95203475,6.0
1.6375,0.4125,38.76794125,14.0
1.225,0.3125,15.2236815,8.0
1.575,0.375,32.4601775,9.0
1.6375,0.5125,38.90968875,12.0
1.5,0.4125,25.95396725,9.0
1.4125,0.3625,29.15746075,15.0
1.5375,0.4125,37.74735925,22.0
1.2625,0.3,15.2236815,8.0
1.525,0.425,31.25532375,13.0
1.75,0.5375,54.941331,14.0
1.1,0.25,11.35397475,8.0
1.425,0.375,20.87940675,12.0
1.075,0.3,9.525432,8.0
1.2625,0.3625,16.85377775,15.0
1.45,0.4125,33.89182725,19.0
1.4875,0.375,29.49765475,8.0
1.625,0.45,35.4652245,11.0
1.2625,0.3875,19.09338825,9.0
0.9125,0.2125,5.556502,9.0
1.0,0.2625,8.32057825,8.0
1.625,0.4,36.117263,11.0
0.875,0.225,5.82582225,6.0
1.0875,0.275,10.81533425,9.0
1.1,0.2625,10.41844125,8.0
1.475,0.4625,27.0737725,11.0
0.675,0.15,2.48058125,5.0
1.5,0.4,30.6458095,10.0
1.4,0.3625,26.64853,9.0
1.2375,0.35,17.08057375,11.0
1.5125,0.3375,27.11629675,11.0
1.2875,0.3125,15.3937785,6.0
1.25,0.3375,15.26620575,8.0
1.3375,0.375,22.736299,12.0
1.3,0.3375,22.1409595,10.0
0.875,0.2125,5.556502,6.0
1.5375,0.4375,31.62386725,15.0
1.2625,0.35,21.58814425,8.0
1.025,0.25,7.98038425,14.0
1.35,0.325,24.73493875,8.0
1.675,0.4,32.58775025,9.0
0.4625,0.1,0.9355335,4.0
1.45,0.3625,26.80445225,9.0
1.425,0.375,24.7491135,10.0
0.9375,0.2125,5.6982495,7.0
1.7125,0.475,43.1195895,13.0
1.4375,0.375,22.2543575,11.0
1.2875,0.3,17.84601025,10.0
1.425,0.35,24.79163775,9.0
1.4375,0.35,23.85610425,10.0
1.0625,0.275,10.75863525,8.0
1.6125,0.4125,34.23202125,9.0
1.375,0.3625,24.79163775,19.0
0.9,0.2,5.06038575,6.0
1.4875,0.375,35.22425375,17.0
1.625,0.4375,45.982889,17.0
1.6,0.375,31.18445,10.0
1.1625,0.3,12.47378,7.0
1.5625,0.3875,35.5786225,10.0
1.6375,0.4,42.297454,14.0
1.575,0.4625,32.31843,11.0
1.4875,0.4,30.05047,11.0
1.5875,0.45,32.205032,8.0
1.225,0.325,15.195332,9.0
1.575,0.3875,35.11085575,9.0
1.1875,0.3125,13.53688625,9.0
1.4125,0.375,24.16794875,12.0
1.0,0.2375,7.9662095,8.0
0.9875,0.2625,8.71747125,8.0
1.3125,0.3625,22.01338675,10.0
1.375,0.3625,21.772416,11.0
1.5875,0.4125,33.92017675,10.0
1.325,0.3375,22.4244545,10.0
1.525,0.4,32.2333815,9.0
1.4375,0.425,27.8675585,10.0
1.4,0.35,23.6151335,9.0
1.6375,0.425,38.51279575,11.0
1.5625,0.425,33.55163325,11.0
1.175,0.3375,17.4349425,10.0
1.775,0.45,47.18774275,17.0
1.725,0.4125,36.32988425,11.0
1.5375,0.3875,32.16250775,10.0
1.35,0.3875,21.27629975,9.0
1.725,0.4875,48.931237,20.0
1.45,0.3625,25.51455,11.0
1.125,0.2625,10.64523725,8.0
1.2125,0.35,18.14368,8.0
0.775,0.1875,3.96893,6.0
1.625,0.4125,32.205032,14.0
1.125,0.325,12.303683,7.0
1.2125,0.2875,13.0691195,8.0
1.175,0.275,12.99824575,8.0
1.7,0.4875,51.27007075,10.0
1.575,0.475,39.405805,11.0
1.125,0.3125,13.93377925,7.0
1.4,0.3375,26.3933845,9.0
1.45,0.425,24.56484175,16.0
1.4125,0.3875,30.43318825,9.0
0.8,0.225,4.6209685,6.0
1.3625,0.3375,24.3161035,9.0
1.5625,0.4125,36.27318525,17.0
1.4875,0.3875,29.596878,13.0
1.4125,0.3625,22.55202725,10.0
1.4875,0.3625,29.48348,11.0
1.3125,0.35,19.050864,7.0
1.6375,0.475,41.00755175,11.0
1.1625,0.2625,13.53688625,9.0
1.4625,0.375,26.94619975,9.0
1.4875,0.3625,28.02348075,14.0
0.475,0.075,0.510291,3.0
1.5875,0.4125,40.266784,11.0
0.8375,0.225,5.443104,7.0
0.9125,0.225,6.30776375,6.0
1.125,0.2875,12.6722265,7.0
1.525,0.4,30.8159065,14.0
1.25,0.3,16.9246515,8.0
1.4375,0.3625,25.51455,10.0
1.5,0.475,38.42774725,15.0
1.1,0.2875,12.74310025,11.0
0.775,0.1875,4.2807745,7.0
1.4375,0.4,29.993771,12.0
1.3625,0.325,22.963095,9.0
1.525,0.375,29.3417325,8.0
1.2,0.35,16.68368075,10.0
1.325,0.35,24.0687255,14.0
1.45,0.4,31.127751,18.0
1.4625,0.425,28.81726675,15.0
1.125,0.275,12.74310025,8.0
1.4375,0.375,26.69105425,10.0
1.4125,0.4,25.9397925,15.0
0.725,0.1625,3.01922175,7.0
1.55,0.45,31.18445,10.0
1.3,0.375,24.50814275,13.0
1.2625,0.275,14.81261375,8.0
1.4625,0.375,32.04910975,11.0
0.9625,0.2125,6.33611325,6.0
1.4125,0.325,22.66542525,8.0
1.5125,0.45,33.92017675,10.0
1.25,0.3625,21.8007655,9.0
1.3875,0.3125,21.1203775,10.0
1.3125,0.35,18.597272,8.0
1.5375,0.3875,31.581343,10.0
0.8125,0.1875,3.92640575,10.0
1.3625,0.35,19.447757,9.0
0.75,0.1625,3.6003865,5.0
1.175,0.3125,16.71203025,9.0
1.2625,0.3125,14.8834875,8.0
0.725,0.1875,3.005047,6.0
1.325,0.4,25.3161035,15.0
1.525,0.4,31.014353,18.0
1.5625,0.375,33.12639075,9.0
1.6125,0.4,32.034935,11.0
1.6125,0.45,36.32988425,10.0
0.725,0.2,3.6003865,6.0
1.5875,0.375,37.0527965,9.0
0.9875,0.275,8.1930055,7.0
0.7,0.2125,3.3168915,7.0
1.6,0.4625,46.13881125,10.0
1.1375,0.3125,13.87708025,9.0
1.5,0.3875,29.1149365,8.0
1.1,0.3,13.96212875,8.0
1.2125,0.325,16.9813505,8.0
1.5875,0.4375,38.71124225,10.0
1.7,0.3875,46.13881125,11.0
1.525,0.4375,39.3774555,10.0
1.0875,0.2375,9.28446125,6.0
1.5875,0.4,34.5580405,10.0
1.625,0.4375,39.2073585,12.0
1.525,0.375,31.70891575,13.0
1.1,0.3125,12.2753335,8.0
1.2375,0.375,20.25571775,7.0
1.4375,0.3625,22.736299,8.0
1.5375,0.425,31.75144,12.0
1.025,0.25,9.4970825,8.0
1.2625,0.3125,14.004653,9.0
1.675,0.5,41.4753185,12.0
1.5375,0.4375,34.7848365,13.0
1.3125,0.3125,22.55202725,9.0
1.5,0.375,28.02348075,10.0
1.5625,0.4375,32.7436725,16.0
1.3375,0.375,22.5945515,9.0
1.8,0.5,50.745605,12.0
0.5625,0.1625,1.644271,4.0
1.6125,0.4625,38.42774725,11.0
1.3625,0.375,18.1153305,8.0
1.4,0.375,25.7129965,10.0
1.3375,0.4,22.1976585,9.0
1.45,0.375,24.13959925,9.0
1.3125,0.4125,26.01066625,10.0
1.5625,0.425,34.2178465,19.0
1.5875,0.5,37.52056325,13.0
1.025,0.2625,9.73805325,6.0
1.0875,0.275,9.4970825,7.0
1.2,0.2875,12.74310025,7.0
1.175,0.3,15.37960375,9.0
1.525,0.3625,35.2384285,11.0
1.5625,0.475,35.02580725,14.0
1.375,0.3875,22.92057075,10.0
1.65,0.45,40.78075575,12.0
1.5,0.4125,32.772022,14.0
1.625,0.3875,34.8415355,9.0
1.8125,0.45,47.400364,11.0
0.675,0.1625,2.721552,5.0
1.4875,0.375,26.08154,9.0
1.6375,0.425,38.82464025,9.0
1.4125,0.35,26.01066625,12.0
1.35,0.3875,21.64484325,11.0
0.85,0.225,5.5848515,6.0
1.475,0.4,29.3417325,15.0
1.5625,0.4375,25.69882175,9.0
0.9875,0.2625,8.17883075,8.0
1.55,0.3875,32.02076025,11.0
1.5125,0.375,32.431828,13.0
1.0,0.25,8.958442,7.0
1.225,0.3125,15.43630275,7.0
0.875,0.2375,5.88252125,7.0
1.475,0.3875,25.51455,10.0
1.2875,0.3125,16.3576615,8.0
1.6125,0.4875,37.3929905,16.0
0.9625,0.225,5.3013565,6.0
1.325,0.475,27.895908,17.0
1.475,0.3625,23.51591025,9.0
1.1,0.2875,13.380964,7.0
1.5625,0.3875,40.653183,9.0
1.5,0.3875,25.798045,9.0
1.775,0.5,42.22930075,14.0
1.05,0.2375,10.886208,6.0
1.4125,0.375,25.344453,10.0
1.4375,0.4,24.08290025,8.0
1.125,0.2625,13.60776,7.0
1.5875,0.375,38.82464025,10.0
1.25,0.3,18.21455375,10.0
1.525,0.4,34.6147395,11.0
1.625,0.5125,33.5941575,16.0
1.575,0.4375,38.782116,10.0
1.65,0.475,34.45881725,11.0
1.0,0.25,9.39785925,7.0
1.35,0.3375,21.659018,10.0
1.5375,0.4875,35.19590425,13.0
1.375,0.3625,24.097075,14.0
1.65,0.425,41.8722115,11.0
1.3,0.4375,19.504456,12.0
1.5625,0.425,34.699788,11.0
0.925,0.2125,7.21494775,6.0
1.25,0.35,17.78931125,10.0
1.6125,0.4,36.2023115,9.0
1.1625,0.275,15.83319575,7.0
1.5625,0.4375,31.19862475,17.0
1.575,0.4125,37.0527965,12.0
1.6125,0.4125,38.85298975,18.0
1.2875,0.3125,16.5277585,9.0
1.5875,0.425,36.4291075,9.0
1.325,0.325,18.01610725,18.0
1.6375,0.4125,35.47939925,12.0
1.4125,0.3375,23.81358,10.0
1.25,0.35,17.36406875,8.0
0.7875,0.2,3.64291075,6.0
1.525,0.425,32.16250775,10.0
1.2125,0.3,16.68368075,13.0
1.4125,0.3875,26.1665885,10.0
1.5625,0.475,31.1561005,10.0
1.1625,0.3125,13.777857,12.0
1.3,0.3,17.7184375,9.0
1.3,0.4125,22.0275615,10.0
1.1125,0.2875,12.813974,10.0
1.3625,0.3125,21.1203775,9.0
1.55,0.4625,33.29648775,12.0
1.675,0.45,44.04094825,9.0
0.8625,0.25,7.44174375,7.0
1.6875,0.45,41.23434775,9.0
1.525,0.3875,30.63163475,10.0
1.5375,0.375,32.92794425,11.0
1.525,0.375,28.8314415,8.0
1.7375,0.425,43.02036625,14.0
1.5375,0.4125,29.41260625,10.0
1.275,0.3,16.40018575,9.0
0.65,0.175,3.3168915,6.0
1.15,0.3375,12.54465375,8.0
0.8375,0.2,6.406987,6.0
1.075,0.25,10.1774705,7.0
1.5375,0.4,32.36095425,9.0
1.2375,0.3125,14.16057525,9.0
0.4625,0.1125,0.83631025,4.0
1.0125,0.2375,8.901743,7.0
1.4375,0.375,25.86891875,13.0
0.6875,0.1625,3.38776525,9.0
1.45,0.45,33.40988575,18.0
0.925,0.25,6.30776375,7.0
1.45,0.3125,24.87668625,8.0
0.9375,0.25,8.17883075,9.0
1.375,0.3875,25.3728025,10.0
1.1,0.2875,12.54465375,6.0
1.5875,0.4625,36.7693015,12.0
1.0625,0.225,9.19941275,10.0
1.0625,0.25,11.58077075,8.0
1.3,0.35,17.08057375,10.0
1.5,0.3875,30.51823675,8.0
1.5625,0.375,31.3261975,9.0
1.575,0.4125,34.5013415,10.0
1.45,0.375,26.23746225,8.0
0.75,0.175,3.04757125,5.0
1.475,0.375,32.715323,9.0
1.475,0.4,26.308336,12.0
1.4125,0.4,25.92561775,10.0
1.5875,0.4625,40.83745475,17.0
1.575,0.4,31.51046925,12.0
1.7,0.4375,47.003471,10.0
0.8,0.2,5.783298,7.0
1.425,0.325,22.8213475,9.0
1.1375,0.3125,12.587178,8.0
1.4125,0.375,22.75047375,15.0
1.6,0.4625,37.42134,13.0
1.5125,0.475,33.40988575,11.0
1.4125,0.3625,28.90231525,19.0
1.575,0.3375,31.6096925,9.0
1.5625,0.375,36.117263,11.0
1.1625,0.3,14.69921575,9.0
1.3125,0.3,18.71067,7.0
1.3375,0.325,19.85882475,9.0
1.525,0.425,36.61337925,10.0
0.9375,0.2375,6.30776375,7.0
1.5625,0.4125,35.096681,9.0
0.7,0.175,2.99087225,6.0
1.3875,0.3625,27.71163625,10.0
1.1125,0.3125,12.26115875,8.0
1.15,0.275,12.5021295,6.0
1.1625,0.275,14.1464005,7.0
1.25,0.325,18.1153305,8.0
1.4875,0.375,28.4912475,10.0
1.6625,0.4375,38.71124225,12.0
1.2375,0.3,15.5071765,10.0
1.375,0.4125,22.169309,13.0
1.65,0.4625,40.83745475,11.0
1.1125,0.275,12.94154675,7.0
1.5625,0.375,33.12639075,9.0
1.55,0.375,32.545226,17.0
1.225,0.375,17.46193175,9.0
1.7,0.4375,42.51007525,18.0
1.625,0.475,39.405805,16.0
1.5125,0.3375,27.612413,10.0
1.5125,0.375,34.74231225,13.0
1.45,0.375,26.40755925,9.0
1.15,0.2625,14.5999925,10.0
1.0125,0.25,7.81028725,8.0
1.25,0.3125,18.27125275,8.0
1.45,0.35,23.85610425,13.0
1.6,0.475,35.6920205,13.0
1.175,0.3125,13.0124205,8.0
1.5375,0.425,32.034935,10.0
1.625,0.475,39.2073585,12.0
1.6,0.5625,50.121916,18.0
1.3,0.35,19.050864,8.0
1.5,0.4,36.04638925,10.0
1.1875,0.375,18.653971,8.0
1.5625,0.3625,30.29144075,11.0
1.075,0.25,9.68135425,8.0
1.675,0.45,39.22153325,9.0
1.3125,0.35,19.1926115,8.0
1.2125,0.2125,14.628342,7.0
1.35,0.3375,21.9708625,9.0
1.175,0.3,14.50076925,8.0
1.15,0.275,10.375917,7.0
1.525,0.425,36.85435,14.0
1.525,0.4,32.4601775,9.0
1.25,0.325,16.34348675,10.0
1.025,0.25,10.30504325,7.0
1.625,0.4,38.612019,11.0
1.3,0.4,29.1716355,9.0
1.075,0.25,10.9145575,9.0
1.525,0.425,34.79901125,19.0
1.6125,0.4375,41.23434775,13.0
1.375,0.35,24.79163775,8.0
1.6875,0.475,47.513762,21.0
1.225,0.3375,20.19901875,9.0
1.225,0.3625,20.31241675,10.0
1.1,0.3125,12.34620725,8.0
0.5125,0.125,1.304077,4.0
1.8,0.5375,60.6962795,14.0
1.1375,0.3125,13.02659525,8.0
0.725,0.1625,2.721552,6.0
1.175,0.3875,16.51358375,9.0
1.5,0.4375,32.998818,13.0
1.4875,0.35,24.720764,9.0
1.675,0.45,41.23434775,12.0
1.4125,0.3875,28.0943545,9.0
1.3,0.3,15.2236815,9.0
1.45,0.3625,22.4244545,10.0
1.5375,0.4,35.096681,10.0
1.5625,0.4125,38.612019,11.0
1.55,0.4375,35.9755155,11.0
1.3875,0.325,22.849697,9.0
1.2,0.3,15.71979775,8.0
0.9625,0.225,7.2858215,7.0
1.5375,0.4125,33.6508565,16.0
0.5625,0.175,1.54504775,5.0
0.8375,0.225,5.783298,8.0
1.2125,0.3,14.81261375,7.0
0.7125,0.1875,3.005047,5.0
0.7875,0.2,4.49339575,6.0
0.925,0.2,6.917278,7.0
1.25,0.35,17.293195,8.0
1.3875,0.4,24.36639525,9.0
1.1625,0.2625,14.61416725,6.0
1.175,0.3125,13.53688625,9.0
1.65,0.4125,40.78075575,10.0
1.4125,0.35,27.839209,8.0
1.4875,0.3875,27.22969475,9.0
0.95,0.25,7.314171,14.0
1.0,0.3,11.89261525,7.0
1.35,0.375,24.87668625,6.0
